id,path,width,height,stratum_id,class_ids,hash,split,yolo_image,boxes
crazing_1,/content/steel_defect_project/raw/NEU-DET/IMAGES/crazing_1.jpg,200,200,0,[0],0bf84eb586f60534731e30e4c9f48ed2cba9b6459d40cb3371ab36fa990cb0df,train,/content/steel_defect_project/dataset/split_0743b20802d2/images/train/crazing_1.jpg,1
crazing_10,/content/steel_defect_project/raw/NEU-DET/IMAGES/crazing_10.jpg,200,200,0,[0],b9cda9c6bfe33f00869be32e9d83bab86c0b5ca839390fcd559d330c6cc598a8,train,/content/steel_defect_project/dataset/split_0743b20802d2/images/train/crazing_10.jpg,2
crazing_100,/content/steel_defect_project/raw/NEU-DET/IMAGES/crazing_100.jpg,200,200,0,[0],af627c26220b8b34e32e3eabbbbbffd6312db35039a5b6488da4321c5d9b2ba6,train,/content/steel_defect_project/dataset/split_0743b20802d2/images/train/crazing_100.jpg,4
crazing_101,/content/steel_defect_project/raw/NEU-DET/IMAGES/crazing_101.jpg,200,200,0,[0],6f5daea006ff51d64c51f9d74d67e3f3e62a5363efd2b83244eebabd17f08bfa,test,/content/steel_defect_project/dataset/split_0743b20802d2/images/test/crazing_101.jpg,1
crazing_102,/content/steel_defect_project/raw/NEU-DET/IMAGES/crazing_102.jpg,200,200,0,[0],9dee228e2425b81d0a2e341fa2c2776b79e6ffc72e01b29e46f3ade025424132,train,/content/steel_defect_project/dataset/split_0743b20802d2/images/train/crazing_102.jpg,2
crazing_103,/content/steel_defect_project/raw/NEU-DET/IMAGES/crazing_103.jpg,200,200,0,[0],8c12d937daaacd68c392123dd554d4ada211bf384681719a806c427cc593464f,train,/content/steel_defect_project/dataset/split_0743b20802d2/images/train/crazing_103.jpg,3
crazing_104,/content/steel_defect_project/raw/NEU-DET/IMAGES/crazing_104.jpg,200,200,0,"[0, 2]",85d48fc8d8e2e6f04dfda72bc1e3cd28c7091e3549f8ed976583ce94836375af,train,/content/steel_defect_project/dataset/split_0743b20802d2/images/train/crazing_104.jpg,4
crazing_105,/content/steel_defect_project/raw/NEU-DET/IMAGES/crazing_105.jpg,200,200,0,"[0, 1]",adcd2a24fb3268ca24773bd6a974884886ed4e5b32cd9292057c8e4663691bd9,train,/content/steel_defect_project/dataset/split_0743b20802d2/images/train/crazing_105.jpg,4
crazing_106,/content/steel_defect_project/raw/NEU-DET/IMAGES/crazing_106.jpg,200,200,0,[0],b3d23be6557bc34715d7c19e0ceabdb55ef3f93de56c5d003803ca4cda7de818,train,/content/steel_defect_project/dataset/split_0743b20802d2/images/train/crazing_106.jpg,3
crazing_107,/content/steel_defect_project/raw/NEU-DET/IMAGES/crazing_107.jpg,200,200,0,[0],7523ab39fea73b3924710c797c424028c3d01f61dd9a93853e7844141af32f55,train,/content/steel_defect_project/dataset/split_0743b20802d2/images/train/crazing_107.jpg,3
crazing_108,/content/steel_defect_project/raw/NEU-DET/IMAGES/crazing_108.jpg,200,200,0,[0],457b7995d78d53f8279c4fae64287eb428ad80e22d61420c9f7b9c78dc352db0,train,/content/steel_defect_project/dataset/split_0743b20802d2/images/train/crazing_108.jpg,2
crazing_109,/content/steel_defect_project/raw/NEU-DET/IMAGES/crazing_109.jpg,200,200,0,[0],006d9a4c26655819726c2dba8cf7a18f3ed50c064955ebac5bc7cc96aa1a1df1,val,/content/steel_defect_project/dataset/split_0743b20802d2/images/val/crazing_109.jpg,3
crazing_11,/content/steel_defect_project/raw/NEU-DET/IMAGES/crazing_11.jpg,200,200,0,[0],a0e8bec0444a72ced531f94c1edf9deb7bffcdf9af2ca24ad560475330e8ae8f,test,/content/steel_defect_project/dataset/split_0743b20802d2/images/test/crazing_11.jpg,3
crazing_110,/content/steel_defect_project/raw/NEU-DET/IMAGES/crazing_110.jpg,200,200,0,[0],3e73fb7be25b59780e096037eb9a302cb7161a9140b45044a115a2d9ac6a6ed9,test,/content/steel_defect_project/dataset/split_0743b20802d2/images/test/crazing_110.jpg,2
crazing_111,/content/steel_defect_project/raw/NEU-DET/IMAGES/crazing_111.jpg,200,200,0,[0],aed041690c7fdabcefa965e71e4ace72e7d71efce6564fe8190e0d3ad8386c6f,train,/content/steel_defect_project/dataset/split_0743b20802d2/images/train/crazing_111.jpg,2
crazing_112,/content/steel_defect_project/raw/NEU-DET/IMAGES/crazing_112.jpg,200,200,0,"[0, 2]",a51bca207ff128263f7adabd2d7b77a669b11a917a36a254f92f6ccf005820ce,test,/content/steel_defect_project/dataset/split_0743b20802d2/images/test/crazing_112.jpg,3
crazing_113,/content/steel_defect_project/raw/NEU-DET/IMAGES/crazing_113.jpg,200,200,0,[0],a11697a49dd508aa84f628a6ee46589aa82ee4fdda74fab53629bb90aaa3c266,test,/content/steel_defect_project/dataset/split_0743b20802d2/images/test/crazing_113.jpg,2
crazing_114,/content/steel_defect_project/raw/NEU-DET/IMAGES/crazing_114.jpg,200,200,0,[0],dd2d8054cb970e3d1dd6e402d6e409cf705d6b946bbe84af487e192494dee77f,val,/content/steel_defect_project/dataset/split_0743b20802d2/images/val/crazing_114.jpg,3
crazing_115,/content/steel_defect_project/raw/NEU-DET/IMAGES/crazing_115.jpg,200,200,0,[0],04de525afa7468e2bbd42cdc6f605156b5b62d512bb9c355fcc581f9f2b4418b,val,/content/steel_defect_project/dataset/split_0743b20802d2/images/val/crazing_115.jpg,3
crazing_116,/content/steel_defect_project/raw/NEU-DET/IMAGES/crazing_116.jpg,200,200,0,[0],27c92c08d614a7dc4ec47b5d842bc1fb068a96ad699c45cb26c40f3d330f9087,train,/content/steel_defect_project/dataset/split_0743b20802d2/images/train/crazing_116.jpg,2
crazing_117,/content/steel_defect_project/raw/NEU-DET/IMAGES/crazing_117.jpg,200,200,0,[0],45a746c9cdd9f1ba6442d93318374d01e94fe6c20c32d908d04991f51378b291,val,/content/steel_defect_project/dataset/split_0743b20802d2/images/val/crazing_117.jpg,2
crazing_118,/content/steel_defect_project/raw/NEU-DET/IMAGES/crazing_118.jpg,200,200,0,[0],f0db20b9cc9915e32042b4bc590d4cc1405564c0fc86fbe1a7b99b803a750611,train,/content/steel_defect_project/dataset/split_0743b20802d2/images/train/crazing_118.jpg,4
crazing_119,/content/steel_defect_project/raw/NEU-DET/IMAGES/crazing_119.jpg,200,200,0,[0],f1fe2bb2b62c73b7fd13ffa451b9b6a58046257d684c207c145cbb2ff30019a6,test,/content/steel_defect_project/dataset/split_0743b20802d2/images/test/crazing_119.jpg,4
crazing_12,/content/steel_defect_project/raw/NEU-DET/IMAGES/crazing_12.jpg,200,200,0,[0],e8952baef8f89c83217451fb315651c82150c1667d6d0cd9807686a0f6006d53,train,/content/steel_defect_project/dataset/split_0743b20802d2/images/train/crazing_12.jpg,2
crazing_120,/content/steel_defect_project/raw/NEU-DET/IMAGES/crazing_120.jpg,200,200,0,[0],ebd326d917886c01c9d354014800fb21e6c44f3257169cfa4e06166eda59986f,train,/content/steel_defect_project/dataset/split_0743b20802d2/images/train/crazing_120.jpg,4
crazing_121,/content/steel_defect_project/raw/NEU-DET/IMAGES/crazing_121.jpg,200,200,0,[0],5ec0dafb9a6ad24349e7e76ae80e80212ac815a5a039d2518a26dfde548c8bd9,val,/content/steel_defect_project/dataset/split_0743b20802d2/images/val/crazing_121.jpg,2
crazing_122,/content/steel_defect_project/raw/NEU-DET/IMAGES/crazing_122.jpg,200,200,0,[0],5528760b4eb4b59dbaaccf5d75e2da5e5524b8159b2b4c40a8ec84edc65ba5d9,train,/content/steel_defect_project/dataset/split_0743b20802d2/images/train/crazing_122.jpg,2
crazing_123,/content/steel_defect_project/raw/NEU-DET/IMAGES/crazing_123.jpg,200,200,0,[0],fbd0363955287b165ac155eb240a7c9984b18579ba2e197471ca747d7f9df92b,train,/content/steel_defect_project/dataset/split_0743b20802d2/images/train/crazing_123.jpg,1
crazing_124,/content/steel_defect_project/raw/NEU-DET/IMAGES/crazing_124.jpg,200,200,0,[0],44a613fbfd6d81f2662feffdf3542bd4747490ea93f9379ef04ae2482cb23dcc,train,/content/steel_defect_project/dataset/split_0743b20802d2/images/train/crazing_124.jpg,2
crazing_125,/content/steel_defect_project/raw/NEU-DET/IMAGES/crazing_125.jpg,200,200,0,[0],207c7f8a9eff88869e946f1905ca2d4c670049cc105f13d4b8ff0505614bf3ba,train,/content/steel_defect_project/dataset/split_0743b20802d2/images/train/crazing_125.jpg,3
crazing_126,/content/steel_defect_project/raw/NEU-DET/IMAGES/crazing_126.jpg,200,200,0,[0],a86747f3b044e251de012a82773705bc582726cb2e99f7523f5b2a3759a8d3fa,train,/content/steel_defect_project/dataset/split_0743b20802d2/images/train/crazing_126.jpg,2
crazing_127,/content/steel_defect_project/raw/NEU-DET/IMAGES/crazing_127.jpg,200,200,0,[0],753bd1f9886b22984c21c4fa2cdb9fed453ee7308435a5d5c2e599ef9a2b4083,train,/content/steel_defect_project/dataset/split_0743b20802d2/images/train/crazing_127.jpg,2
crazing_128,/content/steel_defect_project/raw/NEU-DET/IMAGES/crazing_128.jpg,200,200,0,[0],46de1a0ac3c0fbb176b810c3249af51845c4557fafd48c4b4f658a0b37f09bd0,train,/content/steel_defect_project/dataset/split_0743b20802d2/images/train/crazing_128.jpg,3
crazing_129,/content/steel_defect_project/raw/NEU-DET/IMAGES/crazing_129.jpg,200,200,0,[0],a26ba634381d87bec83d1a094c5bd3721273c85e6f37389e72931d7cd3ab2144,train,/content/steel_defect_project/dataset/split_0743b20802d2/images/train/crazing_129.jpg,2
crazing_13,/content/steel_defect_project/raw/NEU-DET/IMAGES/crazing_13.jpg,200,200,0,[0],a63bd8126a0b5d0a9459d61c2784aef66017b0692c88e679a64f65ee8326c92b,train,/content/steel_defect_project/dataset/split_0743b20802d2/images/train/crazing_13.jpg,3
crazing_130,/content/steel_defect_project/raw/NEU-DET/IMAGES/crazing_130.jpg,200,200,0,[0],718bef98774f6f4e5e4b42f3e8b79412fe1de28608f432862f87693768f60cfa,train,/content/steel_defect_project/dataset/split_0743b20802d2/images/train/crazing_130.jpg,3
crazing_131,/content/steel_defect_project/raw/NEU-DET/IMAGES/crazing_131.jpg,200,200,0,[0],b77acc0295499002ecc8bd0f396f4b35858dc4f84837a0c6fe5fc3ae5d724652,train,/content/steel_defect_project/dataset/split_0743b20802d2/images/train/crazing_131.jpg,3
crazing_132,/content/steel_defect_project/raw/NEU-DET/IMAGES/crazing_132.jpg,200,200,0,[0],f0e1714bb58a674c7854018377c34a80cb694611b8d97ea6087619578241a0a4,train,/content/steel_defect_project/dataset/split_0743b20802d2/images/train/crazing_132.jpg,2
crazing_133,/content/steel_defect_project/raw/NEU-DET/IMAGES/crazing_133.jpg,200,200,0,[0],6bfee0b43d556e4e94549f01f628fe707fb9146996551e9172efe5e292616e7b,train,/content/steel_defect_project/dataset/split_0743b20802d2/images/train/crazing_133.jpg,2
crazing_134,/content/steel_defect_project/raw/NEU-DET/IMAGES/crazing_134.jpg,200,200,0,[0],949d3aa67faf956f23a7f618c050cdd0661dbc9231b596cc91814aeaa9af1503,train,/content/steel_defect_project/dataset/split_0743b20802d2/images/train/crazing_134.jpg,2
crazing_135,/content/steel_defect_project/raw/NEU-DET/IMAGES/crazing_135.jpg,200,200,0,[0],9ab75a87089431dd63b599da9dbc7304ffa7bd271abcb116607803efd36cd931,test,/content/steel_defect_project/dataset/split_0743b20802d2/images/test/crazing_135.jpg,2
crazing_136,/content/steel_defect_project/raw/NEU-DET/IMAGES/crazing_136.jpg,200,200,0,[0],c6ea0a1e76dffad05c04deb8e201104fdeaa81db587810fa5735d0b73d25351e,val,/content/steel_defect_project/dataset/split_0743b20802d2/images/val/crazing_136.jpg,2
crazing_137,/content/steel_defect_project/raw/NEU-DET/IMAGES/crazing_137.jpg,200,200,0,[0],ee28c040c3d146d38810040b66def53f2e0ccbf0bb14042476f0c884863e26cb,train,/content/steel_defect_project/dataset/split_0743b20802d2/images/train/crazing_137.jpg,3
crazing_138,/content/steel_defect_project/raw/NEU-DET/IMAGES/crazing_138.jpg,200,200,0,[0],808fd11b2f15a3e09c6f6f63e3bbcb719072898d81ccd3fd62384d9e9ac6aa7e,val,/content/steel_defect_project/dataset/split_0743b20802d2/images/val/crazing_138.jpg,2
crazing_139,/content/steel_defect_project/raw/NEU-DET/IMAGES/crazing_139.jpg,200,200,0,[0],e112db7daa6958bd4c48c7dfa0062ae72088806289efac4193b640854a491648,test,/content/steel_defect_project/dataset/split_0743b20802d2/images/test/crazing_139.jpg,2
crazing_14,/content/steel_defect_project/raw/NEU-DET/IMAGES/crazing_14.jpg,200,200,0,[0],254a216c10655b09147a3cc1613e731b906b860a45b45a63bc1e7a172feeb5a6,train,/content/steel_defect_project/dataset/split_0743b20802d2/images/train/crazing_14.jpg,1
crazing_140,/content/steel_defect_project/raw/NEU-DET/IMAGES/crazing_140.jpg,200,200,0,[0],6096c12e3e4c4eebead41531f4977ef998e0b95775659b55daa75b1f2dd4db4e,train,/content/steel_defect_project/dataset/split_0743b20802d2/images/train/crazing_140.jpg,2
crazing_141,/content/steel_defect_project/raw/NEU-DET/IMAGES/crazing_141.jpg,200,200,0,[0],892368b7cb1d9a19b5626f178c5af5dde8f7406f58f67481b8f2f5d61789eb4d,test,/content/steel_defect_project/dataset/split_0743b20802d2/images/test/crazing_141.jpg,2
crazing_142,/content/steel_defect_project/raw/NEU-DET/IMAGES/crazing_142.jpg,200,200,0,[0],8c1e739725df3f8899876f9947b1dc2c37947cc38aec01f5be0ec041470d9ae5,train,/content/steel_defect_project/dataset/split_0743b20802d2/images/train/crazing_142.jpg,3
crazing_143,/content/steel_defect_project/raw/NEU-DET/IMAGES/crazing_143.jpg,200,200,0,[0],21cea08018b3015f42de447e17282ecac357144d10326422c72724706477a936,test,/content/steel_defect_project/dataset/split_0743b20802d2/images/test/crazing_143.jpg,2
crazing_144,/content/steel_defect_project/raw/NEU-DET/IMAGES/crazing_144.jpg,200,200,0,[0],2944dda90f088b8158d692f5561875759cd5b4dae5b1ca8fb35017e502da54dd,train,/content/steel_defect_project/dataset/split_0743b20802d2/images/train/crazing_144.jpg,2
crazing_145,/content/steel_defect_project/raw/NEU-DET/IMAGES/crazing_145.jpg,200,200,0,[0],4b49741f19a13c45362d61cdbfca49e5975e227327493a56f231b2ecf3eb9127,train,/content/steel_defect_project/dataset/split_0743b20802d2/images/train/crazing_145.jpg,2
crazing_146,/content/steel_defect_project/raw/NEU-DET/IMAGES/crazing_146.jpg,200,200,0,[0],7ef832fa114c6fa94c9bb4f0e59031027f216830887aa24c771a443f8dfe1656,test,/content/steel_defect_project/dataset/split_0743b20802d2/images/test/crazing_146.jpg,1
crazing_147,/content/steel_defect_project/raw/NEU-DET/IMAGES/crazing_147.jpg,200,200,0,[0],c0f99d1aea19f473d86793a38c5100e665d65a81a0084c8ae8a52de614386202,val,/content/steel_defect_project/dataset/split_0743b20802d2/images/val/crazing_147.jpg,2
crazing_148,/content/steel_defect_project/raw/NEU-DET/IMAGES/crazing_148.jpg,200,200,0,[0],b658b415da8e1c77e59c46becc0881a0ab4f913a52c5e839a226c731375b7218,train,/content/steel_defect_project/dataset/split_0743b20802d2/images/train/crazing_148.jpg,1
crazing_149,/content/steel_defect_project/raw/NEU-DET/IMAGES/crazing_149.jpg,200,200,0,[0],67991c6ff6a41a6a96c5e991d70895c49eea5b1d6275656571379475fc6dca60,train,/content/steel_defect_project/dataset/split_0743b20802d2/images/train/crazing_149.jpg,2
crazing_15,/content/steel_defect_project/raw/NEU-DET/IMAGES/crazing_15.jpg,200,200,0,[0],0e80645351386c2668222449f5b5e27524c549298f7a4a9852190d6de758e972,val,/content/steel_defect_project/dataset/split_0743b20802d2/images/val/crazing_15.jpg,2
crazing_150,/content/steel_defect_project/raw/NEU-DET/IMAGES/crazing_150.jpg,200,200,0,[0],ed47d03509ff9b9e676dbcea85ddd5c5c453680c6c397dad49d51d09b813d305,test,/content/steel_defect_project/dataset/split_0743b20802d2/images/test/crazing_150.jpg,1
crazing_151,/content/steel_defect_project/raw/NEU-DET/IMAGES/crazing_151.jpg,200,200,0,[0],ec56ee12b8e20dbf804e4d4cecababb9fd399f10f329fee79bb01dc0b17b3066,val,/content/steel_defect_project/dataset/split_0743b20802d2/images/val/crazing_151.jpg,1
crazing_152,/content/steel_defect_project/raw/NEU-DET/IMAGES/crazing_152.jpg,200,200,0,"[0, 2]",f99242832fd6e62b3b90c47c09f4983d9a08702bc86bee42743b0b28bb890198,val,/content/steel_defect_project/dataset/split_0743b20802d2/images/val/crazing_152.jpg,3
crazing_153,/content/steel_defect_project/raw/NEU-DET/IMAGES/crazing_153.jpg,200,200,0,[0],130449b5cd5190e43ddde1cf93f253a4696c299f85b290971e51a66e8c2aab5f,train,/content/steel_defect_project/dataset/split_0743b20802d2/images/train/crazing_153.jpg,2
crazing_154,/content/steel_defect_project/raw/NEU-DET/IMAGES/crazing_154.jpg,200,200,0,[0],2f4c6b42b2a5ca4ff63313a8a5e9223f16b3993622ab3221e2fe9d3ecd00c409,train,/content/steel_defect_project/dataset/split_0743b20802d2/images/train/crazing_154.jpg,3
crazing_155,/content/steel_defect_project/raw/NEU-DET/IMAGES/crazing_155.jpg,200,200,0,[0],2d1efb6dd11ca1dda754ddca4542623bd8b47a9dda066da471da691465cfca93,val,/content/steel_defect_project/dataset/split_0743b20802d2/images/val/crazing_155.jpg,3
crazing_156,/content/steel_defect_project/raw/NEU-DET/IMAGES/crazing_156.jpg,200,200,0,[0],9ae9d9d662431258a85ea97d1eb28ec24597af0c3f96f60133fe21dd08deb80d,test,/content/steel_defect_project/dataset/split_0743b20802d2/images/test/crazing_156.jpg,3
crazing_157,/content/steel_defect_project/raw/NEU-DET/IMAGES/crazing_157.jpg,200,200,0,[0],01ef85df4b2448923744ec046403347210ae620692909c9b3afc181f765ec264,train,/content/steel_defect_project/dataset/split_0743b20802d2/images/train/crazing_157.jpg,2
crazing_158,/content/steel_defect_project/raw/NEU-DET/IMAGES/crazing_158.jpg,200,200,0,[0],4735186e370083709ae9ac69c941fbb8584a8f8a5f08aa67db3f1b94a1d6b50b,train,/content/steel_defect_project/dataset/split_0743b20802d2/images/train/crazing_158.jpg,1
crazing_159,/content/steel_defect_project/raw/NEU-DET/IMAGES/crazing_159.jpg,200,200,0,[0],8f97b1d9e88defad2116cf082103c3f070d3ebdd3f4751337e069f5d21e3802b,train,/content/steel_defect_project/dataset/split_0743b20802d2/images/train/crazing_159.jpg,2
crazing_16,/content/steel_defect_project/raw/NEU-DET/IMAGES/crazing_16.jpg,200,200,0,[0],6e1db4ac4a81d1af02829a94a5d346aad9e1cced444ae8d6c47740bb1d71159a,train,/content/steel_defect_project/dataset/split_0743b20802d2/images/train/crazing_16.jpg,2
crazing_160,/content/steel_defect_project/raw/NEU-DET/IMAGES/crazing_160.jpg,200,200,0,[0],aea68883da2646bae1b6b9b3ac72be0b9278d6530d53b2c20ce70bf67806d682,val,/content/steel_defect_project/dataset/split_0743b20802d2/images/val/crazing_160.jpg,2
crazing_161,/content/steel_defect_project/raw/NEU-DET/IMAGES/crazing_161.jpg,200,200,0,[0],a48f32095eedf862f07dac7ad63496e1e8e73c0f85d7609142b27c336ac366ee,val,/content/steel_defect_project/dataset/split_0743b20802d2/images/val/crazing_161.jpg,1
crazing_162,/content/steel_defect_project/raw/NEU-DET/IMAGES/crazing_162.jpg,200,200,0,[0],6c53f49395d62a1bf1f8e05704876e46a62624588ba7a3acd871a7d194785e12,train,/content/steel_defect_project/dataset/split_0743b20802d2/images/train/crazing_162.jpg,1
crazing_163,/content/steel_defect_project/raw/NEU-DET/IMAGES/crazing_163.jpg,200,200,0,[0],e7067b40c791ebb279f212fd5e6ef509b55d8c3bca036e1b84bac16a04f5e8c4,test,/content/steel_defect_project/dataset/split_0743b20802d2/images/test/crazing_163.jpg,3
crazing_164,/content/steel_defect_project/raw/NEU-DET/IMAGES/crazing_164.jpg,200,200,0,[0],4ada0988dac9d5570d2dea27db979cb09b93b617196fb0eb5796508de2b00559,train,/content/steel_defect_project/dataset/split_0743b20802d2/images/train/crazing_164.jpg,1
crazing_165,/content/steel_defect_project/raw/NEU-DET/IMAGES/crazing_165.jpg,200,200,0,[0],2d3b8df4b3f9d27ffd12b775648c5c65cd4bf850ef073e7df6f90a1bc32da94f,train,/content/steel_defect_project/dataset/split_0743b20802d2/images/train/crazing_165.jpg,2
crazing_166,/content/steel_defect_project/raw/NEU-DET/IMAGES/crazing_166.jpg,200,200,0,[0],cf6e41e363e0b110f532cf34877783478cbf5661b0c5b3a15b67f04ad4883858,val,/content/steel_defect_project/dataset/split_0743b20802d2/images/val/crazing_166.jpg,2
crazing_167,/content/steel_defect_project/raw/NEU-DET/IMAGES/crazing_167.jpg,200,200,0,[0],55f4702375387119bcaf43aa6142ecaee5c747864d3b0a2296c7abe2094691ca,train,/content/steel_defect_project/dataset/split_0743b20802d2/images/train/crazing_167.jpg,2
crazing_168,/content/steel_defect_project/raw/NEU-DET/IMAGES/crazing_168.jpg,200,200,0,[0],b319b388220f7d8d29430fbd4d7c23662dba9dccc9daf248ea55f653a25d613a,train,/content/steel_defect_project/dataset/split_0743b20802d2/images/train/crazing_168.jpg,2
crazing_169,/content/steel_defect_project/raw/NEU-DET/IMAGES/crazing_169.jpg,200,200,0,[0],fc261c2a6f48ac50e9cdf1256810ff00a6bd48ab2c14703e3fc688c4470bc2c1,train,/content/steel_defect_project/dataset/split_0743b20802d2/images/train/crazing_169.jpg,3
crazing_17,/content/steel_defect_project/raw/NEU-DET/IMAGES/crazing_17.jpg,200,200,0,[0],756e03a06675329841970c244187486c3a3486c6fcd0f924e558984ac5f9b8ec,train,/content/steel_defect_project/dataset/split_0743b20802d2/images/train/crazing_17.jpg,2
crazing_170,/content/steel_defect_project/raw/NEU-DET/IMAGES/crazing_170.jpg,200,200,0,[0],927268673647a989b493d10bd1ccbc463e524e5b5db01d6744d0aabdb2f41fc5,test,/content/steel_defect_project/dataset/split_0743b20802d2/images/test/crazing_170.jpg,2
crazing_171,/content/steel_defect_project/raw/NEU-DET/IMAGES/crazing_171.jpg,200,200,0,[0],eb71606e3444c65cb59fb6ac659d6fb66a273eb08a70c909042fb7ffb932307c,train,/content/steel_defect_project/dataset/split_0743b20802d2/images/train/crazing_171.jpg,1
crazing_172,/content/steel_defect_project/raw/NEU-DET/IMAGES/crazing_172.jpg,200,200,0,[0],2a6fa84567ed4b634e23d81453c9da51f65b74284ec858b46d6f5c8a7c60be4b,test,/content/steel_defect_project/dataset/split_0743b20802d2/images/test/crazing_172.jpg,2
crazing_173,/content/steel_defect_project/raw/NEU-DET/IMAGES/crazing_173.jpg,200,200,0,[0],1258a040285abd143cd7d9114754b984f936109d9c83252e16e71804226ad2ec,train,/content/steel_defect_project/dataset/split_0743b20802d2/images/train/crazing_173.jpg,3
crazing_174,/content/steel_defect_project/raw/NEU-DET/IMAGES/crazing_174.jpg,200,200,0,[0],eb0d9b8baff813d32d5ad4433c01f846afb7e6d0171fdbb673c1cdf15a4d685f,train,/content/steel_defect_project/dataset/split_0743b20802d2/images/train/crazing_174.jpg,2
crazing_175,/content/steel_defect_project/raw/NEU-DET/IMAGES/crazing_175.jpg,200,200,0,[0],0a279ebda6071e287a00f6c6e79d610826f43df2c3c52cc42cddb84bf3466791,train,/content/steel_defect_project/dataset/split_0743b20802d2/images/train/crazing_175.jpg,2
crazing_176,/content/steel_defect_project/raw/NEU-DET/IMAGES/crazing_176.jpg,200,200,0,[0],75f9948ce1f5a16f011d0220efa2d3596a035f255b1e2e8773c4b210af5300ac,train,/content/steel_defect_project/dataset/split_0743b20802d2/images/train/crazing_176.jpg,2
crazing_177,/content/steel_defect_project/raw/NEU-DET/IMAGES/crazing_177.jpg,200,200,0,[0],56684ef9955cb66907091895381268a3fe674ba0849ef0c29c382a602e87e36f,train,/content/steel_defect_project/dataset/split_0743b20802d2/images/train/crazing_177.jpg,3
crazing_178,/content/steel_defect_project/raw/NEU-DET/IMAGES/crazing_178.jpg,200,200,0,[0],dcfd8effeac94a6c67c5b9754d2f7a36ed14ab1d940dc11a3e02dcc7944b0846,train,/content/steel_defect_project/dataset/split_0743b20802d2/images/train/crazing_178.jpg,2
crazing_179,/content/steel_defect_project/raw/NEU-DET/IMAGES/crazing_179.jpg,200,200,0,[0],729dd5e86c03f5ad383e3d0fa16c62c6e31548929b9da6c9fdef5d70883e572f,train,/content/steel_defect_project/dataset/split_0743b20802d2/images/train/crazing_179.jpg,2
crazing_18,/content/steel_defect_project/raw/NEU-DET/IMAGES/crazing_18.jpg,200,200,0,[0],f1e0fc2c601425337950c1879be01b5600f06d06dae6994e99fcb1b82b07b6e5,train,/content/steel_defect_project/dataset/split_0743b20802d2/images/train/crazing_18.jpg,2
crazing_180,/content/steel_defect_project/raw/NEU-DET/IMAGES/crazing_180.jpg,200,200,0,[0],64f8fe2eaa61cc9b249029d7a606c1ede9120df216a6e2cc7d56117314b5fbba,val,/content/steel_defect_project/dataset/split_0743b20802d2/images/val/crazing_180.jpg,4
crazing_181,/content/steel_defect_project/raw/NEU-DET/IMAGES/crazing_181.jpg,200,200,0,[0],2a64ba308328e52de012ab72e8f18201dbe28c3e548a16ad5ed286f53bf4a829,train,/content/steel_defect_project/dataset/split_0743b20802d2/images/train/crazing_181.jpg,2
crazing_182,/content/steel_defect_project/raw/NEU-DET/IMAGES/crazing_182.jpg,200,200,0,[0],20726dacffaafcf2951e23a12d491a1ccd0ced54d1aa476997de5d8bfe655552,train,/content/steel_defect_project/dataset/split_0743b20802d2/images/train/crazing_182.jpg,3
crazing_183,/content/steel_defect_project/raw/NEU-DET/IMAGES/crazing_183.jpg,200,200,0,[0],997c2a84c89de091a8faef3df1cf839ee0e59184342c2e9cafe6a574059d8341,val,/content/steel_defect_project/dataset/split_0743b20802d2/images/val/crazing_183.jpg,3
crazing_184,/content/steel_defect_project/raw/NEU-DET/IMAGES/crazing_184.jpg,200,200,0,[0],d6c94735a84120bf057358974d41c48fb262e79abdd4fd2a3fb62025e1961c70,val,/content/steel_defect_project/dataset/split_0743b20802d2/images/val/crazing_184.jpg,3
crazing_185,/content/steel_defect_project/raw/NEU-DET/IMAGES/crazing_185.jpg,200,200,0,[0],9277fe76c94e4e008547915024a07d4cafe1b5d0686063e5be3b41898eb03ce1,train,/content/steel_defect_project/dataset/split_0743b20802d2/images/train/crazing_185.jpg,1
crazing_186,/content/steel_defect_project/raw/NEU-DET/IMAGES/crazing_186.jpg,200,200,0,[0],01837b394ab08cdd7fcf40288db52f6ebb9e126b492f65dc28306460449cfc7e,train,/content/steel_defect_project/dataset/split_0743b20802d2/images/train/crazing_186.jpg,3
crazing_187,/content/steel_defect_project/raw/NEU-DET/IMAGES/crazing_187.jpg,200,200,0,[0],29579f67f3a053d97d1c9becde9a20070885d7360b2a45c3c00de480fa636bd5,val,/content/steel_defect_project/dataset/split_0743b20802d2/images/val/crazing_187.jpg,1
crazing_188,/content/steel_defect_project/raw/NEU-DET/IMAGES/crazing_188.jpg,200,200,0,[0],fe400cd3aaf0cfea257dba6141c25965916ff1974605d40bb09e132aa5d5ae4d,train,/content/steel_defect_project/dataset/split_0743b20802d2/images/train/crazing_188.jpg,3
crazing_189,/content/steel_defect_project/raw/NEU-DET/IMAGES/crazing_189.jpg,200,200,0,[0],87d2061e95bc86845ef6ff4403b2d380528dc0c2f1970c14df27cea32d2131e1,train,/content/steel_defect_project/dataset/split_0743b20802d2/images/train/crazing_189.jpg,2
crazing_19,/content/steel_defect_project/raw/NEU-DET/IMAGES/crazing_19.jpg,200,200,0,[0],62f5ac9fd4ed283eccce04d246268e52e868836351cccfef724a305e59067b6c,train,/content/steel_defect_project/dataset/split_0743b20802d2/images/train/crazing_19.jpg,1
crazing_190,/content/steel_defect_project/raw/NEU-DET/IMAGES/crazing_190.jpg,200,200,0,[0],5a62f5dbf28f7fefb6fd2acb1e3ad9ab26f3fb9737c538242ac8d2b10bc31a69,test,/content/steel_defect_project/dataset/split_0743b20802d2/images/test/crazing_190.jpg,4
crazing_191,/content/steel_defect_project/raw/NEU-DET/IMAGES/crazing_191.jpg,200,200,0,[0],8fe11595db94100ccf2baff0bb53c30eb01a8bbc91d4f2e23a09051674295dfc,train,/content/steel_defect_project/dataset/split_0743b20802d2/images/train/crazing_191.jpg,3
crazing_192,/content/steel_defect_project/raw/NEU-DET/IMAGES/crazing_192.jpg,200,200,0,[0],4edd64e30a93515929855bba95001a9b006c9365a3543f301060ad5dec4d812a,train,/content/steel_defect_project/dataset/split_0743b20802d2/images/train/crazing_192.jpg,3
crazing_193,/content/steel_defect_project/raw/NEU-DET/IMAGES/crazing_193.jpg,200,200,0,[0],f033e5a8abb43cb9625fb7e356d4f737d908d214cbed4dfb1a806956a33c2292,train,/content/steel_defect_project/dataset/split_0743b20802d2/images/train/crazing_193.jpg,1
crazing_194,/content/steel_defect_project/raw/NEU-DET/IMAGES/crazing_194.jpg,200,200,0,[0],78214bfe5fe69a54e87f06f9f50b9386226c0ea25c52bcd21b8193bf9b2354db,train,/content/steel_defect_project/dataset/split_0743b20802d2/images/train/crazing_194.jpg,1
crazing_195,/content/steel_defect_project/raw/NEU-DET/IMAGES/crazing_195.jpg,200,200,0,[0],dcefa577ba75d34aec841025bcfb1fafc97334aa6527dab722a017e9f26eee79,train,/content/steel_defect_project/dataset/split_0743b20802d2/images/train/crazing_195.jpg,1
crazing_196,/content/steel_defect_project/raw/NEU-DET/IMAGES/crazing_196.jpg,200,200,0,[0],b84b87043db7eff8682a6d5c5d791009ddd2871d1e913a2302a1a5693fbe1a8e,train,/content/steel_defect_project/dataset/split_0743b20802d2/images/train/crazing_196.jpg,3
crazing_197,/content/steel_defect_project/raw/NEU-DET/IMAGES/crazing_197.jpg,200,200,0,[0],d2e606f1380a317a10bd1a3d02026274151b7cfa567d4372bdca06e08efe8ca0,train,/content/steel_defect_project/dataset/split_0743b20802d2/images/train/crazing_197.jpg,2
crazing_198,/content/steel_defect_project/raw/NEU-DET/IMAGES/crazing_198.jpg,200,200,0,[0],8bad1b3be1619d977c608eed80bf819b24f6f62447cb478e65d0e40e1a67db08,train,/content/steel_defect_project/dataset/split_0743b20802d2/images/train/crazing_198.jpg,3
crazing_199,/content/steel_defect_project/raw/NEU-DET/IMAGES/crazing_199.jpg,200,200,0,[0],52fc999b01aff265d0006773be7e842e280f3705589a2826702c9f4b72ce93b5,test,/content/steel_defect_project/dataset/split_0743b20802d2/images/test/crazing_199.jpg,2
crazing_2,/content/steel_defect_project/raw/NEU-DET/IMAGES/crazing_2.jpg,200,200,0,[0],82351b24ba5c56a5401f55423eb0519a0761686af650dc5696e74cdade9086b4,test,/content/steel_defect_project/dataset/split_0743b20802d2/images/test/crazing_2.jpg,2
crazing_20,/content/steel_defect_project/raw/NEU-DET/IMAGES/crazing_20.jpg,200,200,0,"[0, 2]",7ea417b5726b2b8c1ddd74c174c0c1672d86eac54589065c54e73bd37f856c24,test,/content/steel_defect_project/dataset/split_0743b20802d2/images/test/crazing_20.jpg,3
crazing_200,/content/steel_defect_project/raw/NEU-DET/IMAGES/crazing_200.jpg,200,200,0,[0],6b3380b379f070fe02bcd8de3c5156c3b926122373de3d256416462507fc5adf,train,/content/steel_defect_project/dataset/split_0743b20802d2/images/train/crazing_200.jpg,3
crazing_201,/content/steel_defect_project/raw/NEU-DET/IMAGES/crazing_201.jpg,200,200,0,[0],ce92729270c8327c3ecf26e7392169d2bbe0f77a92a5c17bafb85cfa6802a1ba,test,/content/steel_defect_project/dataset/split_0743b20802d2/images/test/crazing_201.jpg,2
crazing_202,/content/steel_defect_project/raw/NEU-DET/IMAGES/crazing_202.jpg,200,200,0,[0],d81a7c41eea3688d3f1a2fc5aefa207eb80c00e9585c028288d5899e5a050cea,train,/content/steel_defect_project/dataset/split_0743b20802d2/images/train/crazing_202.jpg,1
crazing_203,/content/steel_defect_project/raw/NEU-DET/IMAGES/crazing_203.jpg,200,200,0,[0],cfda4e3fc22c67290f98cb9dc62e3dd72b6cadd9e1376fa7510b5d048308a4b4,val,/content/steel_defect_project/dataset/split_0743b20802d2/images/val/crazing_203.jpg,2
crazing_204,/content/steel_defect_project/raw/NEU-DET/IMAGES/crazing_204.jpg,200,200,0,[0],9f76bc6654517f7be7c47d5c83c865be08551af29b2fdeff936b91aaf31ccf1d,train,/content/steel_defect_project/dataset/split_0743b20802d2/images/train/crazing_204.jpg,1
crazing_205,/content/steel_defect_project/raw/NEU-DET/IMAGES/crazing_205.jpg,200,200,0,[0],17552fbb0bac635c33597b584284cf7850231fdfeaa0cfa4c2d02a8cb1e18d12,val,/content/steel_defect_project/dataset/split_0743b20802d2/images/val/crazing_205.jpg,1
crazing_206,/content/steel_defect_project/raw/NEU-DET/IMAGES/crazing_206.jpg,200,200,0,[0],fc228c86bb6dee06988b549ab98c416c5c064a97780e6abd4de05b84396f5bf7,test,/content/steel_defect_project/dataset/split_0743b20802d2/images/test/crazing_206.jpg,2
crazing_207,/content/steel_defect_project/raw/NEU-DET/IMAGES/crazing_207.jpg,200,200,0,[0],bc132748b5b819d7ce70fe2d45da5bd1a79b6fdfee102d8a7b0b092571519a43,train,/content/steel_defect_project/dataset/split_0743b20802d2/images/train/crazing_207.jpg,1
crazing_208,/content/steel_defect_project/raw/NEU-DET/IMAGES/crazing_208.jpg,200,200,0,[0],f72598d6c9cb85fbd1edb140ccf75e6db25b3a978f095bfb96abc1cd31f4f422,train,/content/steel_defect_project/dataset/split_0743b20802d2/images/train/crazing_208.jpg,2
crazing_209,/content/steel_defect_project/raw/NEU-DET/IMAGES/crazing_209.jpg,200,200,0,[0],6e13c0e223269dd66d2aaa17721eece4fa0bfdb2df9181e3e8ec522a97a9fe0f,train,/content/steel_defect_project/dataset/split_0743b20802d2/images/train/crazing_209.jpg,2
crazing_21,/content/steel_defect_project/raw/NEU-DET/IMAGES/crazing_21.jpg,200,200,0,[0],bc2b416d71e987cccdfbf18b7e9e70144fc351846e2664328bf1dd89b47cb4a7,train,/content/steel_defect_project/dataset/split_0743b20802d2/images/train/crazing_21.jpg,3
crazing_210,/content/steel_defect_project/raw/NEU-DET/IMAGES/crazing_210.jpg,200,200,0,[0],8ecf1ec635a5f73e74b2d35fc0fdaf96419142119c75933bb933dd736e732736,train,/content/steel_defect_project/dataset/split_0743b20802d2/images/train/crazing_210.jpg,1
crazing_211,/content/steel_defect_project/raw/NEU-DET/IMAGES/crazing_211.jpg,200,200,0,[0],cfb1b97614198e1b82acdd6cdfe70aa5164e2e5dabb9f1e19192deb01394e46b,test,/content/steel_defect_project/dataset/split_0743b20802d2/images/test/crazing_211.jpg,3
crazing_212,/content/steel_defect_project/raw/NEU-DET/IMAGES/crazing_212.jpg,200,200,0,[0],ae76d60bea40fe7fbf4c870908d364bc4ecac8767ee6737b24d42de97dfd697b,train,/content/steel_defect_project/dataset/split_0743b20802d2/images/train/crazing_212.jpg,2
crazing_213,/content/steel_defect_project/raw/NEU-DET/IMAGES/crazing_213.jpg,200,200,0,[0],0995b2a82faad25dadf27af6c2961c4d7669c426e7e8c9c8f615e0908470334a,train,/content/steel_defect_project/dataset/split_0743b20802d2/images/train/crazing_213.jpg,2
crazing_214,/content/steel_defect_project/raw/NEU-DET/IMAGES/crazing_214.jpg,200,200,0,[0],bbf848599766fc05d5921b003de70ccb3e35da9d100b876874cc8d6044340c72,train,/content/steel_defect_project/dataset/split_0743b20802d2/images/train/crazing_214.jpg,3
crazing_215,/content/steel_defect_project/raw/NEU-DET/IMAGES/crazing_215.jpg,200,200,0,[0],f862aded042a284f444cd2f1f8aa7091d10a22fc6d673032f41b57b48ad2b193,train,/content/steel_defect_project/dataset/split_0743b20802d2/images/train/crazing_215.jpg,3
crazing_216,/content/steel_defect_project/raw/NEU-DET/IMAGES/crazing_216.jpg,200,200,0,[0],a803dfbab741c51ece93fd2f1a5a14912bfeaa153239cf1712fa74db6e792be9,train,/content/steel_defect_project/dataset/split_0743b20802d2/images/train/crazing_216.jpg,3
crazing_217,/content/steel_defect_project/raw/NEU-DET/IMAGES/crazing_217.jpg,200,200,0,[0],566e8dcd136235ce974eee6346b191edc22f3559d5f61254bb0318f7ed74b82b,train,/content/steel_defect_project/dataset/split_0743b20802d2/images/train/crazing_217.jpg,2
crazing_218,/content/steel_defect_project/raw/NEU-DET/IMAGES/crazing_218.jpg,200,200,0,[0],c860c4608f9d7c4dd60b6d5f6e71234899f15474b33155d05c1556596a29e0d8,train,/content/steel_defect_project/dataset/split_0743b20802d2/images/train/crazing_218.jpg,3
crazing_219,/content/steel_defect_project/raw/NEU-DET/IMAGES/crazing_219.jpg,200,200,0,[0],e53347c713532172ec9caa9c69ad2c5269724e13cc181e7a221bbe53dde64570,train,/content/steel_defect_project/dataset/split_0743b20802d2/images/train/crazing_219.jpg,1
crazing_22,/content/steel_defect_project/raw/NEU-DET/IMAGES/crazing_22.jpg,200,200,0,[0],499b37e4cae023e498271679556c211d1a5b4db982ec6415b228b409c20d1593,train,/content/steel_defect_project/dataset/split_0743b20802d2/images/train/crazing_22.jpg,2
crazing_220,/content/steel_defect_project/raw/NEU-DET/IMAGES/crazing_220.jpg,200,200,0,[0],e3d8330bec88333f0069445b61b3e36dc1198a3ab1dba38a4a09cd6e9ea88afe,test,/content/steel_defect_project/dataset/split_0743b20802d2/images/test/crazing_220.jpg,2
crazing_221,/content/steel_defect_project/raw/NEU-DET/IMAGES/crazing_221.jpg,200,200,0,[0],25b5b732f44047fe0e45d5f5e1b8205a4d512e0a2964625f7a20c98bb7b8df41,val,/content/steel_defect_project/dataset/split_0743b20802d2/images/val/crazing_221.jpg,3
crazing_222,/content/steel_defect_project/raw/NEU-DET/IMAGES/crazing_222.jpg,200,200,0,[0],52c85556f4433818b25d756dd72d1b6a5efaa1b7199277804fa01006acea00a7,train,/content/steel_defect_project/dataset/split_0743b20802d2/images/train/crazing_222.jpg,2
crazing_223,/content/steel_defect_project/raw/NEU-DET/IMAGES/crazing_223.jpg,200,200,0,[0],357de7e523a6f0859f4a70564695d5566613677ff68bc6c6ec67fb7d58af7248,train,/content/steel_defect_project/dataset/split_0743b20802d2/images/train/crazing_223.jpg,2
crazing_224,/content/steel_defect_project/raw/NEU-DET/IMAGES/crazing_224.jpg,200,200,0,[0],49e5a573184108fffee6849a6eaa0cbaeed502d54da029a89adf327606752fbe,train,/content/steel_defect_project/dataset/split_0743b20802d2/images/train/crazing_224.jpg,3
crazing_225,/content/steel_defect_project/raw/NEU-DET/IMAGES/crazing_225.jpg,200,200,0,[0],8327ec859a6326a61843eaeef83e4fb800b7a03b10d18ec7512bd2b6817571a2,test,/content/steel_defect_project/dataset/split_0743b20802d2/images/test/crazing_225.jpg,2
crazing_226,/content/steel_defect_project/raw/NEU-DET/IMAGES/crazing_226.jpg,200,200,0,[0],df84d056ea81969e4116d6515c58b1e4ba0e6893d0e70e6ffb4444dbcd9ef613,train,/content/steel_defect_project/dataset/split_0743b20802d2/images/train/crazing_226.jpg,2
crazing_227,/content/steel_defect_project/raw/NEU-DET/IMAGES/crazing_227.jpg,200,200,0,[0],385c3837b4f78dcc1d1dc47b0b946cc3b49538e2b4a16758cd9d3901e85b3b02,test,/content/steel_defect_project/dataset/split_0743b20802d2/images/test/crazing_227.jpg,3
crazing_228,/content/steel_defect_project/raw/NEU-DET/IMAGES/crazing_228.jpg,200,200,0,[0],f9e6946c956d6483958bc40b7d01239c52ead662655b34c0473087e421bc3f33,train,/content/steel_defect_project/dataset/split_0743b20802d2/images/train/crazing_228.jpg,3
crazing_229,/content/steel_defect_project/raw/NEU-DET/IMAGES/crazing_229.jpg,200,200,0,[0],67db7af6291413a8044754e00a4116bd6faa6db0b166f524a854c5dd740e15f2,train,/content/steel_defect_project/dataset/split_0743b20802d2/images/train/crazing_229.jpg,3
crazing_23,/content/steel_defect_project/raw/NEU-DET/IMAGES/crazing_23.jpg,200,200,0,[0],6ddd677cbb5b225eb83d1a834ca63a8ec5afd091ec0596b1f782230599259b31,train,/content/steel_defect_project/dataset/split_0743b20802d2/images/train/crazing_23.jpg,2
crazing_230,/content/steel_defect_project/raw/NEU-DET/IMAGES/crazing_230.jpg,200,200,0,[0],2bc58159a3d29a64c9bc90e71750dc5a819a2f72e305f436107d7178d1a32521,train,/content/steel_defect_project/dataset/split_0743b20802d2/images/train/crazing_230.jpg,2
crazing_231,/content/steel_defect_project/raw/NEU-DET/IMAGES/crazing_231.jpg,200,200,0,[0],3ca0dcf32ef9ba886427c9f415299eae3a20bda8ee4be2a02e5fe6c0bb67d6b7,val,/content/steel_defect_project/dataset/split_0743b20802d2/images/val/crazing_231.jpg,3
crazing_232,/content/steel_defect_project/raw/NEU-DET/IMAGES/crazing_232.jpg,200,200,0,[0],5af44c64d4a6c010bb718c30362ce08222787baddab9008d903661aa71a9fc61,train,/content/steel_defect_project/dataset/split_0743b20802d2/images/train/crazing_232.jpg,4
crazing_233,/content/steel_defect_project/raw/NEU-DET/IMAGES/crazing_233.jpg,200,200,0,[0],c8517c8c7f0314ad2592db9c7e3d469cb9a2e5a2de04ea54e95a26d6efec3fc2,train,/content/steel_defect_project/dataset/split_0743b20802d2/images/train/crazing_233.jpg,2
crazing_234,/content/steel_defect_project/raw/NEU-DET/IMAGES/crazing_234.jpg,200,200,0,[0],7448c8901a32a606af6c8bcecd28aa8ecf2d6fbe73ec5e971d380077bd6dc4f4,test,/content/steel_defect_project/dataset/split_0743b20802d2/images/test/crazing_234.jpg,2
crazing_235,/content/steel_defect_project/raw/NEU-DET/IMAGES/crazing_235.jpg,200,200,0,[0],98f1744ef13d2fc05fe8c8e4e2aabed13267dfe12ad27b1be6356a6373f13bf1,train,/content/steel_defect_project/dataset/split_0743b20802d2/images/train/crazing_235.jpg,4
crazing_236,/content/steel_defect_project/raw/NEU-DET/IMAGES/crazing_236.jpg,200,200,0,[0],471f6b34df3077c64591de3e0573f46461defe431271a2dd9c1f52ae2a160aec,train,/content/steel_defect_project/dataset/split_0743b20802d2/images/train/crazing_236.jpg,4
crazing_237,/content/steel_defect_project/raw/NEU-DET/IMAGES/crazing_237.jpg,200,200,0,[0],853a954af01a734d1674e9056e50e320a6b5a6680d2e41463465ca3cac6c7d4b,train,/content/steel_defect_project/dataset/split_0743b20802d2/images/train/crazing_237.jpg,3
crazing_238,/content/steel_defect_project/raw/NEU-DET/IMAGES/crazing_238.jpg,200,200,0,[0],1b5b578dcd11a56cbaac7d887b8618321b6a605e480cf631032af76edbf4e33b,train,/content/steel_defect_project/dataset/split_0743b20802d2/images/train/crazing_238.jpg,2
crazing_239,/content/steel_defect_project/raw/NEU-DET/IMAGES/crazing_239.jpg,200,200,0,[0],655d80df06b471e35cb176694bfc8fd3f32a3cca85b3a54038c94ccedff0f2e4,val,/content/steel_defect_project/dataset/split_0743b20802d2/images/val/crazing_239.jpg,4
crazing_24,/content/steel_defect_project/raw/NEU-DET/IMAGES/crazing_24.jpg,200,200,0,[0],9538741a9093ff5e6051641c66dba2a4681a6f4c4918e505ba445e6b141fff3e,train,/content/steel_defect_project/dataset/split_0743b20802d2/images/train/crazing_24.jpg,2
crazing_240,/content/steel_defect_project/raw/NEU-DET/IMAGES/crazing_240.jpg,200,200,0,[0],1cac4217892ebd3fa03dd6cd06240bc9fe3d0226593f803b965cfc5ef121a3ff,train,/content/steel_defect_project/dataset/split_0743b20802d2/images/train/crazing_240.jpg,3
crazing_241,/content/steel_defect_project/raw/NEU-DET/IMAGES/crazing_241.jpg,200,200,0,[0],926a69d23e7f29064830c363e2d80bee47e5f856f8a435f2ad7b53fe279bed27,train,/content/steel_defect_project/dataset/split_0743b20802d2/images/train/crazing_241.jpg,3
crazing_242,/content/steel_defect_project/raw/NEU-DET/IMAGES/crazing_242.jpg,200,200,0,[0],a5a1cebcbb6ae6fec5d56111ed67aa49653cb27acc0d1dacb2f27e6d7f6ef98d,train,/content/steel_defect_project/dataset/split_0743b20802d2/images/train/crazing_242.jpg,3
crazing_243,/content/steel_defect_project/raw/NEU-DET/IMAGES/crazing_243.jpg,200,200,0,[0],da0369dc317d8b7aa6516fbeb3915931c6c18265e6a08bb138aca584a6c4561e,train,/content/steel_defect_project/dataset/split_0743b20802d2/images/train/crazing_243.jpg,4
crazing_244,/content/steel_defect_project/raw/NEU-DET/IMAGES/crazing_244.jpg,200,200,0,[0],2e7e5bc11d32f2ac278bca98040dda5603511a3ce295d6c2e981e66c0b2d45c9,train,/content/steel_defect_project/dataset/split_0743b20802d2/images/train/crazing_244.jpg,3
crazing_245,/content/steel_defect_project/raw/NEU-DET/IMAGES/crazing_245.jpg,200,200,0,[0],037c89d35917ac3819f173eb8bae3d6b1f316aa04603e9d57fb358ce6063e9c5,val,/content/steel_defect_project/dataset/split_0743b20802d2/images/val/crazing_245.jpg,2
crazing_246,/content/steel_defect_project/raw/NEU-DET/IMAGES/crazing_246.jpg,200,200,0,[0],ab3d9a573ba504a9178f2c44c9c14cf46a3da7c216fb294833239d2ddaad5e16,val,/content/steel_defect_project/dataset/split_0743b20802d2/images/val/crazing_246.jpg,4
crazing_247,/content/steel_defect_project/raw/NEU-DET/IMAGES/crazing_247.jpg,200,200,0,[0],af7bf21afdc42a0fbc626ff57bdf0b778b6dc10dea39f875e49231db81bf88e5,train,/content/steel_defect_project/dataset/split_0743b20802d2/images/train/crazing_247.jpg,3
crazing_248,/content/steel_defect_project/raw/NEU-DET/IMAGES/crazing_248.jpg,200,200,0,[0],f475a21c345fe3e3d9928619c9cc643505e8d0198dcfb4cd51e804e9a34e7e45,val,/content/steel_defect_project/dataset/split_0743b20802d2/images/val/crazing_248.jpg,3
crazing_249,/content/steel_defect_project/raw/NEU-DET/IMAGES/crazing_249.jpg,200,200,0,[0],a2a50b0963ceb2256b283a02e7245b566c81aa9aeb900bd60080feb1b72536a2,train,/content/steel_defect_project/dataset/split_0743b20802d2/images/train/crazing_249.jpg,3
crazing_25,/content/steel_defect_project/raw/NEU-DET/IMAGES/crazing_25.jpg,200,200,0,[0],065d589215b0ba86df641ec6e23e94e572759a18ecb7052a4e8de638233cd456,train,/content/steel_defect_project/dataset/split_0743b20802d2/images/train/crazing_25.jpg,2
crazing_250,/content/steel_defect_project/raw/NEU-DET/IMAGES/crazing_250.jpg,200,200,0,[0],5bda0d19f8eb1add712375998424ff76189e3e43afeef17d0c69741cd691b1f5,train,/content/steel_defect_project/dataset/split_0743b20802d2/images/train/crazing_250.jpg,3
crazing_251,/content/steel_defect_project/raw/NEU-DET/IMAGES/crazing_251.jpg,200,200,0,[0],ed17566116b4b1f076da2b05dd74f2f811bcca19e07d47a439b653b5d56eec61,val,/content/steel_defect_project/dataset/split_0743b20802d2/images/val/crazing_251.jpg,3
crazing_252,/content/steel_defect_project/raw/NEU-DET/IMAGES/crazing_252.jpg,200,200,0,[0],848f61184085f9aca4b7a56ea0c9efb75028de03367b5bde201b4cfa2b5757b7,train,/content/steel_defect_project/dataset/split_0743b20802d2/images/train/crazing_252.jpg,3
crazing_253,/content/steel_defect_project/raw/NEU-DET/IMAGES/crazing_253.jpg,200,200,0,[0],e1fe8177cc19eb01154f86fe2f0cee192e2ed42d3fb5b6078b50cb0cdc666007,val,/content/steel_defect_project/dataset/split_0743b20802d2/images/val/crazing_253.jpg,3
crazing_254,/content/steel_defect_project/raw/NEU-DET/IMAGES/crazing_254.jpg,200,200,0,[0],06bc96062f01593ad62da3869ab27789a19ccbfaa21bf744056eec0ab7d77996,test,/content/steel_defect_project/dataset/split_0743b20802d2/images/test/crazing_254.jpg,1
crazing_255,/content/steel_defect_project/raw/NEU-DET/IMAGES/crazing_255.jpg,200,200,0,[0],e749685d66f69fa726d33573b51638a45edccf6b0417e9511cae2f8a4ead93f5,train,/content/steel_defect_project/dataset/split_0743b20802d2/images/train/crazing_255.jpg,3
crazing_256,/content/steel_defect_project/raw/NEU-DET/IMAGES/crazing_256.jpg,200,200,0,[0],82b7b896f6c05f81f1157c06cf7a2998fa5bff1dcec629e08c8d76f221bcd419,test,/content/steel_defect_project/dataset/split_0743b20802d2/images/test/crazing_256.jpg,3
crazing_257,/content/steel_defect_project/raw/NEU-DET/IMAGES/crazing_257.jpg,200,200,0,[0],4f68604717e00ec7b48b605536318845d5dcba9d902240888a52ac0b75020ab1,val,/content/steel_defect_project/dataset/split_0743b20802d2/images/val/crazing_257.jpg,3
crazing_258,/content/steel_defect_project/raw/NEU-DET/IMAGES/crazing_258.jpg,200,200,0,[0],a771a0c5744994a7616a5b51e1ce4151949b639708ce730dde083ac8179a06c6,test,/content/steel_defect_project/dataset/split_0743b20802d2/images/test/crazing_258.jpg,2
crazing_259,/content/steel_defect_project/raw/NEU-DET/IMAGES/crazing_259.jpg,200,200,0,[0],73e87aea94f1d1a8685d2256c7eacf529bf2d23cf07c9221fecbc833da37ce30,train,/content/steel_defect_project/dataset/split_0743b20802d2/images/train/crazing_259.jpg,3
crazing_26,/content/steel_defect_project/raw/NEU-DET/IMAGES/crazing_26.jpg,200,200,0,[0],9203004499bb4772903ea9b7dbee09386be578f6860bc8a5665ece852f92ed87,train,/content/steel_defect_project/dataset/split_0743b20802d2/images/train/crazing_26.jpg,2
crazing_260,/content/steel_defect_project/raw/NEU-DET/IMAGES/crazing_260.jpg,200,200,0,[0],3137c8d0400abc7d896234853a3b36f57e9a9128ad2ad4492b494f5f3937557c,val,/content/steel_defect_project/dataset/split_0743b20802d2/images/val/crazing_260.jpg,2
crazing_261,/content/steel_defect_project/raw/NEU-DET/IMAGES/crazing_261.jpg,200,200,0,[0],70b1bb89b2b77615a131852df73a40417a838b1bc33347ddb3c4e73f3239020e,val,/content/steel_defect_project/dataset/split_0743b20802d2/images/val/crazing_261.jpg,3
crazing_262,/content/steel_defect_project/raw/NEU-DET/IMAGES/crazing_262.jpg,200,200,0,[0],e7b5b10c2ad90cc5a9b8377030025b81a7f5866650a817b65a327c8c93987f8c,train,/content/steel_defect_project/dataset/split_0743b20802d2/images/train/crazing_262.jpg,3
crazing_263,/content/steel_defect_project/raw/NEU-DET/IMAGES/crazing_263.jpg,200,200,0,[0],e3a2f7bda280ad16afcfe56ffdac22988e901f44c625154e46c827bc0ccd97e9,train,/content/steel_defect_project/dataset/split_0743b20802d2/images/train/crazing_263.jpg,2
crazing_264,/content/steel_defect_project/raw/NEU-DET/IMAGES/crazing_264.jpg,200,200,0,[0],0ed8461341a063bf75edaebd78791a5795835991089343d632ba941db36a323d,test,/content/steel_defect_project/dataset/split_0743b20802d2/images/test/crazing_264.jpg,2
crazing_265,/content/steel_defect_project/raw/NEU-DET/IMAGES/crazing_265.jpg,200,200,0,[0],80451e90b9b23a92190549c0b50f7566d32309a79f591f9d86b7a4ef80545a2a,train,/content/steel_defect_project/dataset/split_0743b20802d2/images/train/crazing_265.jpg,2
crazing_266,/content/steel_defect_project/raw/NEU-DET/IMAGES/crazing_266.jpg,200,200,0,[0],34bc26e73468b28d38f827f777d6ab6313875bd18de8c5093d3799427202bbca,test,/content/steel_defect_project/dataset/split_0743b20802d2/images/test/crazing_266.jpg,2
crazing_267,/content/steel_defect_project/raw/NEU-DET/IMAGES/crazing_267.jpg,200,200,0,[0],2748b436bf8ff6df5e21f5c73fc2846c28a5230a865adfa8683f87054e1dff68,val,/content/steel_defect_project/dataset/split_0743b20802d2/images/val/crazing_267.jpg,3
crazing_268,/content/steel_defect_project/raw/NEU-DET/IMAGES/crazing_268.jpg,200,200,0,[0],07d478e6150da44d762ab8253355dfd859c3f0ebd91b59a61383aee241487ee9,train,/content/steel_defect_project/dataset/split_0743b20802d2/images/train/crazing_268.jpg,3
crazing_269,/content/steel_defect_project/raw/NEU-DET/IMAGES/crazing_269.jpg,200,200,0,[0],adf9179339e98781c25cd360ea8d59e3b2f726e7bccd0f366598addb0de77009,train,/content/steel_defect_project/dataset/split_0743b20802d2/images/train/crazing_269.jpg,3
crazing_27,/content/steel_defect_project/raw/NEU-DET/IMAGES/crazing_27.jpg,200,200,0,[0],cc8f36f4a8a632093cd1d652388a3fd165c717dee08d89e8b06ce283717322ed,train,/content/steel_defect_project/dataset/split_0743b20802d2/images/train/crazing_27.jpg,2
crazing_270,/content/steel_defect_project/raw/NEU-DET/IMAGES/crazing_270.jpg,200,200,0,[0],088565a932baea82d4e27732f486f70d2b06ac8c2cd3746750f7c7232af4b0e7,train,/content/steel_defect_project/dataset/split_0743b20802d2/images/train/crazing_270.jpg,3
crazing_271,/content/steel_defect_project/raw/NEU-DET/IMAGES/crazing_271.jpg,200,200,0,[0],6d5aff37248d0e0b11785c166b8bad1f18ddf4f6d5d9696fe3ce75cccd5f5c4b,train,/content/steel_defect_project/dataset/split_0743b20802d2/images/train/crazing_271.jpg,4
crazing_272,/content/steel_defect_project/raw/NEU-DET/IMAGES/crazing_272.jpg,200,200,0,[0],af588f0ad239aba68ace2ac137787c953fcde4f12b1c15b8a1780b97856d0c03,train,/content/steel_defect_project/dataset/split_0743b20802d2/images/train/crazing_272.jpg,3
crazing_273,/content/steel_defect_project/raw/NEU-DET/IMAGES/crazing_273.jpg,200,200,0,[0],1125c7ce647de492e7611887b62af0a7836e0a1394f7375ba61525c5214b1a18,test,/content/steel_defect_project/dataset/split_0743b20802d2/images/test/crazing_273.jpg,3
crazing_274,/content/steel_defect_project/raw/NEU-DET/IMAGES/crazing_274.jpg,200,200,0,[0],fe6a2c3924156a7040bd69559a4988fb953cdd21fd39a0f4acdb71ccf8754d2a,test,/content/steel_defect_project/dataset/split_0743b20802d2/images/test/crazing_274.jpg,4
crazing_275,/content/steel_defect_project/raw/NEU-DET/IMAGES/crazing_275.jpg,200,200,0,[0],9ce7e34f6ed9b7103465e7c39a52ad8daab711e06dde2bf485f1bf33b5a465fd,train,/content/steel_defect_project/dataset/split_0743b20802d2/images/train/crazing_275.jpg,3
crazing_276,/content/steel_defect_project/raw/NEU-DET/IMAGES/crazing_276.jpg,200,200,0,[0],7562aeb55311269ca4073496cb7e313c72f2cc0c42c8b1ee94cb3adb39c559dd,train,/content/steel_defect_project/dataset/split_0743b20802d2/images/train/crazing_276.jpg,2
crazing_277,/content/steel_defect_project/raw/NEU-DET/IMAGES/crazing_277.jpg,200,200,0,[0],e5319fa7194135f08888e2258d9921a315ce352818999473a015df6e3381c963,val,/content/steel_defect_project/dataset/split_0743b20802d2/images/val/crazing_277.jpg,2
crazing_278,/content/steel_defect_project/raw/NEU-DET/IMAGES/crazing_278.jpg,200,200,0,[0],8504303ee6eb6eb7fa27847eb925d8d7d12713483b4dc36eea8a2c05462a8e6e,train,/content/steel_defect_project/dataset/split_0743b20802d2/images/train/crazing_278.jpg,4
crazing_279,/content/steel_defect_project/raw/NEU-DET/IMAGES/crazing_279.jpg,200,200,0,[0],da93a7ca6521a5e3194480df2483dafc8b5283eaa44eb9ce7d1f87a025313df9,train,/content/steel_defect_project/dataset/split_0743b20802d2/images/train/crazing_279.jpg,2
crazing_28,/content/steel_defect_project/raw/NEU-DET/IMAGES/crazing_28.jpg,200,200,0,[0],fbdd0cbe5ff2792c019569341c9e43fb1d4816422defa5a16f29ab4060421ef1,train,/content/steel_defect_project/dataset/split_0743b20802d2/images/train/crazing_28.jpg,2
crazing_280,/content/steel_defect_project/raw/NEU-DET/IMAGES/crazing_280.jpg,200,200,0,[0],3761d3257fa787ff62cd9ade72349fc7936975b6295c97d25aff9d42c428df20,train,/content/steel_defect_project/dataset/split_0743b20802d2/images/train/crazing_280.jpg,1
crazing_281,/content/steel_defect_project/raw/NEU-DET/IMAGES/crazing_281.jpg,200,200,0,[0],f4edcca0b802c155745d3b14a09cef5b981ddd3014eb058db99f71ee5404b883,train,/content/steel_defect_project/dataset/split_0743b20802d2/images/train/crazing_281.jpg,2
crazing_282,/content/steel_defect_project/raw/NEU-DET/IMAGES/crazing_282.jpg,200,200,0,[0],67b734fb5f1c567f3dcb7083b93b48892a14195255d478609d34606385b2d751,train,/content/steel_defect_project/dataset/split_0743b20802d2/images/train/crazing_282.jpg,2
crazing_283,/content/steel_defect_project/raw/NEU-DET/IMAGES/crazing_283.jpg,200,200,0,[0],e42f898380e9e8c299dca4bad484e05980fdbc0fd7d2126e3e462400af89d95d,train,/content/steel_defect_project/dataset/split_0743b20802d2/images/train/crazing_283.jpg,4
crazing_284,/content/steel_defect_project/raw/NEU-DET/IMAGES/crazing_284.jpg,200,200,0,[0],697dc665fe08c19c9fd78341d8a52cc95c380776d176d7edf947742fc98a9d7d,train,/content/steel_defect_project/dataset/split_0743b20802d2/images/train/crazing_284.jpg,2
crazing_285,/content/steel_defect_project/raw/NEU-DET/IMAGES/crazing_285.jpg,200,200,0,[0],ba40fd2c7a90618c28c8781f7a029e1f059146c8eb666534d169dc1c1b66591d,train,/content/steel_defect_project/dataset/split_0743b20802d2/images/train/crazing_285.jpg,3
crazing_286,/content/steel_defect_project/raw/NEU-DET/IMAGES/crazing_286.jpg,200,200,0,[0],be5f9c6dbe7ce3dbf0d4f6c4ce293c50c5c9ac99e370f6022cd22444ad2e6aa5,train,/content/steel_defect_project/dataset/split_0743b20802d2/images/train/crazing_286.jpg,3
crazing_287,/content/steel_defect_project/raw/NEU-DET/IMAGES/crazing_287.jpg,200,200,0,[0],7a73f39afabaa5c1c6258b0a97e265caae61035ea7a2d54258c172d07f42b37f,train,/content/steel_defect_project/dataset/split_0743b20802d2/images/train/crazing_287.jpg,2
crazing_288,/content/steel_defect_project/raw/NEU-DET/IMAGES/crazing_288.jpg,200,200,0,[0],4d7c8d30609a84bc6ec098ece4b47e5d87af61b26d4b2a903a0522d7395e3ccc,train,/content/steel_defect_project/dataset/split_0743b20802d2/images/train/crazing_288.jpg,2
crazing_289,/content/steel_defect_project/raw/NEU-DET/IMAGES/crazing_289.jpg,200,200,0,[0],62de844409b00d6ea7bad017709474045c22c0b2ceccdcff2cf375e087b9dbd6,train,/content/steel_defect_project/dataset/split_0743b20802d2/images/train/crazing_289.jpg,1
crazing_29,/content/steel_defect_project/raw/NEU-DET/IMAGES/crazing_29.jpg,200,200,0,[0],f5bea5cc3e12ef920fc4cc64cc9afaf1c31fe1ac654d4c6a6aa91c32995b9915,train,/content/steel_defect_project/dataset/split_0743b20802d2/images/train/crazing_29.jpg,1
crazing_290,/content/steel_defect_project/raw/NEU-DET/IMAGES/crazing_290.jpg,200,200,0,[0],c24a6960ac3077311769cf436f0d2d8eee617eb890f7fad9e61fdb7d64df7ee1,train,/content/steel_defect_project/dataset/split_0743b20802d2/images/train/crazing_290.jpg,3
crazing_291,/content/steel_defect_project/raw/NEU-DET/IMAGES/crazing_291.jpg,200,200,0,[0],ce24b9d74564c49277ebccd2bbec59643bf734df06af2a6f058eb3131dd4e399,val,/content/steel_defect_project/dataset/split_0743b20802d2/images/val/crazing_291.jpg,3
crazing_292,/content/steel_defect_project/raw/NEU-DET/IMAGES/crazing_292.jpg,200,200,0,[0],73877c21a5b0880dd5ed2c74d0b9dad4675fa2f8c5d9572cfe94acfd193bb86b,test,/content/steel_defect_project/dataset/split_0743b20802d2/images/test/crazing_292.jpg,3
crazing_293,/content/steel_defect_project/raw/NEU-DET/IMAGES/crazing_293.jpg,200,200,0,[0],aa40022cdf8ddee2f2a60edb90d7423ca370026cb213f37b232b2779882512e7,train,/content/steel_defect_project/dataset/split_0743b20802d2/images/train/crazing_293.jpg,3
crazing_294,/content/steel_defect_project/raw/NEU-DET/IMAGES/crazing_294.jpg,200,200,0,[0],16b3e6d85ebccaf14820b08cf60d448b95c0e6086bdf80ded504753c1d1ed6e6,test,/content/steel_defect_project/dataset/split_0743b20802d2/images/test/crazing_294.jpg,2
crazing_295,/content/steel_defect_project/raw/NEU-DET/IMAGES/crazing_295.jpg,200,200,0,[0],0c88ad2827c49025b0f8caf108423ee324b7e20ebc969a8f5dd2d5f42415756c,train,/content/steel_defect_project/dataset/split_0743b20802d2/images/train/crazing_295.jpg,2
crazing_296,/content/steel_defect_project/raw/NEU-DET/IMAGES/crazing_296.jpg,200,200,0,[0],4074fc7c3f637d53ff1961659e873a580fe8f36a7c88f699d59f0f6ee849d99a,val,/content/steel_defect_project/dataset/split_0743b20802d2/images/val/crazing_296.jpg,2
crazing_297,/content/steel_defect_project/raw/NEU-DET/IMAGES/crazing_297.jpg,200,200,0,[0],03a4d58228be4462a3e1cc48bfa3935ac78de90185431197c216fe4158fd2668,train,/content/steel_defect_project/dataset/split_0743b20802d2/images/train/crazing_297.jpg,3
crazing_298,/content/steel_defect_project/raw/NEU-DET/IMAGES/crazing_298.jpg,200,200,0,[0],3a9fb2680650c04e71a26c5cd050dfdf41dc6c781c6b57289f714eea48550516,train,/content/steel_defect_project/dataset/split_0743b20802d2/images/train/crazing_298.jpg,2
crazing_299,/content/steel_defect_project/raw/NEU-DET/IMAGES/crazing_299.jpg,200,200,0,[0],3c868797d00aaf7a4212543b721245e4cbebfe96dc5c868f5bffced98f0d73ae,val,/content/steel_defect_project/dataset/split_0743b20802d2/images/val/crazing_299.jpg,4
crazing_3,/content/steel_defect_project/raw/NEU-DET/IMAGES/crazing_3.jpg,200,200,0,[0],9198d105894445eff416e751af893d8cd0e613de14df8d353afa0636af9db878,train,/content/steel_defect_project/dataset/split_0743b20802d2/images/train/crazing_3.jpg,1
crazing_30,/content/steel_defect_project/raw/NEU-DET/IMAGES/crazing_30.jpg,200,200,0,[0],f7643587ebb9795bf058ef8597c40045cf801180c9b0962ba1e3d9af4b28888e,train,/content/steel_defect_project/dataset/split_0743b20802d2/images/train/crazing_30.jpg,3
crazing_300,/content/steel_defect_project/raw/NEU-DET/IMAGES/crazing_300.jpg,200,200,0,[0],da5ab051795eaad60fd27912783daa746e453c7d286ea12f0d0b9cb3935fc134,train,/content/steel_defect_project/dataset/split_0743b20802d2/images/train/crazing_300.jpg,3
crazing_31,/content/steel_defect_project/raw/NEU-DET/IMAGES/crazing_31.jpg,200,200,0,[0],3c9068627218686c89fce6b756339a1b38722d9581cb6bf232283ee45e711693,train,/content/steel_defect_project/dataset/split_0743b20802d2/images/train/crazing_31.jpg,2
crazing_32,/content/steel_defect_project/raw/NEU-DET/IMAGES/crazing_32.jpg,200,200,0,[0],6fc191a9c9de54720dedfa9187bd933b4fcc5c0511e8cef29654efcb90df6adb,train,/content/steel_defect_project/dataset/split_0743b20802d2/images/train/crazing_32.jpg,2
crazing_33,/content/steel_defect_project/raw/NEU-DET/IMAGES/crazing_33.jpg,200,200,0,[0],9443c7300b323252ddaa7cf2869e7dabc72b71fd5ca240b074458f1f4bb7f987,train,/content/steel_defect_project/dataset/split_0743b20802d2/images/train/crazing_33.jpg,1
crazing_34,/content/steel_defect_project/raw/NEU-DET/IMAGES/crazing_34.jpg,200,200,0,[0],01b2d28b8802030a7d3ab8674c24cfc1482edadf070f0047efe3bf6d7410ba48,train,/content/steel_defect_project/dataset/split_0743b20802d2/images/train/crazing_34.jpg,3
crazing_35,/content/steel_defect_project/raw/NEU-DET/IMAGES/crazing_35.jpg,200,200,0,[0],e7b2892b2f469d6e8eda0683a8f9eee11807e92a2c7b025914b6764304d51680,test,/content/steel_defect_project/dataset/split_0743b20802d2/images/test/crazing_35.jpg,3
crazing_36,/content/steel_defect_project/raw/NEU-DET/IMAGES/crazing_36.jpg,200,200,0,[0],217119a41b29e172de4877e3d80f109ef01b8629fcc27a5b31d7c70e44f2364b,train,/content/steel_defect_project/dataset/split_0743b20802d2/images/train/crazing_36.jpg,1
crazing_37,/content/steel_defect_project/raw/NEU-DET/IMAGES/crazing_37.jpg,200,200,0,[0],a9d530f9ced6320b9fba40e202225fd912288ed0321f12e76a7c7eab8fc105fd,train,/content/steel_defect_project/dataset/split_0743b20802d2/images/train/crazing_37.jpg,1
crazing_38,/content/steel_defect_project/raw/NEU-DET/IMAGES/crazing_38.jpg,200,200,0,[0],95cae5c24b620797ec9563235eb84ed2e149858fcfb289ef133a1dbcb54abad6,train,/content/steel_defect_project/dataset/split_0743b20802d2/images/train/crazing_38.jpg,2
crazing_39,/content/steel_defect_project/raw/NEU-DET/IMAGES/crazing_39.jpg,200,200,0,[0],18ae7ddf9531030fa71f3e8b4bbd645f8d6775a101191b6fab0cbdd017c1c742,train,/content/steel_defect_project/dataset/split_0743b20802d2/images/train/crazing_39.jpg,2
crazing_4,/content/steel_defect_project/raw/NEU-DET/IMAGES/crazing_4.jpg,200,200,0,[0],e9b768a535b3ed103de0feb57b56e614c50b3526bb1b5267fe51d824f966b25e,val,/content/steel_defect_project/dataset/split_0743b20802d2/images/val/crazing_4.jpg,2
crazing_40,/content/steel_defect_project/raw/NEU-DET/IMAGES/crazing_40.jpg,200,200,0,[0],a4f470a8ba604d0529244eb043172dbbeae7f644a8402c3798ecfbeb0f949da0,test,/content/steel_defect_project/dataset/split_0743b20802d2/images/test/crazing_40.jpg,2
crazing_41,/content/steel_defect_project/raw/NEU-DET/IMAGES/crazing_41.jpg,200,200,0,[0],06b71a5bcc7ae008286104eaa65f3156554ef1753af7faf22af3080f76627617,train,/content/steel_defect_project/dataset/split_0743b20802d2/images/train/crazing_41.jpg,2
crazing_42,/content/steel_defect_project/raw/NEU-DET/IMAGES/crazing_42.jpg,200,200,0,[0],10b0c3625a3cd35d647614a6e9f46f7bb4b3e5526dbbe124be063919aceab20c,val,/content/steel_defect_project/dataset/split_0743b20802d2/images/val/crazing_42.jpg,1
crazing_43,/content/steel_defect_project/raw/NEU-DET/IMAGES/crazing_43.jpg,200,200,0,[0],54fa1609e21ccb02a1c8e18669d170a84fd4b381d3a9502bf645d242cacf8b2b,train,/content/steel_defect_project/dataset/split_0743b20802d2/images/train/crazing_43.jpg,3
crazing_44,/content/steel_defect_project/raw/NEU-DET/IMAGES/crazing_44.jpg,200,200,0,[0],0c715de6956850ef9aa8d7d61edd63d2dfd599e4f05637adfef63b51df9649eb,train,/content/steel_defect_project/dataset/split_0743b20802d2/images/train/crazing_44.jpg,2
crazing_45,/content/steel_defect_project/raw/NEU-DET/IMAGES/crazing_45.jpg,200,200,0,[0],2610037904b41b3bb0f0830c1881b3e548910ee07bcb9d289d143a31965739cc,val,/content/steel_defect_project/dataset/split_0743b20802d2/images/val/crazing_45.jpg,1
crazing_46,/content/steel_defect_project/raw/NEU-DET/IMAGES/crazing_46.jpg,200,200,0,[0],5de9235d1f0887d78c78b104facd27ab3509a5d6885a0c18f0dcc9a6c94447ac,train,/content/steel_defect_project/dataset/split_0743b20802d2/images/train/crazing_46.jpg,1
crazing_47,/content/steel_defect_project/raw/NEU-DET/IMAGES/crazing_47.jpg,200,200,0,[0],59a5fab92c6c7cffca59382a007d769039a329aac45e47baa69a72b6cb67df5a,train,/content/steel_defect_project/dataset/split_0743b20802d2/images/train/crazing_47.jpg,2
crazing_48,/content/steel_defect_project/raw/NEU-DET/IMAGES/crazing_48.jpg,200,200,0,[0],543d36bf5a789623adaa85d8d6a4e35466142a788a848f68d1d4adc51eb64bc5,train,/content/steel_defect_project/dataset/split_0743b20802d2/images/train/crazing_48.jpg,2
crazing_49,/content/steel_defect_project/raw/NEU-DET/IMAGES/crazing_49.jpg,200,200,0,[0],3cc91b3fe7885e4f08571a2af1d5bcbfaca4ade851c73a234c097d3c01a57a75,train,/content/steel_defect_project/dataset/split_0743b20802d2/images/train/crazing_49.jpg,2
crazing_5,/content/steel_defect_project/raw/NEU-DET/IMAGES/crazing_5.jpg,200,200,0,[0],5e3e83a3548dc096f17c7a0eeba3ba966e96988c515d03b849ceec2127fbf9df,train,/content/steel_defect_project/dataset/split_0743b20802d2/images/train/crazing_5.jpg,2
crazing_50,/content/steel_defect_project/raw/NEU-DET/IMAGES/crazing_50.jpg,200,200,0,[0],b4d066fede3ea586a961b7b47bb99dc49f6b58d0d4973234204135cbd2af5f18,train,/content/steel_defect_project/dataset/split_0743b20802d2/images/train/crazing_50.jpg,2
crazing_51,/content/steel_defect_project/raw/NEU-DET/IMAGES/crazing_51.jpg,200,200,0,[0],fa462605867dac6f922c3c075eefb2d1035c272de099622141085d733ef4d10e,train,/content/steel_defect_project/dataset/split_0743b20802d2/images/train/crazing_51.jpg,2
crazing_52,/content/steel_defect_project/raw/NEU-DET/IMAGES/crazing_52.jpg,200,200,0,[0],d727898e9d7ecf607675c49b234447bb9d13184b3ea4cecbc30734023e858d2d,train,/content/steel_defect_project/dataset/split_0743b20802d2/images/train/crazing_52.jpg,2
crazing_53,/content/steel_defect_project/raw/NEU-DET/IMAGES/crazing_53.jpg,200,200,0,[0],d3a933532699a60e889d4908c00bfbece108926896505c401675c89a432f590f,train,/content/steel_defect_project/dataset/split_0743b20802d2/images/train/crazing_53.jpg,2
crazing_54,/content/steel_defect_project/raw/NEU-DET/IMAGES/crazing_54.jpg,200,200,0,[0],4d087d38e3caec3f00fb328683fd533274dac81a08234bb006061d8d9e50a9dc,train,/content/steel_defect_project/dataset/split_0743b20802d2/images/train/crazing_54.jpg,2
crazing_55,/content/steel_defect_project/raw/NEU-DET/IMAGES/crazing_55.jpg,200,200,0,[0],427dd5868ce4777acf1c24e231fe3a73177f425941c44fb41d0b83f5223205ee,train,/content/steel_defect_project/dataset/split_0743b20802d2/images/train/crazing_55.jpg,2
crazing_56,/content/steel_defect_project/raw/NEU-DET/IMAGES/crazing_56.jpg,200,200,0,[0],e5f6782f440ca073fc6a46b947ccd69d6ad4ec244b12650a9682079e05862044,train,/content/steel_defect_project/dataset/split_0743b20802d2/images/train/crazing_56.jpg,3
crazing_57,/content/steel_defect_project/raw/NEU-DET/IMAGES/crazing_57.jpg,200,200,0,[0],b951886ea399d77f5e833a1a40f0e64b327398b3617c1a6693e0527cd6c478ad,train,/content/steel_defect_project/dataset/split_0743b20802d2/images/train/crazing_57.jpg,2
crazing_58,/content/steel_defect_project/raw/NEU-DET/IMAGES/crazing_58.jpg,200,200,0,[0],0a6db0680ab55d533f137fcdc3e518a77741fc6e0c50e8a9716a974c1b5a6121,train,/content/steel_defect_project/dataset/split_0743b20802d2/images/train/crazing_58.jpg,2
crazing_59,/content/steel_defect_project/raw/NEU-DET/IMAGES/crazing_59.jpg,200,200,0,[0],a5bb1fd4928705f69ccc4963373e9a19355698e7fe9d007ef1926386d1918596,train,/content/steel_defect_project/dataset/split_0743b20802d2/images/train/crazing_59.jpg,1
crazing_6,/content/steel_defect_project/raw/NEU-DET/IMAGES/crazing_6.jpg,200,200,0,[0],9d07cdbab0439ce80f984f333a3275339830dc74aedb5bd724e154f29123f983,train,/content/steel_defect_project/dataset/split_0743b20802d2/images/train/crazing_6.jpg,2
crazing_60,/content/steel_defect_project/raw/NEU-DET/IMAGES/crazing_60.jpg,200,200,0,[0],202f5fb28f45c51da906f8a03d3ecac99164074fe545e86ffabb5396c7e8f536,train,/content/steel_defect_project/dataset/split_0743b20802d2/images/train/crazing_60.jpg,2
crazing_61,/content/steel_defect_project/raw/NEU-DET/IMAGES/crazing_61.jpg,200,200,0,[0],7b80a191d643ae459fa0b062ece934451230d3ba721d2d36d51b6b924a941513,test,/content/steel_defect_project/dataset/split_0743b20802d2/images/test/crazing_61.jpg,2
crazing_62,/content/steel_defect_project/raw/NEU-DET/IMAGES/crazing_62.jpg,200,200,0,[0],79c393b147325f23f9e075b0461e4e082ea3ed35e980094eb459872ebf11c458,train,/content/steel_defect_project/dataset/split_0743b20802d2/images/train/crazing_62.jpg,2
crazing_63,/content/steel_defect_project/raw/NEU-DET/IMAGES/crazing_63.jpg,200,200,0,[0],154bff443b4714b40b19469a13f0b1ecbdb17aff4fef468cb665bdd38b26d0cd,train,/content/steel_defect_project/dataset/split_0743b20802d2/images/train/crazing_63.jpg,2
crazing_64,/content/steel_defect_project/raw/NEU-DET/IMAGES/crazing_64.jpg,200,200,0,[0],ef9dc335f30082024416667e26bfabc488b90ed065021b2bc8ba4902f71b05fb,train,/content/steel_defect_project/dataset/split_0743b20802d2/images/train/crazing_64.jpg,2
crazing_65,/content/steel_defect_project/raw/NEU-DET/IMAGES/crazing_65.jpg,200,200,0,[0],1f6e828921187b8d6deed921e5d5f3ce8c541b8b72abe9de43d66ca7baaaf1b1,train,/content/steel_defect_project/dataset/split_0743b20802d2/images/train/crazing_65.jpg,3
crazing_66,/content/steel_defect_project/raw/NEU-DET/IMAGES/crazing_66.jpg,200,200,0,[0],1c7a68cde8be063b86950b32893d1cd447f62b372c39b026e46df20ae7fd7bb6,val,/content/steel_defect_project/dataset/split_0743b20802d2/images/val/crazing_66.jpg,2
crazing_67,/content/steel_defect_project/raw/NEU-DET/IMAGES/crazing_67.jpg,200,200,0,[0],ea456d551372457b2858e74b3fd05a4c66447dc0c2fc52850f8ce96b7aa0abdc,train,/content/steel_defect_project/dataset/split_0743b20802d2/images/train/crazing_67.jpg,1
crazing_68,/content/steel_defect_project/raw/NEU-DET/IMAGES/crazing_68.jpg,200,200,0,[0],d1f7958b459a114c516591519c13d6e43afa2305d09adf3eacd4503a550c73e2,val,/content/steel_defect_project/dataset/split_0743b20802d2/images/val/crazing_68.jpg,2
crazing_69,/content/steel_defect_project/raw/NEU-DET/IMAGES/crazing_69.jpg,200,200,0,[0],d221b462f09da713f7dd543c79980897b142bbf4a635c2b296ce3277356f1c4b,train,/content/steel_defect_project/dataset/split_0743b20802d2/images/train/crazing_69.jpg,2
crazing_7,/content/steel_defect_project/raw/NEU-DET/IMAGES/crazing_7.jpg,200,200,0,[0],966672ca004cf65780566b6340a63543493c592b4e151838471f07ae0152be4a,train,/content/steel_defect_project/dataset/split_0743b20802d2/images/train/crazing_7.jpg,2
crazing_70,/content/steel_defect_project/raw/NEU-DET/IMAGES/crazing_70.jpg,200,200,0,[0],c3f5705434bf24e8693acf7a782a062dc048e082a93fa137a9b96b27d7ef84bc,train,/content/steel_defect_project/dataset/split_0743b20802d2/images/train/crazing_70.jpg,2
crazing_71,/content/steel_defect_project/raw/NEU-DET/IMAGES/crazing_71.jpg,200,200,0,[0],6d0416abbef8b4c76839feafccff243646323900d9b2b46241652d15c156d6ef,train,/content/steel_defect_project/dataset/split_0743b20802d2/images/train/crazing_71.jpg,3
crazing_72,/content/steel_defect_project/raw/NEU-DET/IMAGES/crazing_72.jpg,200,200,0,[0],0e8eaa36e15083ac013f829deb59fdaba1ba163e5aa607b0653556f93e91215e,train,/content/steel_defect_project/dataset/split_0743b20802d2/images/train/crazing_72.jpg,2
crazing_73,/content/steel_defect_project/raw/NEU-DET/IMAGES/crazing_73.jpg,200,200,0,[0],0aef492f382f5ae2b211b630cccc83cb3b0aa1fa21dcab72d0d1eb07d5d5949a,train,/content/steel_defect_project/dataset/split_0743b20802d2/images/train/crazing_73.jpg,2
crazing_74,/content/steel_defect_project/raw/NEU-DET/IMAGES/crazing_74.jpg,200,200,0,[0],4e9cb335138943d68ba07cfe8482e768227bc178171e819fc1f54223912bffa9,val,/content/steel_defect_project/dataset/split_0743b20802d2/images/val/crazing_74.jpg,2
crazing_75,/content/steel_defect_project/raw/NEU-DET/IMAGES/crazing_75.jpg,200,200,0,[0],dc4157b7c265adda3dc5b04ef0a74b08d59ed9df38088a4f335befe5d59f1042,val,/content/steel_defect_project/dataset/split_0743b20802d2/images/val/crazing_75.jpg,2
crazing_76,/content/steel_defect_project/raw/NEU-DET/IMAGES/crazing_76.jpg,200,200,0,[0],eb6a6dfcd47dbf9d0a3d070423d25b5d1894b1b2b4147afb81b7ea10b867790a,train,/content/steel_defect_project/dataset/split_0743b20802d2/images/train/crazing_76.jpg,2
crazing_77,/content/steel_defect_project/raw/NEU-DET/IMAGES/crazing_77.jpg,200,200,0,[0],98602f2339ecbc9c1bcef7918b22fea2748b7392684075283d9a8038951c355c,train,/content/steel_defect_project/dataset/split_0743b20802d2/images/train/crazing_77.jpg,1
crazing_78,/content/steel_defect_project/raw/NEU-DET/IMAGES/crazing_78.jpg,200,200,0,[0],2e04c733d0a7919e6043878263ae083b3beded5602fab47c6d5c6a5446bdba1b,train,/content/steel_defect_project/dataset/split_0743b20802d2/images/train/crazing_78.jpg,3
crazing_79,/content/steel_defect_project/raw/NEU-DET/IMAGES/crazing_79.jpg,200,200,0,[0],e91dd2f7a27b9fe80fb75f3550eb3ce08f23a12e1b33aff7d2cc6cdb6d3ac04a,test,/content/steel_defect_project/dataset/split_0743b20802d2/images/test/crazing_79.jpg,2
crazing_8,/content/steel_defect_project/raw/NEU-DET/IMAGES/crazing_8.jpg,200,200,0,[0],37b02b5c8c3dc39899904540b21ef23d999482ac7fcfd170f10d4cdff8efa50f,train,/content/steel_defect_project/dataset/split_0743b20802d2/images/train/crazing_8.jpg,2
crazing_80,/content/steel_defect_project/raw/NEU-DET/IMAGES/crazing_80.jpg,200,200,0,[0],7cf9a0c74e6f14f1671c6b3155a11bdfa10f358dbe6e0122bd2fac9b91839426,test,/content/steel_defect_project/dataset/split_0743b20802d2/images/test/crazing_80.jpg,1
crazing_81,/content/steel_defect_project/raw/NEU-DET/IMAGES/crazing_81.jpg,200,200,0,[0],5fc909609e7184821f46ac15c6899e2bb10da208f39217b506beef34413e8d41,train,/content/steel_defect_project/dataset/split_0743b20802d2/images/train/crazing_81.jpg,1
crazing_82,/content/steel_defect_project/raw/NEU-DET/IMAGES/crazing_82.jpg,200,200,0,[0],49f1ef34c1badf0d559c8e3af58c585461826ea50dbaf4cc4d60245d315ab393,train,/content/steel_defect_project/dataset/split_0743b20802d2/images/train/crazing_82.jpg,2
crazing_83,/content/steel_defect_project/raw/NEU-DET/IMAGES/crazing_83.jpg,200,200,0,[0],5c5138d080e5af68ef29461defa36999448e0ea3ca577dd2a0dae0457ab00a3c,train,/content/steel_defect_project/dataset/split_0743b20802d2/images/train/crazing_83.jpg,3
crazing_84,/content/steel_defect_project/raw/NEU-DET/IMAGES/crazing_84.jpg,200,200,0,[0],49ef09d6fcf5446cb5721f31cdd438da9564739163f5f9fe0abea75786250c73,train,/content/steel_defect_project/dataset/split_0743b20802d2/images/train/crazing_84.jpg,1
crazing_85,/content/steel_defect_project/raw/NEU-DET/IMAGES/crazing_85.jpg,200,200,0,[0],4661bf8f4894a91472b29c81f38aa18dba09b03ccf46fc288852842ba446b66c,train,/content/steel_defect_project/dataset/split_0743b20802d2/images/train/crazing_85.jpg,3
crazing_86,/content/steel_defect_project/raw/NEU-DET/IMAGES/crazing_86.jpg,200,200,0,[0],e94c1d4684af1dc49436f97c8d3bff7dc20f47f8b1e9bf63f6ebb78595031983,train,/content/steel_defect_project/dataset/split_0743b20802d2/images/train/crazing_86.jpg,4
crazing_87,/content/steel_defect_project/raw/NEU-DET/IMAGES/crazing_87.jpg,200,200,0,[0],ca7b27725cc5a74b0a2c0bf60f14b521ffe428bd7a7ecfb1fa36de29d110e78a,train,/content/steel_defect_project/dataset/split_0743b20802d2/images/train/crazing_87.jpg,3
crazing_88,/content/steel_defect_project/raw/NEU-DET/IMAGES/crazing_88.jpg,200,200,0,[0],45eb40ce809e3f9aebf9146991d820a2e76ddb39c90961249db6929aa1f74942,test,/content/steel_defect_project/dataset/split_0743b20802d2/images/test/crazing_88.jpg,2
crazing_89,/content/steel_defect_project/raw/NEU-DET/IMAGES/crazing_89.jpg,200,200,0,[0],c0f9010a788aaf3ba52eaa58ffd07d32569c0f53ace0cfd0068a4db62f9bc133,train,/content/steel_defect_project/dataset/split_0743b20802d2/images/train/crazing_89.jpg,2
crazing_9,/content/steel_defect_project/raw/NEU-DET/IMAGES/crazing_9.jpg,200,200,0,[0],619f494c1207319179ada9134b117f97c3b8fb5c0866043db622cbd1f0f5c942,train,/content/steel_defect_project/dataset/split_0743b20802d2/images/train/crazing_9.jpg,2
crazing_90,/content/steel_defect_project/raw/NEU-DET/IMAGES/crazing_90.jpg,200,200,0,[0],aeec9a531d0acfb1065cbbdd370207fa09ada35c1d0064eb40a638daad00c800,test,/content/steel_defect_project/dataset/split_0743b20802d2/images/test/crazing_90.jpg,1
crazing_91,/content/steel_defect_project/raw/NEU-DET/IMAGES/crazing_91.jpg,200,200,0,[0],d458d4fe9125fd0b97d06625499d88c9472904c2f6237647b7129f4e58630bc8,train,/content/steel_defect_project/dataset/split_0743b20802d2/images/train/crazing_91.jpg,3
crazing_92,/content/steel_defect_project/raw/NEU-DET/IMAGES/crazing_92.jpg,200,200,0,[0],cdcfd8976616b8ae379cef5f75e96ae82e65f394afaece470b5a260796a96d8e,test,/content/steel_defect_project/dataset/split_0743b20802d2/images/test/crazing_92.jpg,2
crazing_93,/content/steel_defect_project/raw/NEU-DET/IMAGES/crazing_93.jpg,200,200,0,[0],089c7bf5dc45b340a0a3ac07f76a0b8df68f1c24a037b72665025dd866144046,test,/content/steel_defect_project/dataset/split_0743b20802d2/images/test/crazing_93.jpg,2
crazing_94,/content/steel_defect_project/raw/NEU-DET/IMAGES/crazing_94.jpg,200,200,0,[0],8375c74c90c2fd50f2c5e800836884553ed06068c9179aac104cd0be4d4c5f78,val,/content/steel_defect_project/dataset/split_0743b20802d2/images/val/crazing_94.jpg,2
crazing_95,/content/steel_defect_project/raw/NEU-DET/IMAGES/crazing_95.jpg,200,200,0,[0],d78021f405f54d6384f42881c4d0c8ed4b05c02cfb46fe23afd553fa1575e287,train,/content/steel_defect_project/dataset/split_0743b20802d2/images/train/crazing_95.jpg,2
crazing_96,/content/steel_defect_project/raw/NEU-DET/IMAGES/crazing_96.jpg,200,200,0,[0],3691e85576fb257a21ae3a3b543026e657e24af349475e46a1c29fe239e59d2c,train,/content/steel_defect_project/dataset/split_0743b20802d2/images/train/crazing_96.jpg,3
crazing_97,/content/steel_defect_project/raw/NEU-DET/IMAGES/crazing_97.jpg,200,200,0,[0],8041e38e71132f4089eaf2a86ecff690b0ef13370afc199b41fc2af01df6bdd4,train,/content/steel_defect_project/dataset/split_0743b20802d2/images/train/crazing_97.jpg,3
crazing_98,/content/steel_defect_project/raw/NEU-DET/IMAGES/crazing_98.jpg,200,200,0,[0],e13254bf150b0cd0d25acc1e30fd1b065c56aa9060766d58f71701ce9a1a5b59,train,/content/steel_defect_project/dataset/split_0743b20802d2/images/train/crazing_98.jpg,4
crazing_99,/content/steel_defect_project/raw/NEU-DET/IMAGES/crazing_99.jpg,200,200,0,[0],3c6a5231410f8aa8a5d37074e4ac009b1788e6b231453f700bccdeabeb035980,train,/content/steel_defect_project/dataset/split_0743b20802d2/images/train/crazing_99.jpg,3
inclusion_1,/content/steel_defect_project/raw/NEU-DET/IMAGES/inclusion_1.jpg,200,200,1,[1],1c62433000a441c71aa64fdc68a7166ffc82649d734706dc3cbedb912e7187c1,train,/content/steel_defect_project/dataset/split_0743b20802d2/images/train/inclusion_1.jpg,4
inclusion_10,/content/steel_defect_project/raw/NEU-DET/IMAGES/inclusion_10.jpg,200,200,1,[1],ec4b27da0fe994b261d4a3e73ee7a48fab67c4ddaaa1f4d289d6b3ea4f7256ba,train,/content/steel_defect_project/dataset/split_0743b20802d2/images/train/inclusion_10.jpg,3
inclusion_100,/content/steel_defect_project/raw/NEU-DET/IMAGES/inclusion_100.jpg,200,200,1,[1],808638b8f111763adbbdfd6db1ae84f4d6139ac0f0369b83e217aaa01dc9bb48,val,/content/steel_defect_project/dataset/split_0743b20802d2/images/val/inclusion_100.jpg,1
inclusion_101,/content/steel_defect_project/raw/NEU-DET/IMAGES/inclusion_101.jpg,200,200,1,[1],61653ddd7afee28361cc57dd59a333ff48245f078ef2152750af4a76759bb47b,train,/content/steel_defect_project/dataset/split_0743b20802d2/images/train/inclusion_101.jpg,1
inclusion_102,/content/steel_defect_project/raw/NEU-DET/IMAGES/inclusion_102.jpg,200,200,1,[1],3528f13ad81015e8599c0ef95ce92e8d80d90eef352f573f4c20e82157dfcc74,test,/content/steel_defect_project/dataset/split_0743b20802d2/images/test/inclusion_102.jpg,2
inclusion_103,/content/steel_defect_project/raw/NEU-DET/IMAGES/inclusion_103.jpg,200,200,1,[1],4ce4e36716c26481d557782bab6a394381417138dbe18e107e9c0720bcfc5f4e,train,/content/steel_defect_project/dataset/split_0743b20802d2/images/train/inclusion_103.jpg,1
inclusion_104,/content/steel_defect_project/raw/NEU-DET/IMAGES/inclusion_104.jpg,200,200,1,[1],d79f0bd4e6e08daaeb89428a4660a9bcf82a2c7d3d97db8869590d215d42345c,train,/content/steel_defect_project/dataset/split_0743b20802d2/images/train/inclusion_104.jpg,3
inclusion_105,/content/steel_defect_project/raw/NEU-DET/IMAGES/inclusion_105.jpg,200,200,1,[1],a527a39c2bc72a30cd90d6ae772e0b01f8854b737c370e9902f7b076824bbac8,train,/content/steel_defect_project/dataset/split_0743b20802d2/images/train/inclusion_105.jpg,4
inclusion_106,/content/steel_defect_project/raw/NEU-DET/IMAGES/inclusion_106.jpg,200,200,1,[1],f2c01593e3ee6320f01d85cf4e50ce93b678080408c0ab84a13a57cc580e12b0,train,/content/steel_defect_project/dataset/split_0743b20802d2/images/train/inclusion_106.jpg,1
inclusion_107,/content/steel_defect_project/raw/NEU-DET/IMAGES/inclusion_107.jpg,200,200,1,[1],d5cc073c6ad5eb345261907855a2d4c4ce9e67ac2976c6b98a93c294ea5e2ecc,train,/content/steel_defect_project/dataset/split_0743b20802d2/images/train/inclusion_107.jpg,4
inclusion_108,/content/steel_defect_project/raw/NEU-DET/IMAGES/inclusion_108.jpg,200,200,1,[1],00bbf145166f96c3bca6ff57ac6c4f23f3c722be911c18865e935f86f4035ea0,train,/content/steel_defect_project/dataset/split_0743b20802d2/images/train/inclusion_108.jpg,2
inclusion_109,/content/steel_defect_project/raw/NEU-DET/IMAGES/inclusion_109.jpg,200,200,1,[1],26da793e7b8cf6492044833c903eea01fb3e5eb80cad9bc80b075dbb50a5fc95,train,/content/steel_defect_project/dataset/split_0743b20802d2/images/train/inclusion_109.jpg,3
inclusion_11,/content/steel_defect_project/raw/NEU-DET/IMAGES/inclusion_11.jpg,200,200,1,[1],83a02aaa33dc54efcc30145f387b9ab226c27365ae9d868fd6614f24759f69a8,train,/content/steel_defect_project/dataset/split_0743b20802d2/images/train/inclusion_11.jpg,1
inclusion_110,/content/steel_defect_project/raw/NEU-DET/IMAGES/inclusion_110.jpg,200,200,1,[1],cd17a0ef8bf352bb3c9f4d9b9b0c99755aec5b594ba1227062827bbbc76bc419,train,/content/steel_defect_project/dataset/split_0743b20802d2/images/train/inclusion_110.jpg,3
inclusion_111,/content/steel_defect_project/raw/NEU-DET/IMAGES/inclusion_111.jpg,200,200,1,[1],69b17389ec2a8a66d5299d56df2673b417c0449894615d7b23d2873f3dbf2829,train,/content/steel_defect_project/dataset/split_0743b20802d2/images/train/inclusion_111.jpg,4
inclusion_112,/content/steel_defect_project/raw/NEU-DET/IMAGES/inclusion_112.jpg,200,200,1,[1],0e386a2f3ab7fdd8943ff3fcded6853dd3b44738ae21c5135da4d273ff068d56,train,/content/steel_defect_project/dataset/split_0743b20802d2/images/train/inclusion_112.jpg,3
inclusion_113,/content/steel_defect_project/raw/NEU-DET/IMAGES/inclusion_113.jpg,200,200,1,[1],81c39a31c02ffd9ec7133cc013481c6071d44bc446310efa090197af49dcf211,train,/content/steel_defect_project/dataset/split_0743b20802d2/images/train/inclusion_113.jpg,6
inclusion_114,/content/steel_defect_project/raw/NEU-DET/IMAGES/inclusion_114.jpg,200,200,1,[1],0acdae69ac346757d8de3b321628b55b2609e188d7061c16b16dd4b93a3ece7c,val,/content/steel_defect_project/dataset/split_0743b20802d2/images/val/inclusion_114.jpg,6
inclusion_115,/content/steel_defect_project/raw/NEU-DET/IMAGES/inclusion_115.jpg,200,200,1,[1],9a9b82de870cf5a652a6bb9b1b76be786fef70f76d2f29974aebf99dc9951685,val,/content/steel_defect_project/dataset/split_0743b20802d2/images/val/inclusion_115.jpg,7
inclusion_116,/content/steel_defect_project/raw/NEU-DET/IMAGES/inclusion_116.jpg,200,200,1,[1],372fca16c231da4a8080e985c2f5d2266d9735078ba85f8d7136f3565a32fcb5,train,/content/steel_defect_project/dataset/split_0743b20802d2/images/train/inclusion_116.jpg,4
inclusion_117,/content/steel_defect_project/raw/NEU-DET/IMAGES/inclusion_117.jpg,200,200,1,[1],897ffd6c962bd3d1003c59003d478846ed5048e720d640df40244d6a771f6e51,test,/content/steel_defect_project/dataset/split_0743b20802d2/images/test/inclusion_117.jpg,4
inclusion_118,/content/steel_defect_project/raw/NEU-DET/IMAGES/inclusion_118.jpg,200,200,1,[1],845c55488596ec9a87f2d55bd2cdd1edf5744b66b8880d2d543763380ced6b5b,train,/content/steel_defect_project/dataset/split_0743b20802d2/images/train/inclusion_118.jpg,3
inclusion_119,/content/steel_defect_project/raw/NEU-DET/IMAGES/inclusion_119.jpg,200,200,1,[1],42771e2be034d706bd6682503f2adf181f5e66553e86e13e1281170d149ed02d,train,/content/steel_defect_project/dataset/split_0743b20802d2/images/train/inclusion_119.jpg,3
inclusion_12,/content/steel_defect_project/raw/NEU-DET/IMAGES/inclusion_12.jpg,200,200,1,[1],498b1c80e9ed0ac8bf09202546106a62caac9295d20327ffca93fad2b8da7aeb,train,/content/steel_defect_project/dataset/split_0743b20802d2/images/train/inclusion_12.jpg,5
inclusion_120,/content/steel_defect_project/raw/NEU-DET/IMAGES/inclusion_120.jpg,200,200,1,[1],69bc21a07bfaf760e9f3bcb49b1abbd7a27cb57dff91578691197c925a987c92,train,/content/steel_defect_project/dataset/split_0743b20802d2/images/train/inclusion_120.jpg,6
inclusion_121,/content/steel_defect_project/raw/NEU-DET/IMAGES/inclusion_121.jpg,200,200,1,[1],7b19586c3096d6dd7c489aa124c15c18d3a2fa5d54973cfe6974c30b80b3a1f4,test,/content/steel_defect_project/dataset/split_0743b20802d2/images/test/inclusion_121.jpg,3
inclusion_122,/content/steel_defect_project/raw/NEU-DET/IMAGES/inclusion_122.jpg,200,200,1,[1],1ce7c79907cd62073aea7638dc37075a0c74eacd26608bfd75b937fa8ffbec8c,val,/content/steel_defect_project/dataset/split_0743b20802d2/images/val/inclusion_122.jpg,4
inclusion_123,/content/steel_defect_project/raw/NEU-DET/IMAGES/inclusion_123.jpg,200,200,1,[1],41072e53e3a2a7d3b0341c09276b9f2ed0c92da22457d7c847b277ff3d3c76d6,val,/content/steel_defect_project/dataset/split_0743b20802d2/images/val/inclusion_123.jpg,2
inclusion_124,/content/steel_defect_project/raw/NEU-DET/IMAGES/inclusion_124.jpg,200,200,1,[1],a3b7746209e330947f0923b143aca2bd7ea6289470ff33bde63c46a219d326d0,train,/content/steel_defect_project/dataset/split_0743b20802d2/images/train/inclusion_124.jpg,5
inclusion_125,/content/steel_defect_project/raw/NEU-DET/IMAGES/inclusion_125.jpg,200,200,1,[1],2ae1bedc572f73a0b8b90393369814bf227bc500c35df9eed39bf64cc0cdd55c,test,/content/steel_defect_project/dataset/split_0743b20802d2/images/test/inclusion_125.jpg,9
inclusion_126,/content/steel_defect_project/raw/NEU-DET/IMAGES/inclusion_126.jpg,200,200,1,[1],6368063f0a6f703a5741ca2da39d280c1763dc585ac0ea26d8ca49e0d8492e89,train,/content/steel_defect_project/dataset/split_0743b20802d2/images/train/inclusion_126.jpg,5
inclusion_127,/content/steel_defect_project/raw/NEU-DET/IMAGES/inclusion_127.jpg,200,200,1,[1],ed6536a7d84312db217617826ec9ea5b724bf05384cde48eef5e7ce2b0b498c5,test,/content/steel_defect_project/dataset/split_0743b20802d2/images/test/inclusion_127.jpg,3
inclusion_128,/content/steel_defect_project/raw/NEU-DET/IMAGES/inclusion_128.jpg,200,200,1,[1],c470ec9dfe730cafd7c16350e9232059f005ee83610b78e2acecab17c5b7fe83,train,/content/steel_defect_project/dataset/split_0743b20802d2/images/train/inclusion_128.jpg,3
inclusion_129,/content/steel_defect_project/raw/NEU-DET/IMAGES/inclusion_129.jpg,200,200,1,[1],e77429950c916da319dc92e2df9e4d3f0408f40d3e7f026218eb9c548bc054ae,val,/content/steel_defect_project/dataset/split_0743b20802d2/images/val/inclusion_129.jpg,4
inclusion_13,/content/steel_defect_project/raw/NEU-DET/IMAGES/inclusion_13.jpg,200,200,1,[1],425a5482569c616335262b552089cb982e93d20f3b67ef6c4e5a564f12ddb876,test,/content/steel_defect_project/dataset/split_0743b20802d2/images/test/inclusion_13.jpg,5
inclusion_130,/content/steel_defect_project/raw/NEU-DET/IMAGES/inclusion_130.jpg,200,200,1,[1],3009125381baa2445cae63a3abe2aec30fb2587202fbfbf5e8b62f7f4ccc338f,test,/content/steel_defect_project/dataset/split_0743b20802d2/images/test/inclusion_130.jpg,9
inclusion_131,/content/steel_defect_project/raw/NEU-DET/IMAGES/inclusion_131.jpg,200,200,1,[1],775f93c1b36e90d2c22aae88e3b9260c34c9b4bc58ec552fd7d1da07ae06a684,train,/content/steel_defect_project/dataset/split_0743b20802d2/images/train/inclusion_131.jpg,1
inclusion_132,/content/steel_defect_project/raw/NEU-DET/IMAGES/inclusion_132.jpg,200,200,1,[1],b16ddc87ea430bb2592f19089c378b4de5736bb26ca6df56ed32ab7467708526,test,/content/steel_defect_project/dataset/split_0743b20802d2/images/test/inclusion_132.jpg,1
inclusion_133,/content/steel_defect_project/raw/NEU-DET/IMAGES/inclusion_133.jpg,200,200,1,[1],835b570e3d41599d33bf5bf024193f647648ba332c4577fbb36ddf5bd0779f3d,train,/content/steel_defect_project/dataset/split_0743b20802d2/images/train/inclusion_133.jpg,1
inclusion_134,/content/steel_defect_project/raw/NEU-DET/IMAGES/inclusion_134.jpg,200,200,1,[1],3feb75dc327628096c0bf51d0906c66f8d06452e3e9d8e0dd42009d224685c4f,val,/content/steel_defect_project/dataset/split_0743b20802d2/images/val/inclusion_134.jpg,2
inclusion_135,/content/steel_defect_project/raw/NEU-DET/IMAGES/inclusion_135.jpg,200,200,1,[1],8205c4ea088433450025818adac1cb9f7cab8d18b10c5e851a7dd3305f743d1b,val,/content/steel_defect_project/dataset/split_0743b20802d2/images/val/inclusion_135.jpg,2
inclusion_136,/content/steel_defect_project/raw/NEU-DET/IMAGES/inclusion_136.jpg,200,200,1,[1],1c49e12d62786bc6a5cc44ff23f1669e94d5cf460e570c95486820c11a787c06,test,/content/steel_defect_project/dataset/split_0743b20802d2/images/test/inclusion_136.jpg,2
inclusion_137,/content/steel_defect_project/raw/NEU-DET/IMAGES/inclusion_137.jpg,200,200,1,[1],ed1fa1988a5a8965c75e19e08b078c7f402c462ce26c7769b48aa0a329b5f7c7,train,/content/steel_defect_project/dataset/split_0743b20802d2/images/train/inclusion_137.jpg,2
inclusion_138,/content/steel_defect_project/raw/NEU-DET/IMAGES/inclusion_138.jpg,200,200,1,[1],b33aa13e6af089a56501cbea35705b5ddea4e96090f775ecf74366aced4d7d63,train,/content/steel_defect_project/dataset/split_0743b20802d2/images/train/inclusion_138.jpg,2
inclusion_139,/content/steel_defect_project/raw/NEU-DET/IMAGES/inclusion_139.jpg,200,200,1,[1],48bca6a7985bd0bcc4fd5117947bb245db3344b84c1c3dba11ba9011449f9f7c,train,/content/steel_defect_project/dataset/split_0743b20802d2/images/train/inclusion_139.jpg,3
inclusion_14,/content/steel_defect_project/raw/NEU-DET/IMAGES/inclusion_14.jpg,200,200,1,[1],daee9fabbd184ac3fc8af1ac949098a72130f9af43c80f56f7e3ca1399b20f6b,train,/content/steel_defect_project/dataset/split_0743b20802d2/images/train/inclusion_14.jpg,2
inclusion_140,/content/steel_defect_project/raw/NEU-DET/IMAGES/inclusion_140.jpg,200,200,1,[1],207590035f5a2582b5b3bd3f895842e69650cb5b54e5ad790e8b807a73310639,train,/content/steel_defect_project/dataset/split_0743b20802d2/images/train/inclusion_140.jpg,3
inclusion_141,/content/steel_defect_project/raw/NEU-DET/IMAGES/inclusion_141.jpg,200,200,1,[1],461f7f1aeb4f33ed43f72ab3938df3a2224d33fb2bea46e316f360250b53dafc,train,/content/steel_defect_project/dataset/split_0743b20802d2/images/train/inclusion_141.jpg,3
inclusion_142,/content/steel_defect_project/raw/NEU-DET/IMAGES/inclusion_142.jpg,200,200,1,[1],1cfe12c76ddeb99d3a647cda0060c5d237434036dcce2690cffbc3934b183d4c,train,/content/steel_defect_project/dataset/split_0743b20802d2/images/train/inclusion_142.jpg,2
inclusion_143,/content/steel_defect_project/raw/NEU-DET/IMAGES/inclusion_143.jpg,200,200,1,[1],102b4ec2a5cd02beabe375920b45b65893238a3c74854b99ce02f8b52eba3d44,train,/content/steel_defect_project/dataset/split_0743b20802d2/images/train/inclusion_143.jpg,4
inclusion_144,/content/steel_defect_project/raw/NEU-DET/IMAGES/inclusion_144.jpg,200,200,1,[1],323ba8be0b789daf38aa5ebbc5fe55a5fd77342f9ad52923f42f231a8549b6a1,train,/content/steel_defect_project/dataset/split_0743b20802d2/images/train/inclusion_144.jpg,4
inclusion_145,/content/steel_defect_project/raw/NEU-DET/IMAGES/inclusion_145.jpg,200,200,1,[1],19ee1aa4b606c798d5bd69a3e62cd844b56d869221ee88963d21fee34c9efe14,test,/content/steel_defect_project/dataset/split_0743b20802d2/images/test/inclusion_145.jpg,3
inclusion_146,/content/steel_defect_project/raw/NEU-DET/IMAGES/inclusion_146.jpg,200,200,1,[1],f939bc9b2b073c9b322de42fc18762301b76b0f03901e4c2390bf1e8803c1178,val,/content/steel_defect_project/dataset/split_0743b20802d2/images/val/inclusion_146.jpg,4
inclusion_147,/content/steel_defect_project/raw/NEU-DET/IMAGES/inclusion_147.jpg,200,200,1,[1],378a16a14e8656b6b18e3245618de6fc2c2b249128b752512bb2367a7e398af7,val,/content/steel_defect_project/dataset/split_0743b20802d2/images/val/inclusion_147.jpg,3
inclusion_148,/content/steel_defect_project/raw/NEU-DET/IMAGES/inclusion_148.jpg,200,200,1,[1],05644de1e26dd2494ab5f47106fe9b14f49ee05bed2925276a3bdbdc98a4d251,val,/content/steel_defect_project/dataset/split_0743b20802d2/images/val/inclusion_148.jpg,3
inclusion_149,/content/steel_defect_project/raw/NEU-DET/IMAGES/inclusion_149.jpg,200,200,1,[1],53d133456ee4023cc83c0202cf32cd4825266cc5dab310e88dec7b6f34d5680b,train,/content/steel_defect_project/dataset/split_0743b20802d2/images/train/inclusion_149.jpg,2
inclusion_15,/content/steel_defect_project/raw/NEU-DET/IMAGES/inclusion_15.jpg,200,200,1,[1],761aaf2731f1da7c822cfa390cb06658defd16b95534a72bf919acd1bdf34027,train,/content/steel_defect_project/dataset/split_0743b20802d2/images/train/inclusion_15.jpg,6
inclusion_150,/content/steel_defect_project/raw/NEU-DET/IMAGES/inclusion_150.jpg,200,200,1,[1],08eaaec67e8d35b2be9ce8b903435b4dedbbfb86366a5b593ca7214865275058,train,/content/steel_defect_project/dataset/split_0743b20802d2/images/train/inclusion_150.jpg,1
inclusion_151,/content/steel_defect_project/raw/NEU-DET/IMAGES/inclusion_151.jpg,200,200,1,[1],75b2c71b80f218d8aeea1dc533dbcf8c0a30bd84e6d18b562f57c02b7ea66420,train,/content/steel_defect_project/dataset/split_0743b20802d2/images/train/inclusion_151.jpg,4
inclusion_152,/content/steel_defect_project/raw/NEU-DET/IMAGES/inclusion_152.jpg,200,200,1,[1],c2bf38c017ff3fb72ff8e57cda02e43734342481d776b06266e1ff901fe56b96,train,/content/steel_defect_project/dataset/split_0743b20802d2/images/train/inclusion_152.jpg,3
inclusion_153,/content/steel_defect_project/raw/NEU-DET/IMAGES/inclusion_153.jpg,200,200,1,[1],578d9cb9a8751522b961694918b04bf6b2e0d393d0f1fdeada2b1822aaef3cb3,train,/content/steel_defect_project/dataset/split_0743b20802d2/images/train/inclusion_153.jpg,2
inclusion_154,/content/steel_defect_project/raw/NEU-DET/IMAGES/inclusion_154.jpg,200,200,1,[1],620bf34bea95da4895e3ec7d57121d8ccb7c47a49e185d184b5dda496620497e,test,/content/steel_defect_project/dataset/split_0743b20802d2/images/test/inclusion_154.jpg,5
inclusion_155,/content/steel_defect_project/raw/NEU-DET/IMAGES/inclusion_155.jpg,200,200,1,[1],4cfeacd75b844167b5cecde536f0fe5b25c5bcd3e49f1f3de169ead848001de3,val,/content/steel_defect_project/dataset/split_0743b20802d2/images/val/inclusion_155.jpg,3
inclusion_156,/content/steel_defect_project/raw/NEU-DET/IMAGES/inclusion_156.jpg,200,200,1,[1],d081d8e09475e91ac51b4cb256db22f84b8f21a1100e426a83e421aa96f00580,train,/content/steel_defect_project/dataset/split_0743b20802d2/images/train/inclusion_156.jpg,3
inclusion_157,/content/steel_defect_project/raw/NEU-DET/IMAGES/inclusion_157.jpg,200,200,1,[1],92e808f6b3049c33015710a94d077f3a1279c94d210384694fc5978218a270c2,train,/content/steel_defect_project/dataset/split_0743b20802d2/images/train/inclusion_157.jpg,5
inclusion_158,/content/steel_defect_project/raw/NEU-DET/IMAGES/inclusion_158.jpg,200,200,1,[1],33ab50115144deee45ee31c374a71b9e673caceadf64b82e6c10bf9650438459,train,/content/steel_defect_project/dataset/split_0743b20802d2/images/train/inclusion_158.jpg,2
inclusion_159,/content/steel_defect_project/raw/NEU-DET/IMAGES/inclusion_159.jpg,200,200,1,[1],a913df9fe73cf747491d975ce87e352b0e376a5b2dccb1bfc9002979d4912411,train,/content/steel_defect_project/dataset/split_0743b20802d2/images/train/inclusion_159.jpg,2
inclusion_16,/content/steel_defect_project/raw/NEU-DET/IMAGES/inclusion_16.jpg,200,200,1,[1],754dac97772298289c5bad68024615366494e40466d0a1cfcd465868122d4298,test,/content/steel_defect_project/dataset/split_0743b20802d2/images/test/inclusion_16.jpg,3
inclusion_160,/content/steel_defect_project/raw/NEU-DET/IMAGES/inclusion_160.jpg,200,200,1,[1],e040e4eb1e4c9594244760b87fb394a07755a8ec684a38018d29f6b8d1e98051,train,/content/steel_defect_project/dataset/split_0743b20802d2/images/train/inclusion_160.jpg,2
inclusion_161,/content/steel_defect_project/raw/NEU-DET/IMAGES/inclusion_161.jpg,200,200,1,[1],d6811b79d123b40558294a356a44cfb753cf2a00ebf95e0a3100d0824505cce8,val,/content/steel_defect_project/dataset/split_0743b20802d2/images/val/inclusion_161.jpg,3
inclusion_162,/content/steel_defect_project/raw/NEU-DET/IMAGES/inclusion_162.jpg,200,200,1,[1],261602b6cc47f18532a9a357e0dd64e57570cac9aee6d99997c654c7460226c7,train,/content/steel_defect_project/dataset/split_0743b20802d2/images/train/inclusion_162.jpg,4
inclusion_163,/content/steel_defect_project/raw/NEU-DET/IMAGES/inclusion_163.jpg,200,200,1,[1],611a09d64a3821cb24a3720c14c0e576d514ff84f1b19c2344a73b1d2b123dea,train,/content/steel_defect_project/dataset/split_0743b20802d2/images/train/inclusion_163.jpg,4
inclusion_164,/content/steel_defect_project/raw/NEU-DET/IMAGES/inclusion_164.jpg,200,200,1,[1],3f49a9d685786b69b76ef4c549bb94da026922d3d4408d79eb38dc175010a357,val,/content/steel_defect_project/dataset/split_0743b20802d2/images/val/inclusion_164.jpg,5
inclusion_165,/content/steel_defect_project/raw/NEU-DET/IMAGES/inclusion_165.jpg,200,200,1,[1],64d0a5384a05da4fd9570759c68405ad331785e43d7a1b16ccd374b0254db8f6,train,/content/steel_defect_project/dataset/split_0743b20802d2/images/train/inclusion_165.jpg,5
inclusion_166,/content/steel_defect_project/raw/NEU-DET/IMAGES/inclusion_166.jpg,200,200,1,[1],051e4e3cb7b9864a5dffa7a2a1c55bbf9a89226878b79be5fc78393121743574,train,/content/steel_defect_project/dataset/split_0743b20802d2/images/train/inclusion_166.jpg,4
inclusion_167,/content/steel_defect_project/raw/NEU-DET/IMAGES/inclusion_167.jpg,200,200,1,[1],e7d16b0b8b9d140b0d554e0f4d6ae8a8037809ab65bd33aaba20257dbe0c974a,train,/content/steel_defect_project/dataset/split_0743b20802d2/images/train/inclusion_167.jpg,3
inclusion_168,/content/steel_defect_project/raw/NEU-DET/IMAGES/inclusion_168.jpg,200,200,1,[1],488b0e7d00c82d18435c2bb6384e24d879482bdd0346cdacc10c63570935bc38,val,/content/steel_defect_project/dataset/split_0743b20802d2/images/val/inclusion_168.jpg,3
inclusion_169,/content/steel_defect_project/raw/NEU-DET/IMAGES/inclusion_169.jpg,200,200,1,[1],afe2618412b678fea852656776727c4c9192111034643058f06f09582f3d072a,val,/content/steel_defect_project/dataset/split_0743b20802d2/images/val/inclusion_169.jpg,3
inclusion_17,/content/steel_defect_project/raw/NEU-DET/IMAGES/inclusion_17.jpg,200,200,1,[1],3997be4220989bcc5cb9e0c45f443f60bf858294263be98b2801d5e15685f06b,train,/content/steel_defect_project/dataset/split_0743b20802d2/images/train/inclusion_17.jpg,6
inclusion_170,/content/steel_defect_project/raw/NEU-DET/IMAGES/inclusion_170.jpg,200,200,1,[1],5ea9ab866d2af9fa3b8582d6218938b642c96bc80a6c64f75e5d134cee2b9993,test,/content/steel_defect_project/dataset/split_0743b20802d2/images/test/inclusion_170.jpg,1
inclusion_171,/content/steel_defect_project/raw/NEU-DET/IMAGES/inclusion_171.jpg,200,200,1,[1],0e3fbef064494dfe11fd28114427f451d7fb96f3f891f809e2e7ecae8bbe8976,test,/content/steel_defect_project/dataset/split_0743b20802d2/images/test/inclusion_171.jpg,2
inclusion_172,/content/steel_defect_project/raw/NEU-DET/IMAGES/inclusion_172.jpg,200,200,1,[1],35eec1a26c59f910aa2a07e8aaf4a0e96871578989715fe1cb567791ad6e4dc4,train,/content/steel_defect_project/dataset/split_0743b20802d2/images/train/inclusion_172.jpg,2
inclusion_173,/content/steel_defect_project/raw/NEU-DET/IMAGES/inclusion_173.jpg,200,200,1,[1],de6882fa7e4e3c24057632751f720a631d04c5c3ce8f0a4b9ab09cf5897af48c,train,/content/steel_defect_project/dataset/split_0743b20802d2/images/train/inclusion_173.jpg,2
inclusion_174,/content/steel_defect_project/raw/NEU-DET/IMAGES/inclusion_174.jpg,200,200,1,[1],22c3c0d9adaa73364df6a40133d751a49e4dddbd6b91d16d9b03df5b1dccd043,train,/content/steel_defect_project/dataset/split_0743b20802d2/images/train/inclusion_174.jpg,2
inclusion_175,/content/steel_defect_project/raw/NEU-DET/IMAGES/inclusion_175.jpg,200,200,1,[1],306a7db125d57f42b55285d7e5ce0db1808609b1ffafc777bd1238e47d863eac,train,/content/steel_defect_project/dataset/split_0743b20802d2/images/train/inclusion_175.jpg,3
inclusion_176,/content/steel_defect_project/raw/NEU-DET/IMAGES/inclusion_176.jpg,200,200,1,[1],89a2d0449b12c34544cdb44511bd239e42c867bf26385133cdab7ee141fbfa3d,train,/content/steel_defect_project/dataset/split_0743b20802d2/images/train/inclusion_176.jpg,5
inclusion_177,/content/steel_defect_project/raw/NEU-DET/IMAGES/inclusion_177.jpg,200,200,1,[1],c67b0156487122b564c2c409f4982543799b83569af4d84b7483e134670b9429,train,/content/steel_defect_project/dataset/split_0743b20802d2/images/train/inclusion_177.jpg,5
inclusion_178,/content/steel_defect_project/raw/NEU-DET/IMAGES/inclusion_178.jpg,200,200,1,[1],1717b1c0f7c387ea6717e3d0d180065d27075b1a75087dfb46bf4f53502f5ea0,val,/content/steel_defect_project/dataset/split_0743b20802d2/images/val/inclusion_178.jpg,4
inclusion_179,/content/steel_defect_project/raw/NEU-DET/IMAGES/inclusion_179.jpg,200,200,1,[1],cda9cfb26c8304837b136576a359bdc8bad83ee08d97505c0c4fd670bc1e46f1,train,/content/steel_defect_project/dataset/split_0743b20802d2/images/train/inclusion_179.jpg,2
inclusion_18,/content/steel_defect_project/raw/NEU-DET/IMAGES/inclusion_18.jpg,200,200,1,[1],3d5828f09fce8e519a658b31faa78c856888ee426001db75b914833951f8299e,val,/content/steel_defect_project/dataset/split_0743b20802d2/images/val/inclusion_18.jpg,9
inclusion_180,/content/steel_defect_project/raw/NEU-DET/IMAGES/inclusion_180.jpg,200,200,1,[1],1020d2d1944de61c734a2ce85230cad4de100dadbc522033984cc0a19d527822,train,/content/steel_defect_project/dataset/split_0743b20802d2/images/train/inclusion_180.jpg,2
inclusion_181,/content/steel_defect_project/raw/NEU-DET/IMAGES/inclusion_181.jpg,200,200,1,[1],3293ee2bc03c4f91fd61dacfd0cf6609e0fdb79e84465872f065f48c0b0a281a,train,/content/steel_defect_project/dataset/split_0743b20802d2/images/train/inclusion_181.jpg,3
inclusion_182,/content/steel_defect_project/raw/NEU-DET/IMAGES/inclusion_182.jpg,200,200,1,[1],006b90b814c24e2ccd095aaae7c4586dd57e23b96bfefc476b5b8110772817fe,train,/content/steel_defect_project/dataset/split_0743b20802d2/images/train/inclusion_182.jpg,4
inclusion_183,/content/steel_defect_project/raw/NEU-DET/IMAGES/inclusion_183.jpg,200,200,1,[1],8a4f907fe572626ec1d685ccf4c05b5f13dc420441cd640f2e988bb6a8d8bfd5,train,/content/steel_defect_project/dataset/split_0743b20802d2/images/train/inclusion_183.jpg,1
inclusion_184,/content/steel_defect_project/raw/NEU-DET/IMAGES/inclusion_184.jpg,200,200,1,[1],2c321ddb3daae30747f8a1d5d2c6686be24a0722a4aba75354e9fcc1c487fa71,val,/content/steel_defect_project/dataset/split_0743b20802d2/images/val/inclusion_184.jpg,1
inclusion_185,/content/steel_defect_project/raw/NEU-DET/IMAGES/inclusion_185.jpg,200,200,1,[1],75e1e895301a5c379b0644ae414c1bc6b127fd8f9b6e853f6675a3a962f0bbe1,test,/content/steel_defect_project/dataset/split_0743b20802d2/images/test/inclusion_185.jpg,1
inclusion_186,/content/steel_defect_project/raw/NEU-DET/IMAGES/inclusion_186.jpg,200,200,1,[1],2416422101066a1fb0c36ac85dc374a2d7f54c289d9a26fe3a7861bbc8283e0d,train,/content/steel_defect_project/dataset/split_0743b20802d2/images/train/inclusion_186.jpg,2
inclusion_187,/content/steel_defect_project/raw/NEU-DET/IMAGES/inclusion_187.jpg,200,200,1,[1],970f41315c0318dde8454f903bc5449df08ef8b46b2f651f0081621166a93864,test,/content/steel_defect_project/dataset/split_0743b20802d2/images/test/inclusion_187.jpg,1
inclusion_188,/content/steel_defect_project/raw/NEU-DET/IMAGES/inclusion_188.jpg,200,200,1,[1],97fe042988473de1df762dbf43dc185ce5afda15269efb4137fbd8cbae3738df,train,/content/steel_defect_project/dataset/split_0743b20802d2/images/train/inclusion_188.jpg,1
inclusion_189,/content/steel_defect_project/raw/NEU-DET/IMAGES/inclusion_189.jpg,200,200,1,[1],c1b4763498aa7f5b674102d1af75d6b62bc7cf48e41c4b2c7f8d6d71e5a69103,train,/content/steel_defect_project/dataset/split_0743b20802d2/images/train/inclusion_189.jpg,3
inclusion_19,/content/steel_defect_project/raw/NEU-DET/IMAGES/inclusion_19.jpg,200,200,1,[1],62719d64229e1a0c6d32aa057b580845db4fc34e29d4aa2fc63baf914d85e34f,train,/content/steel_defect_project/dataset/split_0743b20802d2/images/train/inclusion_19.jpg,3
inclusion_190,/content/steel_defect_project/raw/NEU-DET/IMAGES/inclusion_190.jpg,200,200,1,[1],4e046b6a3fd11a467101fa7684e93bbf9a4aa5702a6f435f8c936e1fe2346ab6,train,/content/steel_defect_project/dataset/split_0743b20802d2/images/train/inclusion_190.jpg,4
inclusion_191,/content/steel_defect_project/raw/NEU-DET/IMAGES/inclusion_191.jpg,200,200,1,[1],4b961ae656a4a4cfb6f2395701dba3723e5aa763afbceee3a4997d5f13359db7,train,/content/steel_defect_project/dataset/split_0743b20802d2/images/train/inclusion_191.jpg,2
inclusion_192,/content/steel_defect_project/raw/NEU-DET/IMAGES/inclusion_192.jpg,200,200,1,[1],c5a71ae6a37e247cb3f634f722b0f6517b7d62d12831cec43bebbacaac31da90,train,/content/steel_defect_project/dataset/split_0743b20802d2/images/train/inclusion_192.jpg,3
inclusion_193,/content/steel_defect_project/raw/NEU-DET/IMAGES/inclusion_193.jpg,200,200,1,[1],cbefbfe64d9032a384ea4b84907e3c6d7dc8e050dc8b2a1988876126475e1202,test,/content/steel_defect_project/dataset/split_0743b20802d2/images/test/inclusion_193.jpg,3
inclusion_194,/content/steel_defect_project/raw/NEU-DET/IMAGES/inclusion_194.jpg,200,200,1,[1],1f7589ff6aebc7b9396765dc947f6a828fbe24d8eb5a23f4dd242251c4fc8b7d,train,/content/steel_defect_project/dataset/split_0743b20802d2/images/train/inclusion_194.jpg,2
inclusion_195,/content/steel_defect_project/raw/NEU-DET/IMAGES/inclusion_195.jpg,200,200,1,[1],55ff8274495196de65e388c10d43a24c162d9a9e72245103641f210accbe7de6,train,/content/steel_defect_project/dataset/split_0743b20802d2/images/train/inclusion_195.jpg,1
inclusion_196,/content/steel_defect_project/raw/NEU-DET/IMAGES/inclusion_196.jpg,200,200,1,[1],ced0a515ba39a6d754d204280f8b905b3a7a82be4b0c5f1b866b0e0c8717989b,train,/content/steel_defect_project/dataset/split_0743b20802d2/images/train/inclusion_196.jpg,4
inclusion_197,/content/steel_defect_project/raw/NEU-DET/IMAGES/inclusion_197.jpg,200,200,1,[1],eb1d71918ba5d2e031d191ed0dd94637167681760250b4b5d211cc9a10313536,train,/content/steel_defect_project/dataset/split_0743b20802d2/images/train/inclusion_197.jpg,1
inclusion_198,/content/steel_defect_project/raw/NEU-DET/IMAGES/inclusion_198.jpg,200,200,1,[1],32363420a758e1df8528f5f66943b2092ab27b8d0397e37c18dce14649d6ed69,train,/content/steel_defect_project/dataset/split_0743b20802d2/images/train/inclusion_198.jpg,2
inclusion_199,/content/steel_defect_project/raw/NEU-DET/IMAGES/inclusion_199.jpg,200,200,1,[1],d6d54b1307b5e61e38d6fee75c3b093326c0ff2d0b23aa6d85cc3c4331d89289,train,/content/steel_defect_project/dataset/split_0743b20802d2/images/train/inclusion_199.jpg,2
inclusion_2,/content/steel_defect_project/raw/NEU-DET/IMAGES/inclusion_2.jpg,200,200,1,[1],e44c57b867aed53b6f1e3d4bce639a064a9e46628bd9b0d1bfab6b89ad024d43,test,/content/steel_defect_project/dataset/split_0743b20802d2/images/test/inclusion_2.jpg,3
inclusion_20,/content/steel_defect_project/raw/NEU-DET/IMAGES/inclusion_20.jpg,200,200,1,[1],f1992b4fb644b36faad2bdfad765a33ccc9e4c48a60fa414678768b74dda250d,val,/content/steel_defect_project/dataset/split_0743b20802d2/images/val/inclusion_20.jpg,4
inclusion_200,/content/steel_defect_project/raw/NEU-DET/IMAGES/inclusion_200.jpg,200,200,1,[1],3a9e680fef295c5394a6a69b0a6de636a9214421071fdce27228fdebcd836b6a,train,/content/steel_defect_project/dataset/split_0743b20802d2/images/train/inclusion_200.jpg,1
inclusion_201,/content/steel_defect_project/raw/NEU-DET/IMAGES/inclusion_201.jpg,200,200,1,[1],ef37d1b8d961edb6337e0713d9831f1eb33b2fd7c61b1fd6efa45e364fb83dba,train,/content/steel_defect_project/dataset/split_0743b20802d2/images/train/inclusion_201.jpg,2
inclusion_202,/content/steel_defect_project/raw/NEU-DET/IMAGES/inclusion_202.jpg,200,200,1,[1],af49cb1d171b75f06bfcced305991ce7340d6f349e7f8a70493a0e53ac5f2f3e,train,/content/steel_defect_project/dataset/split_0743b20802d2/images/train/inclusion_202.jpg,1
inclusion_203,/content/steel_defect_project/raw/NEU-DET/IMAGES/inclusion_203.jpg,200,200,1,[1],45552307a845c903bf438cd954090c3b573ec85668ecad86ec3d45580ca753e2,train,/content/steel_defect_project/dataset/split_0743b20802d2/images/train/inclusion_203.jpg,1
inclusion_204,/content/steel_defect_project/raw/NEU-DET/IMAGES/inclusion_204.jpg,200,200,1,[1],5d834488dc686f2ce1b6ad4358cfc7500c440c06686eeb168f15fece66468ca9,train,/content/steel_defect_project/dataset/split_0743b20802d2/images/train/inclusion_204.jpg,2
inclusion_205,/content/steel_defect_project/raw/NEU-DET/IMAGES/inclusion_205.jpg,200,200,1,[1],9a3ee467c018f600bc0b166e37e8ee56f8bdee1e2ec4d7fa7f080d923560e9cf,train,/content/steel_defect_project/dataset/split_0743b20802d2/images/train/inclusion_205.jpg,2
inclusion_206,/content/steel_defect_project/raw/NEU-DET/IMAGES/inclusion_206.jpg,200,200,1,[1],0fc83928f192840dba5c7b3413c9e701f8ebad6a7e4805fe73ea83d235dbf435,train,/content/steel_defect_project/dataset/split_0743b20802d2/images/train/inclusion_206.jpg,3
inclusion_207,/content/steel_defect_project/raw/NEU-DET/IMAGES/inclusion_207.jpg,200,200,1,[1],0d829c8011deb9b60fcc4a5b59e9ae1c3d89a0bdd03f47f0368a464635a3418a,test,/content/steel_defect_project/dataset/split_0743b20802d2/images/test/inclusion_207.jpg,4
inclusion_208,/content/steel_defect_project/raw/NEU-DET/IMAGES/inclusion_208.jpg,200,200,1,[1],7d00dece049b57f9ea5ace9b81c981124e57eb6a9cac6829956ffcbba2f9a7b0,train,/content/steel_defect_project/dataset/split_0743b20802d2/images/train/inclusion_208.jpg,2
inclusion_209,/content/steel_defect_project/raw/NEU-DET/IMAGES/inclusion_209.jpg,200,200,1,[1],398c15360e0b91c514d647cabb85d10bf43caa5de87ae374d1e658d364c3bbc5,test,/content/steel_defect_project/dataset/split_0743b20802d2/images/test/inclusion_209.jpg,2
inclusion_21,/content/steel_defect_project/raw/NEU-DET/IMAGES/inclusion_21.jpg,200,200,1,[1],624e156421c7a5f711a553d0a44c3a0fff2083b2821ac84cbf4f51fbb9de1ead,train,/content/steel_defect_project/dataset/split_0743b20802d2/images/train/inclusion_21.jpg,4
inclusion_210,/content/steel_defect_project/raw/NEU-DET/IMAGES/inclusion_210.jpg,200,200,1,[1],a8344af057826429d97f25f4b898711bcf985a13e7c578a685f3e80b255e4005,train,/content/steel_defect_project/dataset/split_0743b20802d2/images/train/inclusion_210.jpg,1
inclusion_211,/content/steel_defect_project/raw/NEU-DET/IMAGES/inclusion_211.jpg,200,200,1,[1],838dcdd6cba041749668f027034907a7c4434c048828022b0bb6214a9bea7712,train,/content/steel_defect_project/dataset/split_0743b20802d2/images/train/inclusion_211.jpg,2
inclusion_212,/content/steel_defect_project/raw/NEU-DET/IMAGES/inclusion_212.jpg,200,200,1,[1],d6a16fe899436e5c1bae0c278c1a370d0acda6ab9859e21c69026bd54b798a30,test,/content/steel_defect_project/dataset/split_0743b20802d2/images/test/inclusion_212.jpg,2
inclusion_213,/content/steel_defect_project/raw/NEU-DET/IMAGES/inclusion_213.jpg,200,200,1,[1],e6eb7350d8325da036f7d713de94facf296e97eed92c666795530a4dbf4bba39,train,/content/steel_defect_project/dataset/split_0743b20802d2/images/train/inclusion_213.jpg,3
inclusion_214,/content/steel_defect_project/raw/NEU-DET/IMAGES/inclusion_214.jpg,200,200,1,[1],7845f5db52975438896235903b4f4f5829018b073e877a2fb36f5bddb946adf3,train,/content/steel_defect_project/dataset/split_0743b20802d2/images/train/inclusion_214.jpg,2
inclusion_215,/content/steel_defect_project/raw/NEU-DET/IMAGES/inclusion_215.jpg,200,200,1,[1],717d2e7393e22fbd7f87435ee488df39a44c1085fb6b89897ff70567f5b85d87,val,/content/steel_defect_project/dataset/split_0743b20802d2/images/val/inclusion_215.jpg,3
inclusion_216,/content/steel_defect_project/raw/NEU-DET/IMAGES/inclusion_216.jpg,200,200,1,[1],c7d97161482e3f4cc8ddc5ec90d5c3aa4df5b23b4e6429737585ae8f37b55579,train,/content/steel_defect_project/dataset/split_0743b20802d2/images/train/inclusion_216.jpg,2
inclusion_217,/content/steel_defect_project/raw/NEU-DET/IMAGES/inclusion_217.jpg,200,200,1,[1],59e5e91fd4e2348d32dc0e224c0ae4aa268e11db911cd74e449060b4dc830e47,train,/content/steel_defect_project/dataset/split_0743b20802d2/images/train/inclusion_217.jpg,2
inclusion_218,/content/steel_defect_project/raw/NEU-DET/IMAGES/inclusion_218.jpg,200,200,1,[1],201e0c6c39683b8b3a4c2b912da5f1d33ce7b8baced1b645592c7c3872995943,train,/content/steel_defect_project/dataset/split_0743b20802d2/images/train/inclusion_218.jpg,3
inclusion_219,/content/steel_defect_project/raw/NEU-DET/IMAGES/inclusion_219.jpg,200,200,1,[1],e4fc922532b1e978fe276d1cad85d546f012ae5b4046f76ff8bcae73f74747c5,test,/content/steel_defect_project/dataset/split_0743b20802d2/images/test/inclusion_219.jpg,2
inclusion_22,/content/steel_defect_project/raw/NEU-DET/IMAGES/inclusion_22.jpg,200,200,1,[1],f969913515fe65dec04590bdce76f4fc18884288c06cb08e0b812816c6f0013e,train,/content/steel_defect_project/dataset/split_0743b20802d2/images/train/inclusion_22.jpg,4
inclusion_220,/content/steel_defect_project/raw/NEU-DET/IMAGES/inclusion_220.jpg,200,200,1,[1],1064d5b2f3db0c9d7aa61e211628f1e2d3d805e103a455dcbe6c6afc3ec0e78e,test,/content/steel_defect_project/dataset/split_0743b20802d2/images/test/inclusion_220.jpg,2
inclusion_221,/content/steel_defect_project/raw/NEU-DET/IMAGES/inclusion_221.jpg,200,200,1,[1],c1bd38950e5c72719650cadfc3680e59f9c92a67517930085e5aa40b70271eeb,train,/content/steel_defect_project/dataset/split_0743b20802d2/images/train/inclusion_221.jpg,3
inclusion_222,/content/steel_defect_project/raw/NEU-DET/IMAGES/inclusion_222.jpg,200,200,1,[1],5b6afe7ca2564a62ea3ece1844db25435d0ef2cc231ec1da1af15c888a334023,val,/content/steel_defect_project/dataset/split_0743b20802d2/images/val/inclusion_222.jpg,2
inclusion_223,/content/steel_defect_project/raw/NEU-DET/IMAGES/inclusion_223.jpg,200,200,1,[1],be2404a3fdece31330416eea3699158c2f92cec947140480bcda64d81e1acf25,train,/content/steel_defect_project/dataset/split_0743b20802d2/images/train/inclusion_223.jpg,4
inclusion_224,/content/steel_defect_project/raw/NEU-DET/IMAGES/inclusion_224.jpg,200,200,1,[1],5884ecc6678d87c9c35b693f0833436cca718d4403334f5cac69aa3c5815e535,val,/content/steel_defect_project/dataset/split_0743b20802d2/images/val/inclusion_224.jpg,2
inclusion_225,/content/steel_defect_project/raw/NEU-DET/IMAGES/inclusion_225.jpg,200,200,1,[1],513f8313efa7cfede1bb7cc4586b5069b0f0b8353d13d8543ab5eb380f313ae3,train,/content/steel_defect_project/dataset/split_0743b20802d2/images/train/inclusion_225.jpg,2
inclusion_226,/content/steel_defect_project/raw/NEU-DET/IMAGES/inclusion_226.jpg,200,200,1,[1],2e16cd92ebd3eab825be8156717ea4e6beea71a1f7d216c486c887c8cad10cea,val,/content/steel_defect_project/dataset/split_0743b20802d2/images/val/inclusion_226.jpg,1
inclusion_227,/content/steel_defect_project/raw/NEU-DET/IMAGES/inclusion_227.jpg,200,200,1,[1],fed25b875291e119ac6b8960073a8fc7a114341185c55d768079b498e04cc36f,train,/content/steel_defect_project/dataset/split_0743b20802d2/images/train/inclusion_227.jpg,2
inclusion_228,/content/steel_defect_project/raw/NEU-DET/IMAGES/inclusion_228.jpg,200,200,1,[1],dd405ba09d2a9678d4097eb22d09926734ffdbfa165978a453927b7436da1d0c,train,/content/steel_defect_project/dataset/split_0743b20802d2/images/train/inclusion_228.jpg,1
inclusion_229,/content/steel_defect_project/raw/NEU-DET/IMAGES/inclusion_229.jpg,200,200,1,[1],9d3b452897c33bf4bd8852ed4f86a57c22dc6c01886e49745263a4287ae953c3,train,/content/steel_defect_project/dataset/split_0743b20802d2/images/train/inclusion_229.jpg,1
inclusion_23,/content/steel_defect_project/raw/NEU-DET/IMAGES/inclusion_23.jpg,200,200,1,[1],ec77583de611571fe865997a10a02f7c578dcdce1ca5f925b6efa99699158788,train,/content/steel_defect_project/dataset/split_0743b20802d2/images/train/inclusion_23.jpg,4
inclusion_230,/content/steel_defect_project/raw/NEU-DET/IMAGES/inclusion_230.jpg,200,200,1,[1],c76f0e1e0b45c98e0295cc23dee91aa6eb50df55ca35623aa06c512b175d0e58,train,/content/steel_defect_project/dataset/split_0743b20802d2/images/train/inclusion_230.jpg,2
inclusion_231,/content/steel_defect_project/raw/NEU-DET/IMAGES/inclusion_231.jpg,200,200,1,[1],0c3e0dabf9e2d656bc3ec67398aff2e6fd304d1eaf8104425492da2845441ee9,train,/content/steel_defect_project/dataset/split_0743b20802d2/images/train/inclusion_231.jpg,3
inclusion_232,/content/steel_defect_project/raw/NEU-DET/IMAGES/inclusion_232.jpg,200,200,1,[1],8e986d66b87bb189cbecbee539000fe8277a09cb0fd924bd87e7c5ad5664ec50,train,/content/steel_defect_project/dataset/split_0743b20802d2/images/train/inclusion_232.jpg,4
inclusion_233,/content/steel_defect_project/raw/NEU-DET/IMAGES/inclusion_233.jpg,200,200,1,[1],980a095e84b3ecb2cb81a43bf548708197fdc1b645b55db0f6215a609a8264ee,train,/content/steel_defect_project/dataset/split_0743b20802d2/images/train/inclusion_233.jpg,6
inclusion_234,/content/steel_defect_project/raw/NEU-DET/IMAGES/inclusion_234.jpg,200,200,1,[1],8ed058c535571d14910b0f0b8f2c6ed5d50343c907668f3cf128bd5223bbcc2b,train,/content/steel_defect_project/dataset/split_0743b20802d2/images/train/inclusion_234.jpg,3
inclusion_235,/content/steel_defect_project/raw/NEU-DET/IMAGES/inclusion_235.jpg,200,200,1,[1],6376fedca93ae77abf57087a74dc0f312cf94be65cb606015a9634aeb0c7e872,test,/content/steel_defect_project/dataset/split_0743b20802d2/images/test/inclusion_235.jpg,1
inclusion_236,/content/steel_defect_project/raw/NEU-DET/IMAGES/inclusion_236.jpg,200,200,1,[1],11a243a03c07228a1ef37f44aec9b7b6a4501eae2381b44c49347a08faee9978,train,/content/steel_defect_project/dataset/split_0743b20802d2/images/train/inclusion_236.jpg,1
inclusion_237,/content/steel_defect_project/raw/NEU-DET/IMAGES/inclusion_237.jpg,200,200,1,[1],14950d8275de2951a07a7f664d304009c1e1ef79d0f6c15535b57eb2af1c9bb0,test,/content/steel_defect_project/dataset/split_0743b20802d2/images/test/inclusion_237.jpg,1
inclusion_238,/content/steel_defect_project/raw/NEU-DET/IMAGES/inclusion_238.jpg,200,200,1,[1],a533b918b2df1a9773a20826c5a694cc2efcb4f50fc4a43c062d629f9e183897,val,/content/steel_defect_project/dataset/split_0743b20802d2/images/val/inclusion_238.jpg,2
inclusion_239,/content/steel_defect_project/raw/NEU-DET/IMAGES/inclusion_239.jpg,200,200,1,[1],97634e62d7c903c6f2ece87a4fde96d121be3fb49a85666f7514f5a9510a39bc,train,/content/steel_defect_project/dataset/split_0743b20802d2/images/train/inclusion_239.jpg,1
inclusion_24,/content/steel_defect_project/raw/NEU-DET/IMAGES/inclusion_24.jpg,200,200,1,[1],fd54c7a8ea796f37b0fb1df6c42e4da270850e1892f95b0a5b7efbb543a029e2,val,/content/steel_defect_project/dataset/split_0743b20802d2/images/val/inclusion_24.jpg,6
inclusion_240,/content/steel_defect_project/raw/NEU-DET/IMAGES/inclusion_240.jpg,200,200,1,[1],4bb340030a73da76d99b728625f7a5f9ca4d4c3eb347acc23ec9f153377e0ab7,train,/content/steel_defect_project/dataset/split_0743b20802d2/images/train/inclusion_240.jpg,1
inclusion_241,/content/steel_defect_project/raw/NEU-DET/IMAGES/inclusion_241.jpg,200,200,1,[1],82cfe64829f54be71424b6434a1a273940426a0038c28f2a6c725a276dc1cf7a,train,/content/steel_defect_project/dataset/split_0743b20802d2/images/train/inclusion_241.jpg,2
inclusion_242,/content/steel_defect_project/raw/NEU-DET/IMAGES/inclusion_242.jpg,200,200,1,[1],9c12ecf0b012cf44a0db2c38afcc2bb97a630fa40c51aee3d74a6fdaed0e228a,train,/content/steel_defect_project/dataset/split_0743b20802d2/images/train/inclusion_242.jpg,2
inclusion_243,/content/steel_defect_project/raw/NEU-DET/IMAGES/inclusion_243.jpg,200,200,1,[1],9640b6406e4e0655dcc8136f6e1140272e00a3da37b77f2b5e4a60ffb89a3605,test,/content/steel_defect_project/dataset/split_0743b20802d2/images/test/inclusion_243.jpg,3
inclusion_244,/content/steel_defect_project/raw/NEU-DET/IMAGES/inclusion_244.jpg,200,200,1,[1],ac562e9a720778baf6d0f08049ba243901684ef4fbe65d55858102d8cb346ecb,test,/content/steel_defect_project/dataset/split_0743b20802d2/images/test/inclusion_244.jpg,3
inclusion_245,/content/steel_defect_project/raw/NEU-DET/IMAGES/inclusion_245.jpg,200,200,1,[1],0969010f9c566c17501c44eb925a165b07e15fb582ce98db8e4829640baac41d,train,/content/steel_defect_project/dataset/split_0743b20802d2/images/train/inclusion_245.jpg,1
inclusion_246,/content/steel_defect_project/raw/NEU-DET/IMAGES/inclusion_246.jpg,200,200,1,[1],43675f0da59293174dccc0bfbcd5f9fd4483f867c67f5ec722e9ed57707c59f8,train,/content/steel_defect_project/dataset/split_0743b20802d2/images/train/inclusion_246.jpg,2
inclusion_247,/content/steel_defect_project/raw/NEU-DET/IMAGES/inclusion_247.jpg,200,200,1,[1],81f5f36603c35b1300140a072765a81955f111fca32087925bcc4dbe364ec7f7,train,/content/steel_defect_project/dataset/split_0743b20802d2/images/train/inclusion_247.jpg,1
inclusion_248,/content/steel_defect_project/raw/NEU-DET/IMAGES/inclusion_248.jpg,200,200,1,[1],4cbf2ce3ee6177ff2a3d0a82f801b63e12d56e479ddd0b0d652b32984048167e,train,/content/steel_defect_project/dataset/split_0743b20802d2/images/train/inclusion_248.jpg,2
inclusion_249,/content/steel_defect_project/raw/NEU-DET/IMAGES/inclusion_249.jpg,200,200,1,[1],d9fd9656c5e02a85474cda00c362c3770410e91c14ec0a21d8d99d16bd7e7792,train,/content/steel_defect_project/dataset/split_0743b20802d2/images/train/inclusion_249.jpg,2
inclusion_25,/content/steel_defect_project/raw/NEU-DET/IMAGES/inclusion_25.jpg,200,200,1,[1],28d8606d4650ef2257f38c78d7685f472796bdd779fba15b831c1d2edb62a63c,val,/content/steel_defect_project/dataset/split_0743b20802d2/images/val/inclusion_25.jpg,5
inclusion_250,/content/steel_defect_project/raw/NEU-DET/IMAGES/inclusion_250.jpg,200,200,1,[1],9446d6baa2f2f49ac63ddf52afcad75689d22642289dcd7db466353eaf05c336,train,/content/steel_defect_project/dataset/split_0743b20802d2/images/train/inclusion_250.jpg,1
inclusion_251,/content/steel_defect_project/raw/NEU-DET/IMAGES/inclusion_251.jpg,200,200,1,[1],8c217a51c3384b27e4a0a9dbebc46c62c39c075f1e039de919abfa98fa3e03a0,val,/content/steel_defect_project/dataset/split_0743b20802d2/images/val/inclusion_251.jpg,1
inclusion_252,/content/steel_defect_project/raw/NEU-DET/IMAGES/inclusion_252.jpg,200,200,1,[1],9b3cbb4b507e06cb0c3a7ff6a626080efbb6c7db78b3a05452b8578223837dd9,val,/content/steel_defect_project/dataset/split_0743b20802d2/images/val/inclusion_252.jpg,2
inclusion_253,/content/steel_defect_project/raw/NEU-DET/IMAGES/inclusion_253.jpg,200,200,1,[1],2a11e4565f0c6de2ef43de9357d25befc8a01951b8b55ff680cdc2f03cef6631,train,/content/steel_defect_project/dataset/split_0743b20802d2/images/train/inclusion_253.jpg,1
inclusion_254,/content/steel_defect_project/raw/NEU-DET/IMAGES/inclusion_254.jpg,200,200,1,[1],091f99a613b3796c5dad6f149a62a9ea34a58c3bb6cb980d0148dc80b79b49e7,train,/content/steel_defect_project/dataset/split_0743b20802d2/images/train/inclusion_254.jpg,2
inclusion_255,/content/steel_defect_project/raw/NEU-DET/IMAGES/inclusion_255.jpg,200,200,1,[1],a71b3411fc554e542b8b359e516385a569caf9081415a725df2a419a13f53c04,train,/content/steel_defect_project/dataset/split_0743b20802d2/images/train/inclusion_255.jpg,2
inclusion_256,/content/steel_defect_project/raw/NEU-DET/IMAGES/inclusion_256.jpg,200,200,1,[1],2f93c9a0fffcd1d75b147069ef276d78266c53d311a764d60e125eca4db057cc,train,/content/steel_defect_project/dataset/split_0743b20802d2/images/train/inclusion_256.jpg,2
inclusion_257,/content/steel_defect_project/raw/NEU-DET/IMAGES/inclusion_257.jpg,200,200,1,[1],0055aaea8914a8f8006fdabfdd375731774fae0e7d439d307ff82cf586547884,train,/content/steel_defect_project/dataset/split_0743b20802d2/images/train/inclusion_257.jpg,2
inclusion_258,/content/steel_defect_project/raw/NEU-DET/IMAGES/inclusion_258.jpg,200,200,1,[1],78c6980ed01d95f8e67023d94e72c39c578b965707545ec6197901939b76392e,train,/content/steel_defect_project/dataset/split_0743b20802d2/images/train/inclusion_258.jpg,2
inclusion_259,/content/steel_defect_project/raw/NEU-DET/IMAGES/inclusion_259.jpg,200,200,1,[1],892e28dd683ca5e63c560d4218c018cf26d2ac1ea934d81af8d5a29957b803d3,train,/content/steel_defect_project/dataset/split_0743b20802d2/images/train/inclusion_259.jpg,1
inclusion_26,/content/steel_defect_project/raw/NEU-DET/IMAGES/inclusion_26.jpg,200,200,1,[1],b99c6e337dda44176ab681e4767e92a6a7d41307e9ae3493822accc547e6a886,train,/content/steel_defect_project/dataset/split_0743b20802d2/images/train/inclusion_26.jpg,4
inclusion_260,/content/steel_defect_project/raw/NEU-DET/IMAGES/inclusion_260.jpg,200,200,1,[1],e026c571f20b2ea936b43f4d79957033bc64dce029a5eb0403298195002e7226,train,/content/steel_defect_project/dataset/split_0743b20802d2/images/train/inclusion_260.jpg,2
inclusion_261,/content/steel_defect_project/raw/NEU-DET/IMAGES/inclusion_261.jpg,200,200,1,[1],f285cfec6e483986f27a35a8c9c42942259f4341f22729a7a02804c7c97aedd4,val,/content/steel_defect_project/dataset/split_0743b20802d2/images/val/inclusion_261.jpg,2
inclusion_262,/content/steel_defect_project/raw/NEU-DET/IMAGES/inclusion_262.jpg,200,200,1,[1],27e0d1c41ee1f787327486b45c1d10be70f25533b59476396f3fdfb4bb8bdc04,train,/content/steel_defect_project/dataset/split_0743b20802d2/images/train/inclusion_262.jpg,3
inclusion_263,/content/steel_defect_project/raw/NEU-DET/IMAGES/inclusion_263.jpg,200,200,1,[1],468a85f0075481f92f6129a59a86a7f5c88b8bd81d2afac10a81219b1c5b6800,train,/content/steel_defect_project/dataset/split_0743b20802d2/images/train/inclusion_263.jpg,2
inclusion_264,/content/steel_defect_project/raw/NEU-DET/IMAGES/inclusion_264.jpg,200,200,1,[1],b786e49f5468d206a26583bdf721f81c21d0d14eb72160391dc9c1fe50d35aa3,val,/content/steel_defect_project/dataset/split_0743b20802d2/images/val/inclusion_264.jpg,4
inclusion_265,/content/steel_defect_project/raw/NEU-DET/IMAGES/inclusion_265.jpg,200,200,1,[1],c537242e67c15730da4a176bbdd9d97fd36283c97572c2ad60736ec3b6023461,train,/content/steel_defect_project/dataset/split_0743b20802d2/images/train/inclusion_265.jpg,4
inclusion_266,/content/steel_defect_project/raw/NEU-DET/IMAGES/inclusion_266.jpg,200,200,1,[1],f1870cbf778312ad710595795923cc416bd15f993166667dd53012b4e46ffc61,train,/content/steel_defect_project/dataset/split_0743b20802d2/images/train/inclusion_266.jpg,3
inclusion_267,/content/steel_defect_project/raw/NEU-DET/IMAGES/inclusion_267.jpg,200,200,1,[1],3b0e5569fd6be18829f8ba614b04d9c32a84e01d48c5a64148d76cfa0a842e7c,train,/content/steel_defect_project/dataset/split_0743b20802d2/images/train/inclusion_267.jpg,3
inclusion_268,/content/steel_defect_project/raw/NEU-DET/IMAGES/inclusion_268.jpg,200,200,1,[1],dc53c415c4c0f7d6c3ff4de7b1a5b6bce4983bf9ac15570764314dd723510e59,train,/content/steel_defect_project/dataset/split_0743b20802d2/images/train/inclusion_268.jpg,1
inclusion_269,/content/steel_defect_project/raw/NEU-DET/IMAGES/inclusion_269.jpg,200,200,1,[1],4bd43e2085b1367451a351544006558ba04f5100147117cd8dcaee0e051f3e21,train,/content/steel_defect_project/dataset/split_0743b20802d2/images/train/inclusion_269.jpg,3
inclusion_27,/content/steel_defect_project/raw/NEU-DET/IMAGES/inclusion_27.jpg,200,200,1,[1],758fa4acf16333aa6355ce85123a1248b6f043e4c0bcbb30d3b9eadf40705b81,train,/content/steel_defect_project/dataset/split_0743b20802d2/images/train/inclusion_27.jpg,8
inclusion_270,/content/steel_defect_project/raw/NEU-DET/IMAGES/inclusion_270.jpg,200,200,1,[1],ff1eebea2d93a53c3b08a8c91d20384bf0848e9daed50de5f54aaff5c765f287,val,/content/steel_defect_project/dataset/split_0743b20802d2/images/val/inclusion_270.jpg,1
inclusion_271,/content/steel_defect_project/raw/NEU-DET/IMAGES/inclusion_271.jpg,200,200,1,[1],8533c94c3cc7cd4fc42384702c5b8937bac0e6d07270ceea1bf9902ebfc092a6,train,/content/steel_defect_project/dataset/split_0743b20802d2/images/train/inclusion_271.jpg,3
inclusion_272,/content/steel_defect_project/raw/NEU-DET/IMAGES/inclusion_272.jpg,200,200,1,[1],54dc2b4110f3d294fc535b41c6e1fadf812b061c9cc7d46a229f1feb07b93a0e,train,/content/steel_defect_project/dataset/split_0743b20802d2/images/train/inclusion_272.jpg,3
inclusion_273,/content/steel_defect_project/raw/NEU-DET/IMAGES/inclusion_273.jpg,200,200,1,[1],2ed9c479c2c7d72967f9a6d3b09a71c2003a6dc5a2952a3796e57524856e2fb2,train,/content/steel_defect_project/dataset/split_0743b20802d2/images/train/inclusion_273.jpg,2
inclusion_274,/content/steel_defect_project/raw/NEU-DET/IMAGES/inclusion_274.jpg,200,200,1,[1],a0e06346ea52166ed0761b5386a05f48798d44da4296d08e87d49d73d6adc5ed,train,/content/steel_defect_project/dataset/split_0743b20802d2/images/train/inclusion_274.jpg,4
inclusion_275,/content/steel_defect_project/raw/NEU-DET/IMAGES/inclusion_275.jpg,200,200,1,[1],69a47cfd40193bf88a6b86d35e61b5cea77636ffe9cfff24684bb7d834ddae68,train,/content/steel_defect_project/dataset/split_0743b20802d2/images/train/inclusion_275.jpg,6
inclusion_276,/content/steel_defect_project/raw/NEU-DET/IMAGES/inclusion_276.jpg,200,200,1,[1],5f53062786d5578aa307780d5e29ad3894d1f45f456133738e64f1ad45b2a17c,train,/content/steel_defect_project/dataset/split_0743b20802d2/images/train/inclusion_276.jpg,2
inclusion_277,/content/steel_defect_project/raw/NEU-DET/IMAGES/inclusion_277.jpg,200,200,1,[1],4a9ad0a5262f33490544a5aa0679a15fb0907a39f5f4fc54d36334a83ff36725,train,/content/steel_defect_project/dataset/split_0743b20802d2/images/train/inclusion_277.jpg,1
inclusion_278,/content/steel_defect_project/raw/NEU-DET/IMAGES/inclusion_278.jpg,200,200,1,[1],57cabe85bdbb048466962ff806604d559fb8e77b4f979e8c14d1d1a9f583d6bf,train,/content/steel_defect_project/dataset/split_0743b20802d2/images/train/inclusion_278.jpg,3
inclusion_279,/content/steel_defect_project/raw/NEU-DET/IMAGES/inclusion_279.jpg,200,200,1,[1],0f0d7933391ff7cf0b64f45f2fa41baf6f292976d9ef69f79fec306558f10e6a,train,/content/steel_defect_project/dataset/split_0743b20802d2/images/train/inclusion_279.jpg,2
inclusion_28,/content/steel_defect_project/raw/NEU-DET/IMAGES/inclusion_28.jpg,200,200,1,[1],450baf9bf9f99a42a9c0d9db2ef0cacbf3527366dd028a8820a87450b7db7a0b,train,/content/steel_defect_project/dataset/split_0743b20802d2/images/train/inclusion_28.jpg,9
inclusion_280,/content/steel_defect_project/raw/NEU-DET/IMAGES/inclusion_280.jpg,200,200,1,[1],409665a49cdd565dcd7f7f149aef2d1cd1210be1bf4c5fb5b34f18347bc04493,train,/content/steel_defect_project/dataset/split_0743b20802d2/images/train/inclusion_280.jpg,2
inclusion_281,/content/steel_defect_project/raw/NEU-DET/IMAGES/inclusion_281.jpg,200,200,1,[1],e6c071daf05424d2a7a91b8f179792e4ac6cdb27d5c5af829573ace6869529ef,test,/content/steel_defect_project/dataset/split_0743b20802d2/images/test/inclusion_281.jpg,2
inclusion_282,/content/steel_defect_project/raw/NEU-DET/IMAGES/inclusion_282.jpg,200,200,1,[1],36d1d4be5f9a6066b89ff788ca3238578392840a6df79ac0784c014c1c687e8d,train,/content/steel_defect_project/dataset/split_0743b20802d2/images/train/inclusion_282.jpg,2
inclusion_283,/content/steel_defect_project/raw/NEU-DET/IMAGES/inclusion_283.jpg,200,200,1,[1],0a52683b6b893eea7fd9421ac41edd23bf237962eeaad5e4705839e735e40bde,train,/content/steel_defect_project/dataset/split_0743b20802d2/images/train/inclusion_283.jpg,1
inclusion_284,/content/steel_defect_project/raw/NEU-DET/IMAGES/inclusion_284.jpg,200,200,1,[1],7db8bdf4b08d7f23549189275f24be9bebe044c19fac2d89083f0686c944977f,train,/content/steel_defect_project/dataset/split_0743b20802d2/images/train/inclusion_284.jpg,3
inclusion_285,/content/steel_defect_project/raw/NEU-DET/IMAGES/inclusion_285.jpg,200,200,1,[1],7e0e638b3956de61463b4728669238fc9384435462a66ad9e54642f907434c3a,test,/content/steel_defect_project/dataset/split_0743b20802d2/images/test/inclusion_285.jpg,1
inclusion_286,/content/steel_defect_project/raw/NEU-DET/IMAGES/inclusion_286.jpg,200,200,1,[1],f6c80fe6a628c827431918387bf6295167f1d06ba677290135f5ed9f4613be4c,train,/content/steel_defect_project/dataset/split_0743b20802d2/images/train/inclusion_286.jpg,2
inclusion_287,/content/steel_defect_project/raw/NEU-DET/IMAGES/inclusion_287.jpg,200,200,1,[1],69ed1acf4e3407a2c36d13178890b1a6c1c3c910e7033cd19cc3a95c510188a3,train,/content/steel_defect_project/dataset/split_0743b20802d2/images/train/inclusion_287.jpg,8
inclusion_288,/content/steel_defect_project/raw/NEU-DET/IMAGES/inclusion_288.jpg,200,200,1,[1],b8cdbbd3963a8a0a25afb36017ea07290f9817b9b948212a1a94c8d7502401bc,val,/content/steel_defect_project/dataset/split_0743b20802d2/images/val/inclusion_288.jpg,2
inclusion_289,/content/steel_defect_project/raw/NEU-DET/IMAGES/inclusion_289.jpg,200,200,1,[1],f744e47e832c55a934809ec4cf538df8bbc703e69670227162597bf2191c27f7,train,/content/steel_defect_project/dataset/split_0743b20802d2/images/train/inclusion_289.jpg,4
inclusion_29,/content/steel_defect_project/raw/NEU-DET/IMAGES/inclusion_29.jpg,200,200,1,[1],a1376ff2f918c207100c9bc99338d1d7c24ed274f99f46cd404d1aabdf820010,train,/content/steel_defect_project/dataset/split_0743b20802d2/images/train/inclusion_29.jpg,5
inclusion_290,/content/steel_defect_project/raw/NEU-DET/IMAGES/inclusion_290.jpg,200,200,1,[1],48329337f164a5f374085b29703a63874b45885dc4ac3d72d612790767938b61,train,/content/steel_defect_project/dataset/split_0743b20802d2/images/train/inclusion_290.jpg,1
inclusion_291,/content/steel_defect_project/raw/NEU-DET/IMAGES/inclusion_291.jpg,200,200,1,[1],5d6651572539da01dfdcee1cf059f3c5d1159f2049aad35fce368282305bd19e,val,/content/steel_defect_project/dataset/split_0743b20802d2/images/val/inclusion_291.jpg,4
inclusion_292,/content/steel_defect_project/raw/NEU-DET/IMAGES/inclusion_292.jpg,200,200,1,[1],15fd1dc3f731bb9288d16af71ceb09b6a2a1c81cbc3e82d2496ba64d2a7b1155,test,/content/steel_defect_project/dataset/split_0743b20802d2/images/test/inclusion_292.jpg,7
inclusion_293,/content/steel_defect_project/raw/NEU-DET/IMAGES/inclusion_293.jpg,200,200,1,[1],cc1fb3d8894023fb8f28d139da1244ff9ec98d7366ec9df0449000bf693dc9e2,train,/content/steel_defect_project/dataset/split_0743b20802d2/images/train/inclusion_293.jpg,3
inclusion_294,/content/steel_defect_project/raw/NEU-DET/IMAGES/inclusion_294.jpg,200,200,1,[1],84928229ef6333d9d00e33e94024da224a61f58e44df8924e40c648eab94cfe4,train,/content/steel_defect_project/dataset/split_0743b20802d2/images/train/inclusion_294.jpg,2
inclusion_295,/content/steel_defect_project/raw/NEU-DET/IMAGES/inclusion_295.jpg,200,200,1,[1],2ca03a408657f8cee3c3a686ff7fa270d40ecee036f759186e928fce2da9c3cd,train,/content/steel_defect_project/dataset/split_0743b20802d2/images/train/inclusion_295.jpg,2
inclusion_296,/content/steel_defect_project/raw/NEU-DET/IMAGES/inclusion_296.jpg,200,200,1,[1],b6c9793207fba9dcec51bcc75547c5dfdfa64178162b8699f4f4eb791110be23,train,/content/steel_defect_project/dataset/split_0743b20802d2/images/train/inclusion_296.jpg,2
inclusion_297,/content/steel_defect_project/raw/NEU-DET/IMAGES/inclusion_297.jpg,200,200,1,[1],a460bc901816b6e95099750e847b4e0c5821c3fdf214cc353349cd2364dd6f9f,train,/content/steel_defect_project/dataset/split_0743b20802d2/images/train/inclusion_297.jpg,1
inclusion_298,/content/steel_defect_project/raw/NEU-DET/IMAGES/inclusion_298.jpg,200,200,1,[1],fe1ed3c41d1a1c262906a111b7e61e73828a69a686aa4fc07abc9d151224c31d,train,/content/steel_defect_project/dataset/split_0743b20802d2/images/train/inclusion_298.jpg,5
inclusion_299,/content/steel_defect_project/raw/NEU-DET/IMAGES/inclusion_299.jpg,200,200,1,[1],84ccfc20df54e97c4faf2d7614e3bc5534cbebf11c2352621b1ac3df9f273021,train,/content/steel_defect_project/dataset/split_0743b20802d2/images/train/inclusion_299.jpg,2
inclusion_3,/content/steel_defect_project/raw/NEU-DET/IMAGES/inclusion_3.jpg,200,200,1,[1],011230ccdf0530240b0d26941eb3c212747bbc0c47f67da1515585d86044d36e,train,/content/steel_defect_project/dataset/split_0743b20802d2/images/train/inclusion_3.jpg,3
inclusion_30,/content/steel_defect_project/raw/NEU-DET/IMAGES/inclusion_30.jpg,200,200,1,[1],7229e2764ed4b6f9c165f4c155f66ca970ed0651aa3ea2a77e4ea8bc6994da37,train,/content/steel_defect_project/dataset/split_0743b20802d2/images/train/inclusion_30.jpg,1
inclusion_300,/content/steel_defect_project/raw/NEU-DET/IMAGES/inclusion_300.jpg,200,200,1,[1],05da015a72deeb70ad8a17c2278efd11dcde67df16d34f80c0c06b69599794e8,train,/content/steel_defect_project/dataset/split_0743b20802d2/images/train/inclusion_300.jpg,3
inclusion_31,/content/steel_defect_project/raw/NEU-DET/IMAGES/inclusion_31.jpg,200,200,1,[1],3b59d200bbcd52ddf323805b919a2af984f049d167a8fbeea3555b82278ebe53,val,/content/steel_defect_project/dataset/split_0743b20802d2/images/val/inclusion_31.jpg,7
inclusion_32,/content/steel_defect_project/raw/NEU-DET/IMAGES/inclusion_32.jpg,200,200,1,[1],4d9eebbf5bae5a0d0280171787c7f78f9fe28f965428a851e03b10ae578ed443,train,/content/steel_defect_project/dataset/split_0743b20802d2/images/train/inclusion_32.jpg,5
inclusion_33,/content/steel_defect_project/raw/NEU-DET/IMAGES/inclusion_33.jpg,200,200,1,[1],7bb2d15873f235d42d25ad2d46a4d98a4d7d1b4113bdd0d22b95eb4a1447f11e,val,/content/steel_defect_project/dataset/split_0743b20802d2/images/val/inclusion_33.jpg,3
inclusion_34,/content/steel_defect_project/raw/NEU-DET/IMAGES/inclusion_34.jpg,200,200,1,[1],03ab5a9da8b93bcfcd7c59df33bab15acf381b57d093c45834e381832e62a4ab,train,/content/steel_defect_project/dataset/split_0743b20802d2/images/train/inclusion_34.jpg,4
inclusion_35,/content/steel_defect_project/raw/NEU-DET/IMAGES/inclusion_35.jpg,200,200,1,[1],d1a918e76cf68aa874a27bda3adec2b8b4f38c6a747c8e93ac42a98bc32cd59b,train,/content/steel_defect_project/dataset/split_0743b20802d2/images/train/inclusion_35.jpg,3
inclusion_36,/content/steel_defect_project/raw/NEU-DET/IMAGES/inclusion_36.jpg,200,200,1,[1],0a0c9f4967312d085399568d59383abb150608f1105a02e76ce77c014d973119,train,/content/steel_defect_project/dataset/split_0743b20802d2/images/train/inclusion_36.jpg,4
inclusion_37,/content/steel_defect_project/raw/NEU-DET/IMAGES/inclusion_37.jpg,200,200,1,[1],a3f5f4f132b670aca84885667a7bfab7e1358af6eccd027e0df240cdcd87278a,train,/content/steel_defect_project/dataset/split_0743b20802d2/images/train/inclusion_37.jpg,5
inclusion_38,/content/steel_defect_project/raw/NEU-DET/IMAGES/inclusion_38.jpg,200,200,1,[1],3b80a91fc60f8acd95a932acf4cfb02034228587fc043aaaecd0afc6e61e9453,train,/content/steel_defect_project/dataset/split_0743b20802d2/images/train/inclusion_38.jpg,4
inclusion_39,/content/steel_defect_project/raw/NEU-DET/IMAGES/inclusion_39.jpg,200,200,1,[1],a24f8b4ff49b49d4292789ea6e0e21008f803034c33d117d039f289a7c5e6ad6,train,/content/steel_defect_project/dataset/split_0743b20802d2/images/train/inclusion_39.jpg,3
inclusion_4,/content/steel_defect_project/raw/NEU-DET/IMAGES/inclusion_4.jpg,200,200,1,[1],c2e1f6559589154f05771d1f5ea25b56e9749ce600f32561ee55af36167e7e7f,test,/content/steel_defect_project/dataset/split_0743b20802d2/images/test/inclusion_4.jpg,2
inclusion_40,/content/steel_defect_project/raw/NEU-DET/IMAGES/inclusion_40.jpg,200,200,1,[1],78c1fd04d6d7aa8e643a68c5d8b4bd6e594cb1bb70ad6e4cea48d0d52cfa89b9,train,/content/steel_defect_project/dataset/split_0743b20802d2/images/train/inclusion_40.jpg,3
inclusion_41,/content/steel_defect_project/raw/NEU-DET/IMAGES/inclusion_41.jpg,200,200,1,[1],848a762fd1568351cb1351d380a85563e061e6e8b532d2038e5e5a080d9c735b,train,/content/steel_defect_project/dataset/split_0743b20802d2/images/train/inclusion_41.jpg,5
inclusion_42,/content/steel_defect_project/raw/NEU-DET/IMAGES/inclusion_42.jpg,200,200,1,[1],4428b37897f4d7836acab0fd85c3afbb67d87bae8d30d87ef1c47b8393062ca5,train,/content/steel_defect_project/dataset/split_0743b20802d2/images/train/inclusion_42.jpg,4
inclusion_43,/content/steel_defect_project/raw/NEU-DET/IMAGES/inclusion_43.jpg,200,200,1,[1],0b5d3dffdf06d053f894fef2d4fc9a68e2f3768f440a4df1fac229283f19abb0,val,/content/steel_defect_project/dataset/split_0743b20802d2/images/val/inclusion_43.jpg,8
inclusion_44,/content/steel_defect_project/raw/NEU-DET/IMAGES/inclusion_44.jpg,200,200,1,[1],d7cd43fdc55097d7e7a8b68f9d1f110bc5b17440668c9b9682ce9d228ddf2bf3,train,/content/steel_defect_project/dataset/split_0743b20802d2/images/train/inclusion_44.jpg,3
inclusion_45,/content/steel_defect_project/raw/NEU-DET/IMAGES/inclusion_45.jpg,200,200,1,[1],c80a40898dabde296eb0f5a03e6c6858d7e4f03a9e7b54f7d02cc537eb3a3d41,train,/content/steel_defect_project/dataset/split_0743b20802d2/images/train/inclusion_45.jpg,7
inclusion_46,/content/steel_defect_project/raw/NEU-DET/IMAGES/inclusion_46.jpg,200,200,1,[1],b59f4a53ec056918d651218399420084d89979feda41e7fe4ec1899514c08e02,val,/content/steel_defect_project/dataset/split_0743b20802d2/images/val/inclusion_46.jpg,2
inclusion_47,/content/steel_defect_project/raw/NEU-DET/IMAGES/inclusion_47.jpg,200,200,1,[1],f8a50fd58f2b17391ad450580778cf31905e0dfd52b62efd486725fb2c2ff792,train,/content/steel_defect_project/dataset/split_0743b20802d2/images/train/inclusion_47.jpg,3
inclusion_48,/content/steel_defect_project/raw/NEU-DET/IMAGES/inclusion_48.jpg,200,200,1,[1],fd6fcf76f1c709fb7aea88f5def5e6db3d44918fe34eb22840cdc443bf70f100,train,/content/steel_defect_project/dataset/split_0743b20802d2/images/train/inclusion_48.jpg,2
inclusion_49,/content/steel_defect_project/raw/NEU-DET/IMAGES/inclusion_49.jpg,200,200,1,[1],adf1df129095c5cb1e16257422fdc47a8d5b1abfd9d9679cfedc3b86fa65f23b,test,/content/steel_defect_project/dataset/split_0743b20802d2/images/test/inclusion_49.jpg,1
inclusion_5,/content/steel_defect_project/raw/NEU-DET/IMAGES/inclusion_5.jpg,200,200,1,[1],d9e33f854a5cf993f1f7fc80dfce2dbe4fc652831fa69bb8eed6abb5fe0f0078,train,/content/steel_defect_project/dataset/split_0743b20802d2/images/train/inclusion_5.jpg,3
inclusion_50,/content/steel_defect_project/raw/NEU-DET/IMAGES/inclusion_50.jpg,200,200,1,[1],e7a1cfb101a2ab04b20b914ab0ba71530f43f32456252cdb6e0875ffd3ea46ba,val,/content/steel_defect_project/dataset/split_0743b20802d2/images/val/inclusion_50.jpg,1
inclusion_51,/content/steel_defect_project/raw/NEU-DET/IMAGES/inclusion_51.jpg,200,200,1,[1],57b3e46532a67c8c1b5527696904c60c531ecd35a12fa5e17573d416e2a893ce,train,/content/steel_defect_project/dataset/split_0743b20802d2/images/train/inclusion_51.jpg,1
inclusion_52,/content/steel_defect_project/raw/NEU-DET/IMAGES/inclusion_52.jpg,200,200,1,[1],cc9e311999804d5559adae35ead62a0c77dbcf0149b6a5360799b44a4f0bdfe1,train,/content/steel_defect_project/dataset/split_0743b20802d2/images/train/inclusion_52.jpg,1
inclusion_53,/content/steel_defect_project/raw/NEU-DET/IMAGES/inclusion_53.jpg,200,200,1,[1],48e9a31e4a3f548968ec05ec1bbf8b530471597b0feba0adc11b59e7c4ff03ec,test,/content/steel_defect_project/dataset/split_0743b20802d2/images/test/inclusion_53.jpg,1
inclusion_54,/content/steel_defect_project/raw/NEU-DET/IMAGES/inclusion_54.jpg,200,200,1,[1],cfd0a479a251fca43936640867c93f5b837014c53f28f4441134ba5d8af5e32c,val,/content/steel_defect_project/dataset/split_0743b20802d2/images/val/inclusion_54.jpg,2
inclusion_55,/content/steel_defect_project/raw/NEU-DET/IMAGES/inclusion_55.jpg,200,200,1,[1],2ada86171de20628e8b4bb1aab9d9ce3ed268648a4659cc938eb2f1c4933d9f8,train,/content/steel_defect_project/dataset/split_0743b20802d2/images/train/inclusion_55.jpg,1
inclusion_56,/content/steel_defect_project/raw/NEU-DET/IMAGES/inclusion_56.jpg,200,200,1,[1],75fb61fd370f6ce028dd3f62838a8c1800e4a3ae4cbde4b9c0de0fa6a6dc1b93,train,/content/steel_defect_project/dataset/split_0743b20802d2/images/train/inclusion_56.jpg,2
inclusion_57,/content/steel_defect_project/raw/NEU-DET/IMAGES/inclusion_57.jpg,200,200,1,[1],dd981ec7a023f36d982a6e292de368ba1b6095f04cd011c50f196c1801b3cf2c,train,/content/steel_defect_project/dataset/split_0743b20802d2/images/train/inclusion_57.jpg,3
inclusion_58,/content/steel_defect_project/raw/NEU-DET/IMAGES/inclusion_58.jpg,200,200,1,[1],1ba3f1ca4bf5a04439001b945271558742156870488ad8dc73bf6fa711d7202a,train,/content/steel_defect_project/dataset/split_0743b20802d2/images/train/inclusion_58.jpg,2
inclusion_59,/content/steel_defect_project/raw/NEU-DET/IMAGES/inclusion_59.jpg,200,200,1,[1],a9d4db5f44e4f2c863f22407ca49824146857b238f941d6a1b9508157a0e2193,train,/content/steel_defect_project/dataset/split_0743b20802d2/images/train/inclusion_59.jpg,4
inclusion_6,/content/steel_defect_project/raw/NEU-DET/IMAGES/inclusion_6.jpg,200,200,1,[1],00ec808fa0dc36fdfbe005cb8ed10a083a87f9bed80e735112c03729c0b0ee63,train,/content/steel_defect_project/dataset/split_0743b20802d2/images/train/inclusion_6.jpg,3
inclusion_60,/content/steel_defect_project/raw/NEU-DET/IMAGES/inclusion_60.jpg,200,200,1,[1],232f1df9850120444cc4553d45f59cab9f3e91ab208071fc23c20b6351422a88,test,/content/steel_defect_project/dataset/split_0743b20802d2/images/test/inclusion_60.jpg,5
inclusion_61,/content/steel_defect_project/raw/NEU-DET/IMAGES/inclusion_61.jpg,200,200,1,[1],c5c476eadec98bf48b6beaeb56471537e4efd1b4625994e62cde7060956dabbf,train,/content/steel_defect_project/dataset/split_0743b20802d2/images/train/inclusion_61.jpg,2
inclusion_62,/content/steel_defect_project/raw/NEU-DET/IMAGES/inclusion_62.jpg,200,200,1,[1],63d13af75fde2236a092dd5a81accbc6e3ebef82f7c877d3e616ec45c9723cc1,train,/content/steel_defect_project/dataset/split_0743b20802d2/images/train/inclusion_62.jpg,7
inclusion_63,/content/steel_defect_project/raw/NEU-DET/IMAGES/inclusion_63.jpg,200,200,1,[1],63adc13d4ddad7f814f5a0eb3ec3b946385b19a19c159a872be705a39439650d,test,/content/steel_defect_project/dataset/split_0743b20802d2/images/test/inclusion_63.jpg,2
inclusion_64,/content/steel_defect_project/raw/NEU-DET/IMAGES/inclusion_64.jpg,200,200,1,[1],6e93a24f5a561a9df90af75c207857dfd877a8dd5f197639540ff54f5b7bf6d4,train,/content/steel_defect_project/dataset/split_0743b20802d2/images/train/inclusion_64.jpg,2
inclusion_65,/content/steel_defect_project/raw/NEU-DET/IMAGES/inclusion_65.jpg,200,200,1,[1],23519fdec73e9126fa2b82d7f126ca1262578ec7c748c6c1acf11cd0248d5885,val,/content/steel_defect_project/dataset/split_0743b20802d2/images/val/inclusion_65.jpg,3
inclusion_66,/content/steel_defect_project/raw/NEU-DET/IMAGES/inclusion_66.jpg,200,200,1,[1],da4a4931b0a8cec4d9b7530cf56c379cd73157142f8217fd253390912db6c844,train,/content/steel_defect_project/dataset/split_0743b20802d2/images/train/inclusion_66.jpg,1
inclusion_67,/content/steel_defect_project/raw/NEU-DET/IMAGES/inclusion_67.jpg,200,200,1,[1],54b9faa8fcf4458177c5be197cb7ce4ee5472450ba1193716b9239a1e8948b7a,val,/content/steel_defect_project/dataset/split_0743b20802d2/images/val/inclusion_67.jpg,4
inclusion_68,/content/steel_defect_project/raw/NEU-DET/IMAGES/inclusion_68.jpg,200,200,1,[1],221a0ff8e7c5a52669ce77899fcf26aa4552f1c7c72f10613a9384efbb6ac388,train,/content/steel_defect_project/dataset/split_0743b20802d2/images/train/inclusion_68.jpg,2
inclusion_69,/content/steel_defect_project/raw/NEU-DET/IMAGES/inclusion_69.jpg,200,200,1,[1],fe17574d85157f79e27304b071e560d2b9fe41c2ef152393009b1bd5c714357f,train,/content/steel_defect_project/dataset/split_0743b20802d2/images/train/inclusion_69.jpg,3
inclusion_7,/content/steel_defect_project/raw/NEU-DET/IMAGES/inclusion_7.jpg,200,200,1,[1],57440133cc704297d6c1f167ed54b49a0b9e1d319c75a42563e5d6b43d134bd0,test,/content/steel_defect_project/dataset/split_0743b20802d2/images/test/inclusion_7.jpg,2
inclusion_70,/content/steel_defect_project/raw/NEU-DET/IMAGES/inclusion_70.jpg,200,200,1,[1],a7caf08bda20de9259386fef811b19bc367b62ba834ef586224e125ccc4ee14c,train,/content/steel_defect_project/dataset/split_0743b20802d2/images/train/inclusion_70.jpg,3
inclusion_71,/content/steel_defect_project/raw/NEU-DET/IMAGES/inclusion_71.jpg,200,200,1,[1],efb0cbde41154f1a04287fbee93ea57b9ea51ba597d21bc2c14eacff95527924,test,/content/steel_defect_project/dataset/split_0743b20802d2/images/test/inclusion_71.jpg,2
inclusion_72,/content/steel_defect_project/raw/NEU-DET/IMAGES/inclusion_72.jpg,200,200,1,[1],cbe65150027d953a564e0fb82d192d84a20e7f08630a96f0f6e2340fd99c137a,train,/content/steel_defect_project/dataset/split_0743b20802d2/images/train/inclusion_72.jpg,1
inclusion_73,/content/steel_defect_project/raw/NEU-DET/IMAGES/inclusion_73.jpg,200,200,1,[1],90a9a173d25dee60164d6666e3c8cd2ec01e0434ba6a36e35fbf2d714d14805a,test,/content/steel_defect_project/dataset/split_0743b20802d2/images/test/inclusion_73.jpg,2
inclusion_74,/content/steel_defect_project/raw/NEU-DET/IMAGES/inclusion_74.jpg,200,200,1,[1],f62dd64ada1bfade2c84084c899f9f39eecae12e0e88f67a764e8cae12a516c5,train,/content/steel_defect_project/dataset/split_0743b20802d2/images/train/inclusion_74.jpg,3
inclusion_75,/content/steel_defect_project/raw/NEU-DET/IMAGES/inclusion_75.jpg,200,200,1,[1],5d06c9871ef35c4534014e6c7877a368aef066a57e8af8609f8ff4f9b8541b2a,train,/content/steel_defect_project/dataset/split_0743b20802d2/images/train/inclusion_75.jpg,4
inclusion_76,/content/steel_defect_project/raw/NEU-DET/IMAGES/inclusion_76.jpg,200,200,1,[1],a7dc5652c79371d1b056062ad51352811ff37c07ec7d3a0303b8b0359bc8cce7,train,/content/steel_defect_project/dataset/split_0743b20802d2/images/train/inclusion_76.jpg,3
inclusion_77,/content/steel_defect_project/raw/NEU-DET/IMAGES/inclusion_77.jpg,200,200,1,[1],12815bb6799c5d538d2acdf580ae3bea911dad6aec132f205415347a079e1656,train,/content/steel_defect_project/dataset/split_0743b20802d2/images/train/inclusion_77.jpg,1
inclusion_78,/content/steel_defect_project/raw/NEU-DET/IMAGES/inclusion_78.jpg,200,200,1,[1],8f09deda179a9a5aa59f4b0f958dc11628560453f3d0596dd1f8b17d0b88d495,val,/content/steel_defect_project/dataset/split_0743b20802d2/images/val/inclusion_78.jpg,3
inclusion_79,/content/steel_defect_project/raw/NEU-DET/IMAGES/inclusion_79.jpg,200,200,1,[1],8bb8ed5c2fbb878256efac7b1762b6e6eb179972cdfa6578fe941db442f419fa,test,/content/steel_defect_project/dataset/split_0743b20802d2/images/test/inclusion_79.jpg,1
inclusion_8,/content/steel_defect_project/raw/NEU-DET/IMAGES/inclusion_8.jpg,200,200,1,[1],379f96800236a155320626ef7c4414b3dde9abb4190113dc13e5f4a3d8781676,val,/content/steel_defect_project/dataset/split_0743b20802d2/images/val/inclusion_8.jpg,2
inclusion_80,/content/steel_defect_project/raw/NEU-DET/IMAGES/inclusion_80.jpg,200,200,1,[1],6ce9a62a5b2dae4524a2326af94129f17a3e27927fe194badd57a898a91cab90,train,/content/steel_defect_project/dataset/split_0743b20802d2/images/train/inclusion_80.jpg,3
inclusion_81,/content/steel_defect_project/raw/NEU-DET/IMAGES/inclusion_81.jpg,200,200,1,[1],3ba798cb21f0b61c4505ada31a91d7bb3904bc0693950be100bf5d1db87da380,train,/content/steel_defect_project/dataset/split_0743b20802d2/images/train/inclusion_81.jpg,5
inclusion_82,/content/steel_defect_project/raw/NEU-DET/IMAGES/inclusion_82.jpg,200,200,1,[1],b8f2a275dddf8ddd5762705077e2d6d353fda3ab741dd6bcb06d4522fc489f16,test,/content/steel_defect_project/dataset/split_0743b20802d2/images/test/inclusion_82.jpg,2
inclusion_83,/content/steel_defect_project/raw/NEU-DET/IMAGES/inclusion_83.jpg,200,200,1,[1],7b662639aecb02da4821b289c1d4c7edc5d14a655d5a62fdee94d5687889c629,test,/content/steel_defect_project/dataset/split_0743b20802d2/images/test/inclusion_83.jpg,3
inclusion_84,/content/steel_defect_project/raw/NEU-DET/IMAGES/inclusion_84.jpg,200,200,1,[1],ad28b2c62db37910c166a5203b4cee8757727d62a48a52348ae3f91cd81955a7,val,/content/steel_defect_project/dataset/split_0743b20802d2/images/val/inclusion_84.jpg,6
inclusion_85,/content/steel_defect_project/raw/NEU-DET/IMAGES/inclusion_85.jpg,200,200,1,[1],6ec4b8924ebca38d20e3ea32fd892612df932347e6b7efa758c72eea9536cf10,test,/content/steel_defect_project/dataset/split_0743b20802d2/images/test/inclusion_85.jpg,6
inclusion_86,/content/steel_defect_project/raw/NEU-DET/IMAGES/inclusion_86.jpg,200,200,1,[1],bf52b895d6249e05bb8c0e07aaf688ae8cf63dd4c413b640be7f62a081ef3703,train,/content/steel_defect_project/dataset/split_0743b20802d2/images/train/inclusion_86.jpg,5
inclusion_87,/content/steel_defect_project/raw/NEU-DET/IMAGES/inclusion_87.jpg,200,200,1,[1],dc4c38690e41b4c7c303f23fbd5883cb6343af3eec2b1a96d0528a979e8bd772,train,/content/steel_defect_project/dataset/split_0743b20802d2/images/train/inclusion_87.jpg,7
inclusion_88,/content/steel_defect_project/raw/NEU-DET/IMAGES/inclusion_88.jpg,200,200,1,[1],1e4a5ff4d25b4e8e7ba0b3f19245a4265a6e913316f7421dbebb2f2a3a88c398,train,/content/steel_defect_project/dataset/split_0743b20802d2/images/train/inclusion_88.jpg,8
inclusion_89,/content/steel_defect_project/raw/NEU-DET/IMAGES/inclusion_89.jpg,200,200,1,[1],78123a23728b85e48d377c2fe7a966cf5fec08472af8d40991a1be368f239986,train,/content/steel_defect_project/dataset/split_0743b20802d2/images/train/inclusion_89.jpg,5
inclusion_9,/content/steel_defect_project/raw/NEU-DET/IMAGES/inclusion_9.jpg,200,200,1,[1],80a1e202cd9b4169ba1aabdc96f0b5abac8285f61eafb0305f941b22350a78b8,test,/content/steel_defect_project/dataset/split_0743b20802d2/images/test/inclusion_9.jpg,1
inclusion_90,/content/steel_defect_project/raw/NEU-DET/IMAGES/inclusion_90.jpg,200,200,1,[1],0d6c382c7f8506adf4d8f75ec05dfc426298e85965923c976b24a7d7ad1d22c9,test,/content/steel_defect_project/dataset/split_0743b20802d2/images/test/inclusion_90.jpg,1
inclusion_91,/content/steel_defect_project/raw/NEU-DET/IMAGES/inclusion_91.jpg,200,200,1,[1],51dd9fd21bae6d51a4f41f7b210806570506df3af54d5f5879ab2e8690443df0,train,/content/steel_defect_project/dataset/split_0743b20802d2/images/train/inclusion_91.jpg,4
inclusion_92,/content/steel_defect_project/raw/NEU-DET/IMAGES/inclusion_92.jpg,200,200,1,[1],e193c145175e7faf4b3f75d50405cd43e1f72f11908744df72923c0817a515b6,train,/content/steel_defect_project/dataset/split_0743b20802d2/images/train/inclusion_92.jpg,4
inclusion_93,/content/steel_defect_project/raw/NEU-DET/IMAGES/inclusion_93.jpg,200,200,1,[1],dac5c9c2da9c1d36cc33dc72b9db2678f5ce4e27477425fcee19254b13d0c97e,test,/content/steel_defect_project/dataset/split_0743b20802d2/images/test/inclusion_93.jpg,5
inclusion_94,/content/steel_defect_project/raw/NEU-DET/IMAGES/inclusion_94.jpg,200,200,1,[1],1df4b0c2b22c343e6faf5f39e6f02dca005d45eb457ced4447fc88d1ab8a1973,train,/content/steel_defect_project/dataset/split_0743b20802d2/images/train/inclusion_94.jpg,6
inclusion_95,/content/steel_defect_project/raw/NEU-DET/IMAGES/inclusion_95.jpg,200,200,1,[1],50d01e325beb4838a348899227ed648b166d242a569d297673625739854882f0,train,/content/steel_defect_project/dataset/split_0743b20802d2/images/train/inclusion_95.jpg,3
inclusion_96,/content/steel_defect_project/raw/NEU-DET/IMAGES/inclusion_96.jpg,200,200,1,[1],42339ce7ab4f34354b9d4acbc416629e4209bcaa5fa2c8e9d0bf5c76012de568,train,/content/steel_defect_project/dataset/split_0743b20802d2/images/train/inclusion_96.jpg,3
inclusion_97,/content/steel_defect_project/raw/NEU-DET/IMAGES/inclusion_97.jpg,200,200,1,[1],45d20063ce88f2dece7b7a94fe2b4ccec8df284c45e2227c4bf345bfd0cafe0c,train,/content/steel_defect_project/dataset/split_0743b20802d2/images/train/inclusion_97.jpg,1
inclusion_98,/content/steel_defect_project/raw/NEU-DET/IMAGES/inclusion_98.jpg,200,200,1,[1],44c6c39002f47ea060d7a17a0c5340083f050262f4e68d4f06569e2fdb1448a6,train,/content/steel_defect_project/dataset/split_0743b20802d2/images/train/inclusion_98.jpg,1
inclusion_99,/content/steel_defect_project/raw/NEU-DET/IMAGES/inclusion_99.jpg,200,200,1,[1],81c3fa6beb39511345c2b752d795506197a1b11d2bfcfc8745ac7ee91725fdca,train,/content/steel_defect_project/dataset/split_0743b20802d2/images/train/inclusion_99.jpg,1
patches_1,/content/steel_defect_project/raw/NEU-DET/IMAGES/patches_1.jpg,200,200,2,[2],9cc990f8f36c8f66e8b60265d5c92c3055342d9cafabd538ffcb56cbb24e552e,train,/content/steel_defect_project/dataset/split_0743b20802d2/images/train/patches_1.jpg,3
patches_10,/content/steel_defect_project/raw/NEU-DET/IMAGES/patches_10.jpg,200,200,2,[2],1abc8a6587efb06430e46934a7a733f657caa5c6269057f546e87d77b12593f0,val,/content/steel_defect_project/dataset/split_0743b20802d2/images/val/patches_10.jpg,2
patches_100,/content/steel_defect_project/raw/NEU-DET/IMAGES/patches_100.jpg,200,200,2,[2],0bc1994b7f9cb1d925ce6275406f390b90897f4ef55065e70ea278ecc722d608,train,/content/steel_defect_project/dataset/split_0743b20802d2/images/train/patches_100.jpg,3
patches_102,/content/steel_defect_project/raw/NEU-DET/IMAGES/patches_102.jpg,200,200,2,[2],4ebd12f26d8b33f558265025482f78878379aee65cc13c8763f402a695a331d8,train,/content/steel_defect_project/dataset/split_0743b20802d2/images/train/patches_102.jpg,2
patches_103,/content/steel_defect_project/raw/NEU-DET/IMAGES/patches_103.jpg,200,200,2,[2],9ecf5e9f1dffb4d5e4f1c556d2cc3005323a4f2539a1458ee56d64a23cf334d8,train,/content/steel_defect_project/dataset/split_0743b20802d2/images/train/patches_103.jpg,1
patches_104,/content/steel_defect_project/raw/NEU-DET/IMAGES/patches_104.jpg,200,200,2,[2],018db8183d445b8a4cbe0c7e71401071389646af249a3b0800f2ea79e7660e9f,val,/content/steel_defect_project/dataset/split_0743b20802d2/images/val/patches_104.jpg,4
patches_106,/content/steel_defect_project/raw/NEU-DET/IMAGES/patches_106.jpg,200,200,2,[2],163a8ddfc05c98e26b8fa15a5cb18192fa500e34ae7815f486ac1171eb5b8f24,train,/content/steel_defect_project/dataset/split_0743b20802d2/images/train/patches_106.jpg,1
patches_107,/content/steel_defect_project/raw/NEU-DET/IMAGES/patches_107.jpg,200,200,2,[2],dc0df967776df9e13a67da50622e06d41f39b0c20a5142c9089aea2feaa86011,val,/content/steel_defect_project/dataset/split_0743b20802d2/images/val/patches_107.jpg,2
patches_108,/content/steel_defect_project/raw/NEU-DET/IMAGES/patches_108.jpg,200,200,2,[2],9192c27481c457caece8dc6239a20382627140b287a4d907e45d0b428af0bccf,train,/content/steel_defect_project/dataset/split_0743b20802d2/images/train/patches_108.jpg,3
patches_109,/content/steel_defect_project/raw/NEU-DET/IMAGES/patches_109.jpg,200,200,2,[2],b69579d3753af8ac40a7b7c34c0166e1b21e4fe677fbf60d5bce2954c30b84f0,train,/content/steel_defect_project/dataset/split_0743b20802d2/images/train/patches_109.jpg,3
patches_11,/content/steel_defect_project/raw/NEU-DET/IMAGES/patches_11.jpg,200,200,2,[2],6c3e3eedee0708a71030c8f0a24040e71dae5a7ef769ae399f7120957a841ad6,train,/content/steel_defect_project/dataset/split_0743b20802d2/images/train/patches_11.jpg,2
patches_110,/content/steel_defect_project/raw/NEU-DET/IMAGES/patches_110.jpg,200,200,2,[2],33d68c9bf072fa62f112ea270c380accff8cb151f0401bc0bd6b55236546fb10,train,/content/steel_defect_project/dataset/split_0743b20802d2/images/train/patches_110.jpg,2
patches_111,/content/steel_defect_project/raw/NEU-DET/IMAGES/patches_111.jpg,200,200,2,[2],ba6cc1957c9d050808fab5d3598039db77b14410ccd0c7b8147f52f4577e2cd2,train,/content/steel_defect_project/dataset/split_0743b20802d2/images/train/patches_111.jpg,2
patches_112,/content/steel_defect_project/raw/NEU-DET/IMAGES/patches_112.jpg,200,200,2,[2],adb0553d445806f75554c9f3d46e91cbf7142008e3768c15599b07facc0b6eca,train,/content/steel_defect_project/dataset/split_0743b20802d2/images/train/patches_112.jpg,4
patches_113,/content/steel_defect_project/raw/NEU-DET/IMAGES/patches_113.jpg,200,200,2,[2],b3324d377db3da736b76b844dc3f5cbb93797b0f0ab4da3f63788e0d58b71208,train,/content/steel_defect_project/dataset/split_0743b20802d2/images/train/patches_113.jpg,2
patches_114,/content/steel_defect_project/raw/NEU-DET/IMAGES/patches_114.jpg,200,200,2,[2],8fc62fbf8e39678672b160a66a3eac54d47138821a5f7b0684d5ebcc4f871084,train,/content/steel_defect_project/dataset/split_0743b20802d2/images/train/patches_114.jpg,5
patches_115,/content/steel_defect_project/raw/NEU-DET/IMAGES/patches_115.jpg,200,200,2,[2],2a5a4a35d31b3839e900d90bee2e100d974e693f0ba663a7f3f96fb3f505bc83,train,/content/steel_defect_project/dataset/split_0743b20802d2/images/train/patches_115.jpg,4
patches_116,/content/steel_defect_project/raw/NEU-DET/IMAGES/patches_116.jpg,200,200,2,[2],3919717196f45c415995b35a00593cce588f8afad8c309298a8a8dc2c49f51ab,train,/content/steel_defect_project/dataset/split_0743b20802d2/images/train/patches_116.jpg,3
patches_117,/content/steel_defect_project/raw/NEU-DET/IMAGES/patches_117.jpg,200,200,2,[2],3618492352c6ee87ede7d78b19f92ed7ea2a297e95bf4958100d09720e422028,train,/content/steel_defect_project/dataset/split_0743b20802d2/images/train/patches_117.jpg,2
patches_118,/content/steel_defect_project/raw/NEU-DET/IMAGES/patches_118.jpg,200,200,2,[2],c7a496b36a690ab4dd9a3247335ffb7b5d56c3a6981ba033841395e9c47c7c7a,train,/content/steel_defect_project/dataset/split_0743b20802d2/images/train/patches_118.jpg,3
patches_119,/content/steel_defect_project/raw/NEU-DET/IMAGES/patches_119.jpg,200,200,2,[2],98eb496364a0404809a4db3749b8446219947b0f29c290247c8185bfb370f2ab,train,/content/steel_defect_project/dataset/split_0743b20802d2/images/train/patches_119.jpg,3
patches_12,/content/steel_defect_project/raw/NEU-DET/IMAGES/patches_12.jpg,200,200,2,[2],bb56d5ca4d23ad2b0ed84121d0e25f609316098a6b2f7eb2ce16d93a1cb52c69,train,/content/steel_defect_project/dataset/split_0743b20802d2/images/train/patches_12.jpg,3
patches_120,/content/steel_defect_project/raw/NEU-DET/IMAGES/patches_120.jpg,200,200,2,[2],69c73384ed72208634759e3311d94a8a35fff085ced3b4abc95142d5c44e8943,train,/content/steel_defect_project/dataset/split_0743b20802d2/images/train/patches_120.jpg,5
patches_121,/content/steel_defect_project/raw/NEU-DET/IMAGES/patches_121.jpg,200,200,2,[2],9e76316a61d8d94f16f2c3bbd094952db9dcd2beb03e7d9cda5321baae6da6ab,train,/content/steel_defect_project/dataset/split_0743b20802d2/images/train/patches_121.jpg,1
patches_122,/content/steel_defect_project/raw/NEU-DET/IMAGES/patches_122.jpg,200,200,2,[2],531e3b1a8c53323ca7125f65852e5d935170a38ce9254a642cbc542dd6499468,train,/content/steel_defect_project/dataset/split_0743b20802d2/images/train/patches_122.jpg,4
patches_123,/content/steel_defect_project/raw/NEU-DET/IMAGES/patches_123.jpg,200,200,2,[2],ba7875d2bc49048546ef20405e36ead839c8a9873b4a00fb3d20be2a8bc438da,train,/content/steel_defect_project/dataset/split_0743b20802d2/images/train/patches_123.jpg,2
patches_124,/content/steel_defect_project/raw/NEU-DET/IMAGES/patches_124.jpg,200,200,2,[2],9100c31a0c60b5f82ae559ac5c67dc1ada530ea00f3d5d340c894808b43c7cc0,train,/content/steel_defect_project/dataset/split_0743b20802d2/images/train/patches_124.jpg,2
patches_125,/content/steel_defect_project/raw/NEU-DET/IMAGES/patches_125.jpg,200,200,2,[2],ae48cebc7266beae97055f2709753798ec2367bc42d1d8d36d4fb8344dbf77ee,train,/content/steel_defect_project/dataset/split_0743b20802d2/images/train/patches_125.jpg,2
patches_126,/content/steel_defect_project/raw/NEU-DET/IMAGES/patches_126.jpg,200,200,2,[2],a70c06d1f27ae4167b3377bf285bf4ccd5748e596e42631daf89cda3a950ed52,train,/content/steel_defect_project/dataset/split_0743b20802d2/images/train/patches_126.jpg,1
patches_127,/content/steel_defect_project/raw/NEU-DET/IMAGES/patches_127.jpg,200,200,2,[2],389ea92c10f69688ef1d6171d96181e297c4ac7a53c8a6f64dd1c3dec0eda9a8,train,/content/steel_defect_project/dataset/split_0743b20802d2/images/train/patches_127.jpg,4
patches_128,/content/steel_defect_project/raw/NEU-DET/IMAGES/patches_128.jpg,200,200,2,[2],1362836f9c566fc26b9599c64adc07b54f94f6dca818c488ebfa45ea4e91981c,train,/content/steel_defect_project/dataset/split_0743b20802d2/images/train/patches_128.jpg,5
patches_129,/content/steel_defect_project/raw/NEU-DET/IMAGES/patches_129.jpg,200,200,2,[2],174444eccb0124c95d825981b0e8c9bc0446032a8230d0e73552fccd7a913dc4,test,/content/steel_defect_project/dataset/split_0743b20802d2/images/test/patches_129.jpg,1
patches_13,/content/steel_defect_project/raw/NEU-DET/IMAGES/patches_13.jpg,200,200,2,[2],4b55d93cc786f5b5aaf027ec980bb40d9c2054c4845daf9bde328f66c80cb789,test,/content/steel_defect_project/dataset/split_0743b20802d2/images/test/patches_13.jpg,1
patches_130,/content/steel_defect_project/raw/NEU-DET/IMAGES/patches_130.jpg,200,200,2,[2],a7eed1f02d3537210c20408c8e22d93024ad61dba50a3b995fbc8b349e879fa3,train,/content/steel_defect_project/dataset/split_0743b20802d2/images/train/patches_130.jpg,3
patches_131,/content/steel_defect_project/raw/NEU-DET/IMAGES/patches_131.jpg,200,200,2,[2],795f603a563dc47bc05ea614752a2b6f48b586227525f41efc469f526d84e06b,train,/content/steel_defect_project/dataset/split_0743b20802d2/images/train/patches_131.jpg,3
patches_132,/content/steel_defect_project/raw/NEU-DET/IMAGES/patches_132.jpg,200,200,2,[2],a291a8f18938a39b84daa2bb3ca243e2c69bed941c0d5090c0fe1bf28aaddbfa,train,/content/steel_defect_project/dataset/split_0743b20802d2/images/train/patches_132.jpg,2
patches_133,/content/steel_defect_project/raw/NEU-DET/IMAGES/patches_133.jpg,200,200,2,[2],debfe5c877bf3e75912821ff7c1528166ce515cdf692f5ce910e46caaff862ac,train,/content/steel_defect_project/dataset/split_0743b20802d2/images/train/patches_133.jpg,3
patches_134,/content/steel_defect_project/raw/NEU-DET/IMAGES/patches_134.jpg,200,200,2,[2],4fe3c5cfe5fb41c83aaf5f04e02e2c14fae57b9491e09c5cd375d9b38d133317,train,/content/steel_defect_project/dataset/split_0743b20802d2/images/train/patches_134.jpg,2
patches_135,/content/steel_defect_project/raw/NEU-DET/IMAGES/patches_135.jpg,200,200,2,[2],628da434dfec5bfb4307807cf66eca1e80f2cacfde79009d1d5655c19422baa2,train,/content/steel_defect_project/dataset/split_0743b20802d2/images/train/patches_135.jpg,1
patches_136,/content/steel_defect_project/raw/NEU-DET/IMAGES/patches_136.jpg,200,200,2,[2],a5757ef19754fd3e5ed4ad630c4715b4bd10eb3b2b3dbb2db2dbc70a09496b42,test,/content/steel_defect_project/dataset/split_0743b20802d2/images/test/patches_136.jpg,1
patches_137,/content/steel_defect_project/raw/NEU-DET/IMAGES/patches_137.jpg,200,200,2,[2],0aa9f1213493cd85fd81ad0c713641743a33f1b24c2d40824004b94ade7c590d,train,/content/steel_defect_project/dataset/split_0743b20802d2/images/train/patches_137.jpg,2
patches_138,/content/steel_defect_project/raw/NEU-DET/IMAGES/patches_138.jpg,200,200,2,[2],2725f4a9d9dae5dee5a123a9b77538728cafe785a4769dddcb6ddd99e51de7c5,test,/content/steel_defect_project/dataset/split_0743b20802d2/images/test/patches_138.jpg,3
patches_139,/content/steel_defect_project/raw/NEU-DET/IMAGES/patches_139.jpg,200,200,2,[2],835d7bb2adfa985c7aa842dae4acb189539bf25076ec388e2155e6b794d6c2f2,val,/content/steel_defect_project/dataset/split_0743b20802d2/images/val/patches_139.jpg,3
patches_14,/content/steel_defect_project/raw/NEU-DET/IMAGES/patches_14.jpg,200,200,2,[2],40800b8cfec5ebc106b816d6e17baa8cbd89f4cf7c0342ecf65357300cfc1d56,train,/content/steel_defect_project/dataset/split_0743b20802d2/images/train/patches_14.jpg,1
patches_140,/content/steel_defect_project/raw/NEU-DET/IMAGES/patches_140.jpg,200,200,2,[2],2675d30a942295680d37c70708ffd2cb8303a7a4bac441c26d407019dffc7535,train,/content/steel_defect_project/dataset/split_0743b20802d2/images/train/patches_140.jpg,5
patches_141,/content/steel_defect_project/raw/NEU-DET/IMAGES/patches_141.jpg,200,200,2,[2],08bd5e7c9b39a2db51e9574641ec75e716944c008e40f7bb7b9a47c51098fa81,train,/content/steel_defect_project/dataset/split_0743b20802d2/images/train/patches_141.jpg,3
patches_142,/content/steel_defect_project/raw/NEU-DET/IMAGES/patches_142.jpg,200,200,2,[2],ee3bc3e914f145fe5d2fd368718f36983cb584e4fb0d37c4e3aaf2b42b388a7c,train,/content/steel_defect_project/dataset/split_0743b20802d2/images/train/patches_142.jpg,5
patches_143,/content/steel_defect_project/raw/NEU-DET/IMAGES/patches_143.jpg,200,200,2,[2],9b7d40f6dfeed8af4de5b81dd78f2af64d599ba65c7bc8631b2783aaed35c036,train,/content/steel_defect_project/dataset/split_0743b20802d2/images/train/patches_143.jpg,3
patches_144,/content/steel_defect_project/raw/NEU-DET/IMAGES/patches_144.jpg,200,200,2,[2],970659561718034ba0ff4d66e203efe0f0b2fd713006806ef0f0c0dcab607665,train,/content/steel_defect_project/dataset/split_0743b20802d2/images/train/patches_144.jpg,2
patches_145,/content/steel_defect_project/raw/NEU-DET/IMAGES/patches_145.jpg,200,200,2,[2],bb72ba3e630b255d1de03938dab4bcb5bef086f718183c1b0613f6bccf1c6cbf,train,/content/steel_defect_project/dataset/split_0743b20802d2/images/train/patches_145.jpg,4
patches_146,/content/steel_defect_project/raw/NEU-DET/IMAGES/patches_146.jpg,200,200,2,[2],d72847cc905d2f5f601b7ad17a65ffaaa6de1a443e16ffa32826bb86c692eb30,train,/content/steel_defect_project/dataset/split_0743b20802d2/images/train/patches_146.jpg,3
patches_147,/content/steel_defect_project/raw/NEU-DET/IMAGES/patches_147.jpg,200,200,2,[2],ac77974f513553527e7ac74c27fe3336302eba67e7d3e0044765fad0f3af8360,train,/content/steel_defect_project/dataset/split_0743b20802d2/images/train/patches_147.jpg,3
patches_148,/content/steel_defect_project/raw/NEU-DET/IMAGES/patches_148.jpg,200,200,2,[2],b4821079cde8ae37bed526ed2f45c24bcc3af50d4a047064263044cf3db2cd32,train,/content/steel_defect_project/dataset/split_0743b20802d2/images/train/patches_148.jpg,2
patches_149,/content/steel_defect_project/raw/NEU-DET/IMAGES/patches_149.jpg,200,200,2,[2],2436f7e704f2016216c9dadf4d56ad7683f0379ff820e60772703781319bc3be,train,/content/steel_defect_project/dataset/split_0743b20802d2/images/train/patches_149.jpg,3
patches_15,/content/steel_defect_project/raw/NEU-DET/IMAGES/patches_15.jpg,200,200,2,[2],2487d7f6092c904d926c67fd8bf6cd34dee6a972d5f277e02933fae6baa9dc60,train,/content/steel_defect_project/dataset/split_0743b20802d2/images/train/patches_15.jpg,2
patches_150,/content/steel_defect_project/raw/NEU-DET/IMAGES/patches_150.jpg,200,200,2,[2],00b97fc14b2ef0d35f0c872f352ab100d6d13f00ee18bf76f7652132e9979692,train,/content/steel_defect_project/dataset/split_0743b20802d2/images/train/patches_150.jpg,3
patches_151,/content/steel_defect_project/raw/NEU-DET/IMAGES/patches_151.jpg,200,200,2,[2],3b9f31f19887bec483cd78dffebf03754670a963efb7df9250fec9b1d03cc668,val,/content/steel_defect_project/dataset/split_0743b20802d2/images/val/patches_151.jpg,4
patches_152,/content/steel_defect_project/raw/NEU-DET/IMAGES/patches_152.jpg,200,200,2,[2],c8ae07574972e11c6f210e1aa65ebb0e984cd6dc2cf227939b358b3458c6943e,train,/content/steel_defect_project/dataset/split_0743b20802d2/images/train/patches_152.jpg,6
patches_153,/content/steel_defect_project/raw/NEU-DET/IMAGES/patches_153.jpg,200,200,2,[2],94ce533eca925eed18d523733c86450c4cc61fe6993bcbfe16332e5cb0a85ba4,train,/content/steel_defect_project/dataset/split_0743b20802d2/images/train/patches_153.jpg,1
patches_154,/content/steel_defect_project/raw/NEU-DET/IMAGES/patches_154.jpg,200,200,2,[2],9080e81e37c5c0e9ddb8272f8ad21d6adc868bcdf0a3d7fe4c40b3f74e88fc69,train,/content/steel_defect_project/dataset/split_0743b20802d2/images/train/patches_154.jpg,3
patches_155,/content/steel_defect_project/raw/NEU-DET/IMAGES/patches_155.jpg,200,200,2,"[1, 2]",d6629713250183da290f8788826061d2c2c7000c1e92e093e263b38d690cd989,train,/content/steel_defect_project/dataset/split_0743b20802d2/images/train/patches_155.jpg,6
patches_156,/content/steel_defect_project/raw/NEU-DET/IMAGES/patches_156.jpg,200,200,2,[2],80aacdf96b7e3281caf9538fd4e12c4c6173fdf43a94801d569fe9357f6e2b8a,train,/content/steel_defect_project/dataset/split_0743b20802d2/images/train/patches_156.jpg,2
patches_157,/content/steel_defect_project/raw/NEU-DET/IMAGES/patches_157.jpg,200,200,2,[2],c63c93304e6172d2f1bd0f1918663eff61de0c74cb08151444a71aec61c6e90a,train,/content/steel_defect_project/dataset/split_0743b20802d2/images/train/patches_157.jpg,2
patches_158,/content/steel_defect_project/raw/NEU-DET/IMAGES/patches_158.jpg,200,200,2,[2],bc1ab56f062ecb84c19c1b01486a4c5d1a54b78b89f2da5da9571c194307bb14,train,/content/steel_defect_project/dataset/split_0743b20802d2/images/train/patches_158.jpg,2
patches_159,/content/steel_defect_project/raw/NEU-DET/IMAGES/patches_159.jpg,200,200,2,[2],9cd89517883aa590af4fa197fe22fc5c2c20c3d8da609d14fa2fbc5a62c791b7,train,/content/steel_defect_project/dataset/split_0743b20802d2/images/train/patches_159.jpg,2
patches_16,/content/steel_defect_project/raw/NEU-DET/IMAGES/patches_16.jpg,200,200,2,[2],d29efd050799f48e8c083d625f720d22ee037d2af785809ff02e87b761f4e83a,train,/content/steel_defect_project/dataset/split_0743b20802d2/images/train/patches_16.jpg,3
patches_160,/content/steel_defect_project/raw/NEU-DET/IMAGES/patches_160.jpg,200,200,2,[2],be78408f5455712fb5de83b00a71eae68b86c808efe344a899d4c4452b2736fe,train,/content/steel_defect_project/dataset/split_0743b20802d2/images/train/patches_160.jpg,1
patches_161,/content/steel_defect_project/raw/NEU-DET/IMAGES/patches_161.jpg,200,200,2,[2],eb701234668f4fe2951f55611f793b908028a9cf090d42679eff74f8250a9f85,train,/content/steel_defect_project/dataset/split_0743b20802d2/images/train/patches_161.jpg,1
patches_162,/content/steel_defect_project/raw/NEU-DET/IMAGES/patches_162.jpg,200,200,2,[2],dfdfcdf38e271d7b7f4d3b2b6ab82bd53380cfbc42ac0d5117b168cdaa8b63bf,train,/content/steel_defect_project/dataset/split_0743b20802d2/images/train/patches_162.jpg,1
patches_163,/content/steel_defect_project/raw/NEU-DET/IMAGES/patches_163.jpg,200,200,2,[2],886b145f1872ebd5911c55be507b392235714c51c2e086d0d12d4818380e0786,val,/content/steel_defect_project/dataset/split_0743b20802d2/images/val/patches_163.jpg,2
patches_164,/content/steel_defect_project/raw/NEU-DET/IMAGES/patches_164.jpg,200,200,2,[2],a11be735712d8dce13eac7acb8b415d9c25c50ebfaf6c447ede1a400dd175b2f,test,/content/steel_defect_project/dataset/split_0743b20802d2/images/test/patches_164.jpg,1
patches_165,/content/steel_defect_project/raw/NEU-DET/IMAGES/patches_165.jpg,200,200,2,[2],1f3fad0a6bb56e3ed159b1d4451fa065c1cf46f6b140732c50288af280a064fe,train,/content/steel_defect_project/dataset/split_0743b20802d2/images/train/patches_165.jpg,4
patches_166,/content/steel_defect_project/raw/NEU-DET/IMAGES/patches_166.jpg,200,200,2,[2],810c27e9c7f5bda109c8642638ecf0bc759370e4be5227f750978ca5711b7c68,train,/content/steel_defect_project/dataset/split_0743b20802d2/images/train/patches_166.jpg,3
patches_167,/content/steel_defect_project/raw/NEU-DET/IMAGES/patches_167.jpg,200,200,2,"[1, 2]",99492ea577b1c05981223e13d031109107d72bdb5d6d64aa866479324b217c7c,train,/content/steel_defect_project/dataset/split_0743b20802d2/images/train/patches_167.jpg,5
patches_168,/content/steel_defect_project/raw/NEU-DET/IMAGES/patches_168.jpg,200,200,2,"[1, 2]",0c71f284fed4b842d1ebae549554ae66f7f097ee8bcbbb008d1f1048ab4902cf,train,/content/steel_defect_project/dataset/split_0743b20802d2/images/train/patches_168.jpg,7
patches_169,/content/steel_defect_project/raw/NEU-DET/IMAGES/patches_169.jpg,200,200,2,[2],663f40df969c800f07c60b725f77b11342a49119db6c1268bab76b38359dbc10,train,/content/steel_defect_project/dataset/split_0743b20802d2/images/train/patches_169.jpg,2
patches_17,/content/steel_defect_project/raw/NEU-DET/IMAGES/patches_17.jpg,200,200,2,[2],f3a49d9fac53074de4def0b4723873cfc78b86656ca22076a2f10a6b1284b030,val,/content/steel_defect_project/dataset/split_0743b20802d2/images/val/patches_17.jpg,3
patches_170,/content/steel_defect_project/raw/NEU-DET/IMAGES/patches_170.jpg,200,200,2,[2],8ae6b6035ad9dadf56191533f4f07bee80b28d04d59010d5186e93298fb1790e,test,/content/steel_defect_project/dataset/split_0743b20802d2/images/test/patches_170.jpg,1
patches_171,/content/steel_defect_project/raw/NEU-DET/IMAGES/patches_171.jpg,200,200,2,"[1, 2]",6c5205b106b76d289e15a933fda3456a701fc60c615a47d0c4fc9311257b2776,test,/content/steel_defect_project/dataset/split_0743b20802d2/images/test/patches_171.jpg,5
patches_172,/content/steel_defect_project/raw/NEU-DET/IMAGES/patches_172.jpg,200,200,2,"[1, 2]",309c08bff00615ea8a91561724da92a2b2cdd5e54a4e5178466e4bbd15bdcf11,train,/content/steel_defect_project/dataset/split_0743b20802d2/images/train/patches_172.jpg,6
patches_173,/content/steel_defect_project/raw/NEU-DET/IMAGES/patches_173.jpg,200,200,2,[2],01ecc50183c523ba23e025e996d2350b3c122d167de7296a969ea62d31d41d45,train,/content/steel_defect_project/dataset/split_0743b20802d2/images/train/patches_173.jpg,1
patches_174,/content/steel_defect_project/raw/NEU-DET/IMAGES/patches_174.jpg,200,200,2,"[1, 2]",ed347c39b5e9326c9b4ea4d2e2d30607c4712037bf37dea5a3152c529f20715f,test,/content/steel_defect_project/dataset/split_0743b20802d2/images/test/patches_174.jpg,4
patches_175,/content/steel_defect_project/raw/NEU-DET/IMAGES/patches_175.jpg,200,200,2,"[1, 2]",632c618145370a1253f355bc97c7201c5e1ff7dab7d0ac69ede7484a944b8c35,train,/content/steel_defect_project/dataset/split_0743b20802d2/images/train/patches_175.jpg,5
patches_176,/content/steel_defect_project/raw/NEU-DET/IMAGES/patches_176.jpg,200,200,2,"[1, 2]",2609d13e366789599942f9e708a43cbf22b9188df3f4e4a450a5765bf8cd8524,train,/content/steel_defect_project/dataset/split_0743b20802d2/images/train/patches_176.jpg,5
patches_177,/content/steel_defect_project/raw/NEU-DET/IMAGES/patches_177.jpg,200,200,2,[2],54abc4f1e916a2501fefecd8fd433da1fbc03dfb081de49b0fa1a46aa252b826,train,/content/steel_defect_project/dataset/split_0743b20802d2/images/train/patches_177.jpg,3
patches_178,/content/steel_defect_project/raw/NEU-DET/IMAGES/patches_178.jpg,200,200,2,[2],89217c67b4da40f95d7524b2e2b21383bd2abe349d9ca1f3da803df5625a9386,train,/content/steel_defect_project/dataset/split_0743b20802d2/images/train/patches_178.jpg,1
patches_179,/content/steel_defect_project/raw/NEU-DET/IMAGES/patches_179.jpg,200,200,2,"[1, 2]",ab3b22765719deedccdb1cbddac376e7a7bdc73addada89cd5fe1552ccb0d3c5,val,/content/steel_defect_project/dataset/split_0743b20802d2/images/val/patches_179.jpg,4
patches_18,/content/steel_defect_project/raw/NEU-DET/IMAGES/patches_18.jpg,200,200,2,[2],033ab664c037f7a8ac7c98bb92c117a0014984f76c37f3260acecc7bb63a9a80,train,/content/steel_defect_project/dataset/split_0743b20802d2/images/train/patches_18.jpg,3
patches_180,/content/steel_defect_project/raw/NEU-DET/IMAGES/patches_180.jpg,200,200,2,[2],a9c3607ca9d59aab838fa365d125bfd43f2173c4e4260fb72d9519bfb411c6d7,train,/content/steel_defect_project/dataset/split_0743b20802d2/images/train/patches_180.jpg,3
patches_181,/content/steel_defect_project/raw/NEU-DET/IMAGES/patches_181.jpg,200,200,2,[2],112f135ed20d3dcfc1603c4fca3c65b124823bfd32be4d10e6df3fd3d0afd7fd,train,/content/steel_defect_project/dataset/split_0743b20802d2/images/train/patches_181.jpg,4
patches_182,/content/steel_defect_project/raw/NEU-DET/IMAGES/patches_182.jpg,200,200,2,[2],359b5f73f1ac457549a81262742892442b17c77892648014b0c655ec5f9e757c,val,/content/steel_defect_project/dataset/split_0743b20802d2/images/val/patches_182.jpg,1
patches_183,/content/steel_defect_project/raw/NEU-DET/IMAGES/patches_183.jpg,200,200,2,[2],d475506903d4568e1e6cc1f917e6ae538caeabec9236474312e2cab7798bd397,train,/content/steel_defect_project/dataset/split_0743b20802d2/images/train/patches_183.jpg,2
patches_184,/content/steel_defect_project/raw/NEU-DET/IMAGES/patches_184.jpg,200,200,2,"[1, 2]",1ac7d46aa2b0c88600b8008015ac5072d5d77db4866ac934095ed86af6652928,train,/content/steel_defect_project/dataset/split_0743b20802d2/images/train/patches_184.jpg,7
patches_185,/content/steel_defect_project/raw/NEU-DET/IMAGES/patches_185.jpg,200,200,2,[2],5b19c3737945a479868d947c06afc1f599ed9eaa8eb39480a0afd2e95861f278,train,/content/steel_defect_project/dataset/split_0743b20802d2/images/train/patches_185.jpg,1
patches_186,/content/steel_defect_project/raw/NEU-DET/IMAGES/patches_186.jpg,200,200,2,[2],93f040212276d58ebe935ca25d6daae218d8dba3d85b296faacb8ea536e32625,train,/content/steel_defect_project/dataset/split_0743b20802d2/images/train/patches_186.jpg,3
patches_187,/content/steel_defect_project/raw/NEU-DET/IMAGES/patches_187.jpg,200,200,2,"[1, 2]",60bd4853bcc31c204a43ee366b082192c79d0485aae62b75fa659a13f596ee5c,train,/content/steel_defect_project/dataset/split_0743b20802d2/images/train/patches_187.jpg,8
patches_188,/content/steel_defect_project/raw/NEU-DET/IMAGES/patches_188.jpg,200,200,2,"[1, 2]",a89bd657df6e4eb411d2e25dafd71a6edcbd51d10823680779b5df2c0a436ac4,train,/content/steel_defect_project/dataset/split_0743b20802d2/images/train/patches_188.jpg,5
patches_189,/content/steel_defect_project/raw/NEU-DET/IMAGES/patches_189.jpg,200,200,2,[2],7436762066a7af41a41f8e4c1a04f36688ddd0d5fa808dd899c46f6c5ad1afba,val,/content/steel_defect_project/dataset/split_0743b20802d2/images/val/patches_189.jpg,4
patches_19,/content/steel_defect_project/raw/NEU-DET/IMAGES/patches_19.jpg,200,200,2,[2],c5699cb8bf97211b515b03fcd4e5330a721d3be859b0ea2bc2b561417ee36e5f,train,/content/steel_defect_project/dataset/split_0743b20802d2/images/train/patches_19.jpg,4
patches_190,/content/steel_defect_project/raw/NEU-DET/IMAGES/patches_190.jpg,200,200,2,"[1, 2]",3aaf9ab8273b33ff14c4f931a5ffe2d42b9e5f2d7f5be70a07e63ac1f54b082c,val,/content/steel_defect_project/dataset/split_0743b20802d2/images/val/patches_190.jpg,7
patches_191,/content/steel_defect_project/raw/NEU-DET/IMAGES/patches_191.jpg,200,200,2,[2],878d5f88a2d0854a4848937ca756eb4a7257295b9c637b3cc4b13837059e5f1f,train,/content/steel_defect_project/dataset/split_0743b20802d2/images/train/patches_191.jpg,3
patches_192,/content/steel_defect_project/raw/NEU-DET/IMAGES/patches_192.jpg,200,200,2,[2],83f20586f3278668f1138cae2f938d71406e5d8b353094308c79d35901f9e0c0,train,/content/steel_defect_project/dataset/split_0743b20802d2/images/train/patches_192.jpg,4
patches_193,/content/steel_defect_project/raw/NEU-DET/IMAGES/patches_193.jpg,200,200,2,[2],2be8aafa9e2f1465e36d001d8d8b7e71e71c10b6956d9a518eb1ef49d6eb79f5,train,/content/steel_defect_project/dataset/split_0743b20802d2/images/train/patches_193.jpg,4
patches_194,/content/steel_defect_project/raw/NEU-DET/IMAGES/patches_194.jpg,200,200,2,[2],d59674bc541402bcc793666d1cb0e53b3c9c66a6546a1d4b7d0f5cc997d297e4,val,/content/steel_defect_project/dataset/split_0743b20802d2/images/val/patches_194.jpg,2
patches_195,/content/steel_defect_project/raw/NEU-DET/IMAGES/patches_195.jpg,200,200,2,"[1, 2]",7dc8d201fbc30cfc5fd8173d7eb5d08ccf3ee88e5f6f56edaee561f7a4fe2858,train,/content/steel_defect_project/dataset/split_0743b20802d2/images/train/patches_195.jpg,6
patches_196,/content/steel_defect_project/raw/NEU-DET/IMAGES/patches_196.jpg,200,200,2,[2],d1dafe7c65d7c83925176d23f31073847bca3ad55c46cc9958e00481a10527fa,test,/content/steel_defect_project/dataset/split_0743b20802d2/images/test/patches_196.jpg,2
patches_197,/content/steel_defect_project/raw/NEU-DET/IMAGES/patches_197.jpg,200,200,2,[2],ee38e7f3ad32d49b93db0779bebc74b39d1dc02529b7bf9e83fb8bfb5026a82e,train,/content/steel_defect_project/dataset/split_0743b20802d2/images/train/patches_197.jpg,3
patches_198,/content/steel_defect_project/raw/NEU-DET/IMAGES/patches_198.jpg,200,200,2,"[1, 2]",8a45255d9adf21cf9851104ce2f04591929288db7e5489fa46f10adba1b04600,val,/content/steel_defect_project/dataset/split_0743b20802d2/images/val/patches_198.jpg,4
patches_199,/content/steel_defect_project/raw/NEU-DET/IMAGES/patches_199.jpg,200,200,2,"[1, 2]",b34dd5dc7d0f37cd45f174dee05b0d75b528a964525d92141f2be765dcb81015,train,/content/steel_defect_project/dataset/split_0743b20802d2/images/train/patches_199.jpg,3
patches_2,/content/steel_defect_project/raw/NEU-DET/IMAGES/patches_2.jpg,200,200,2,[2],8a8d38a6bd76764b88603b869e37615b7a71ed31c6d31a0b7ecfb768031e0866,test,/content/steel_defect_project/dataset/split_0743b20802d2/images/test/patches_2.jpg,3
patches_20,/content/steel_defect_project/raw/NEU-DET/IMAGES/patches_20.jpg,200,200,2,[2],2ecbcf7600ff36ec6419c7982302d7e278e58d2acbb0742d9b4b5ac3f39a14d1,train,/content/steel_defect_project/dataset/split_0743b20802d2/images/train/patches_20.jpg,1
patches_200,/content/steel_defect_project/raw/NEU-DET/IMAGES/patches_200.jpg,200,200,2,[2],952d35c16bad82fbe8b8b5a505724c149a2552f157b70775fe52d7c3735ffff4,val,/content/steel_defect_project/dataset/split_0743b20802d2/images/val/patches_200.jpg,2
patches_201,/content/steel_defect_project/raw/NEU-DET/IMAGES/patches_201.jpg,200,200,2,"[1, 2]",fb846937f2d9217b02bb4977acc84f61cacdbe97f8c828d4b1ef93f3d9180aff,train,/content/steel_defect_project/dataset/split_0743b20802d2/images/train/patches_201.jpg,4
patches_202,/content/steel_defect_project/raw/NEU-DET/IMAGES/patches_202.jpg,200,200,2,"[1, 2]",968bd1d5b96e88f2fe79e49510a03be796f411d36ca5e60943aa49c079acd152,train,/content/steel_defect_project/dataset/split_0743b20802d2/images/train/patches_202.jpg,5
patches_203,/content/steel_defect_project/raw/NEU-DET/IMAGES/patches_203.jpg,200,200,2,[2],42a5f2ab288e17bb46775acacf3ac8b9ecf25f800e7d58038b8540bf461866a6,train,/content/steel_defect_project/dataset/split_0743b20802d2/images/train/patches_203.jpg,2
patches_204,/content/steel_defect_project/raw/NEU-DET/IMAGES/patches_204.jpg,200,200,2,[2],0b50429f4243c493721dc827658827e6145637b2f1ea7e646190e91cb204af8d,train,/content/steel_defect_project/dataset/split_0743b20802d2/images/train/patches_204.jpg,2
patches_205,/content/steel_defect_project/raw/NEU-DET/IMAGES/patches_205.jpg,200,200,2,[2],fc546d73276816f364dc9020246bb26f6d30638648cd839ad4c03c00de5901db,train,/content/steel_defect_project/dataset/split_0743b20802d2/images/train/patches_205.jpg,3
patches_206,/content/steel_defect_project/raw/NEU-DET/IMAGES/patches_206.jpg,200,200,2,"[1, 2]",4f3e81c63377d5f5e7ebf03e5e0dbffcdf01df659fbeaa8cc01b02ffeeacd3e3,train,/content/steel_defect_project/dataset/split_0743b20802d2/images/train/patches_206.jpg,4
patches_207,/content/steel_defect_project/raw/NEU-DET/IMAGES/patches_207.jpg,200,200,2,[2],ed00a5657d1432e18d48b003aa10af7c0aef25be926290da488370ba947a5a86,test,/content/steel_defect_project/dataset/split_0743b20802d2/images/test/patches_207.jpg,2
patches_208,/content/steel_defect_project/raw/NEU-DET/IMAGES/patches_208.jpg,200,200,2,[2],3dd5bd6685ef19fad734b5ff535499948964ff30c640da26ecb6f41871241ebe,val,/content/steel_defect_project/dataset/split_0743b20802d2/images/val/patches_208.jpg,2
patches_209,/content/steel_defect_project/raw/NEU-DET/IMAGES/patches_209.jpg,200,200,2,[2],97d580f5feec2590ba8959b62a629faa40e3c07bc258490e31c36647dc6ef8bd,test,/content/steel_defect_project/dataset/split_0743b20802d2/images/test/patches_209.jpg,3
patches_21,/content/steel_defect_project/raw/NEU-DET/IMAGES/patches_21.jpg,200,200,2,[2],4f147bb5b85a8317d4b3a71ddd2234d7307d3e45775b875f6f53086cf42a4317,train,/content/steel_defect_project/dataset/split_0743b20802d2/images/train/patches_21.jpg,2
patches_210,/content/steel_defect_project/raw/NEU-DET/IMAGES/patches_210.jpg,200,200,2,"[1, 2]",c5f7de9fcd4b497d1c73c4252e664145966c33a5e61232ed59e6fcef2ad6c573,test,/content/steel_defect_project/dataset/split_0743b20802d2/images/test/patches_210.jpg,3
patches_211,/content/steel_defect_project/raw/NEU-DET/IMAGES/patches_211.jpg,200,200,2,"[1, 2]",77f184be1bc00bac37f18255f25a3bac1488489281605dbc2668414508448873,train,/content/steel_defect_project/dataset/split_0743b20802d2/images/train/patches_211.jpg,5
patches_212,/content/steel_defect_project/raw/NEU-DET/IMAGES/patches_212.jpg,200,200,2,[2],1948e2cf4b99f4df80151b326b399c4266f789f0c8c821b7a94416f408f36c32,val,/content/steel_defect_project/dataset/split_0743b20802d2/images/val/patches_212.jpg,4
patches_213,/content/steel_defect_project/raw/NEU-DET/IMAGES/patches_213.jpg,200,200,2,[2],c03af719a3ac3f04d061d30ef4189a8f2b3964d08476ed005e5eccfa6d3ec55f,train,/content/steel_defect_project/dataset/split_0743b20802d2/images/train/patches_213.jpg,2
patches_214,/content/steel_defect_project/raw/NEU-DET/IMAGES/patches_214.jpg,200,200,2,[2],f7950e257f78d0819b27f6dfdfdca19811a79b38b0094f96b9cda25e6ad68dc9,test,/content/steel_defect_project/dataset/split_0743b20802d2/images/test/patches_214.jpg,2
patches_215,/content/steel_defect_project/raw/NEU-DET/IMAGES/patches_215.jpg,200,200,2,[2],72262bbfb88cf9068691e07b32830997b7035f7a7910f383d5a37abbf1a18ccc,train,/content/steel_defect_project/dataset/split_0743b20802d2/images/train/patches_215.jpg,5
patches_216,/content/steel_defect_project/raw/NEU-DET/IMAGES/patches_216.jpg,200,200,2,[2],168be0d483a1e5739e6317f09c24fc102e5b585aee1e75ea4d412c90ecc4b94f,train,/content/steel_defect_project/dataset/split_0743b20802d2/images/train/patches_216.jpg,6
patches_217,/content/steel_defect_project/raw/NEU-DET/IMAGES/patches_217.jpg,200,200,2,[2],379664e33ae79aa005ff4c6ae9a58c6f98ceabc190d5b89db783e335f802b3c3,train,/content/steel_defect_project/dataset/split_0743b20802d2/images/train/patches_217.jpg,6
patches_218,/content/steel_defect_project/raw/NEU-DET/IMAGES/patches_218.jpg,200,200,2,[2],0cdde9716fdfede626b482fe874bab5bc5102983579a9bd18e9f381ad2f5f600,train,/content/steel_defect_project/dataset/split_0743b20802d2/images/train/patches_218.jpg,4
patches_219,/content/steel_defect_project/raw/NEU-DET/IMAGES/patches_219.jpg,200,200,2,[2],80457e89f4b4566c2f01e588eade675dcc6c7ed5723e02d9bd78aaa64e19a3d9,train,/content/steel_defect_project/dataset/split_0743b20802d2/images/train/patches_219.jpg,1
patches_22,/content/steel_defect_project/raw/NEU-DET/IMAGES/patches_22.jpg,200,200,2,[2],d300289fb7ce446d5d7491947dabddf41f05e01eaf21e4eca03117f9c43b65b4,test,/content/steel_defect_project/dataset/split_0743b20802d2/images/test/patches_22.jpg,2
patches_220,/content/steel_defect_project/raw/NEU-DET/IMAGES/patches_220.jpg,200,200,2,[2],b0b6a094c86e53a694b11b8cbe34ecbfbd1cfe7597323c03df1489ba2f065529,train,/content/steel_defect_project/dataset/split_0743b20802d2/images/train/patches_220.jpg,4
patches_221,/content/steel_defect_project/raw/NEU-DET/IMAGES/patches_221.jpg,200,200,2,[2],e564c889c4b6c4af7fd070e947b618b245295d3d283c3eaea0564b94f287ac0a,train,/content/steel_defect_project/dataset/split_0743b20802d2/images/train/patches_221.jpg,3
patches_222,/content/steel_defect_project/raw/NEU-DET/IMAGES/patches_222.jpg,200,200,2,[2],409727567fff828829aa663e3d90d3ea89b29a246ec6bbc1a3c83f43c8e2533d,train,/content/steel_defect_project/dataset/split_0743b20802d2/images/train/patches_222.jpg,3
patches_223,/content/steel_defect_project/raw/NEU-DET/IMAGES/patches_223.jpg,200,200,2,[2],3d6019ad35d160ddefd45cd0d0bc078e6b2e5c5ae588646da4a47a3a3177977b,val,/content/steel_defect_project/dataset/split_0743b20802d2/images/val/patches_223.jpg,3
patches_224,/content/steel_defect_project/raw/NEU-DET/IMAGES/patches_224.jpg,200,200,2,[2],e9bdd083d14b798333b936f0d55e9a6251ca7004527dc0f9bcfcb2456e3a4563,val,/content/steel_defect_project/dataset/split_0743b20802d2/images/val/patches_224.jpg,4
patches_225,/content/steel_defect_project/raw/NEU-DET/IMAGES/patches_225.jpg,200,200,2,[2],f74fd8a339ba305f6a46df78cf79feda119f5ccf08f4726b4d892c89f80801e4,train,/content/steel_defect_project/dataset/split_0743b20802d2/images/train/patches_225.jpg,1
patches_226,/content/steel_defect_project/raw/NEU-DET/IMAGES/patches_226.jpg,200,200,2,[2],ca7bfccbf0b57bfd492bc710a52eb04d84bee91d25c5ffe48dd9d4075f5dda05,test,/content/steel_defect_project/dataset/split_0743b20802d2/images/test/patches_226.jpg,2
patches_227,/content/steel_defect_project/raw/NEU-DET/IMAGES/patches_227.jpg,200,200,2,"[1, 2]",1703b905c83e8bfe0bb028849822986c0ef809208281caa37340c4c3b6a33f75,test,/content/steel_defect_project/dataset/split_0743b20802d2/images/test/patches_227.jpg,5
patches_228,/content/steel_defect_project/raw/NEU-DET/IMAGES/patches_228.jpg,200,200,2,[2],24c3d6db9cc285d660a88194baabd0564a78d31fe7ccaabe280130291aa41e28,test,/content/steel_defect_project/dataset/split_0743b20802d2/images/test/patches_228.jpg,2
patches_229,/content/steel_defect_project/raw/NEU-DET/IMAGES/patches_229.jpg,200,200,2,[2],8662a677cf03780db5c918f241c7d1c666ba3d2da456f7d0029f168c668e48b7,train,/content/steel_defect_project/dataset/split_0743b20802d2/images/train/patches_229.jpg,3
patches_23,/content/steel_defect_project/raw/NEU-DET/IMAGES/patches_23.jpg,200,200,2,[2],a6b93d551d34ae941d9dd3fccebf48a47a4e112f07d8138ac260c9477f002bae,train,/content/steel_defect_project/dataset/split_0743b20802d2/images/train/patches_23.jpg,1
patches_230,/content/steel_defect_project/raw/NEU-DET/IMAGES/patches_230.jpg,200,200,2,"[1, 2]",aaa55e085272504c578e3a0f9b3f4493a721f51310611f8463e7959c741758fc,train,/content/steel_defect_project/dataset/split_0743b20802d2/images/train/patches_230.jpg,5
patches_231,/content/steel_defect_project/raw/NEU-DET/IMAGES/patches_231.jpg,200,200,2,[2],6e1f23b5497978dd999b1b574863596b531bf61f79cf3b508e6dfe8804286e41,train,/content/steel_defect_project/dataset/split_0743b20802d2/images/train/patches_231.jpg,6
patches_232,/content/steel_defect_project/raw/NEU-DET/IMAGES/patches_232.jpg,200,200,2,[2],a707024388ea165995f6eef7cc812eb9b31560f6e87c2092f3dd016f372ed6e1,test,/content/steel_defect_project/dataset/split_0743b20802d2/images/test/patches_232.jpg,6
patches_233,/content/steel_defect_project/raw/NEU-DET/IMAGES/patches_233.jpg,200,200,2,[2],054497cb6d42f45389f468d5344d23b333c37b580b5546efd382e0a7ba7261d6,val,/content/steel_defect_project/dataset/split_0743b20802d2/images/val/patches_233.jpg,2
patches_234,/content/steel_defect_project/raw/NEU-DET/IMAGES/patches_234.jpg,200,200,2,[2],a895f32826b2df0c08d47f18fb50cb829489c75f14d7044e610b20ecda6b095a,train,/content/steel_defect_project/dataset/split_0743b20802d2/images/train/patches_234.jpg,4
patches_235,/content/steel_defect_project/raw/NEU-DET/IMAGES/patches_235.jpg,200,200,2,[2],f80a1454ad68a162166cd40f39130d20335798abf5cbf94be0e62385a0a9f9ba,test,/content/steel_defect_project/dataset/split_0743b20802d2/images/test/patches_235.jpg,3
patches_236,/content/steel_defect_project/raw/NEU-DET/IMAGES/patches_236.jpg,200,200,2,[2],a65a5fdd71204aabc019d1243e41c6491a2b6cc1efcf2836c23a0d4b283bc245,train,/content/steel_defect_project/dataset/split_0743b20802d2/images/train/patches_236.jpg,3
patches_237,/content/steel_defect_project/raw/NEU-DET/IMAGES/patches_237.jpg,200,200,2,[2],f7530694633d9b9b2b49d91a026367b118c184ffdf90e8a6e6d4fb1f89438eeb,train,/content/steel_defect_project/dataset/split_0743b20802d2/images/train/patches_237.jpg,3
patches_238,/content/steel_defect_project/raw/NEU-DET/IMAGES/patches_238.jpg,200,200,2,[2],446c13b4fa07bdfd797de4fba54a8173c696160a82e54e938c8c1b898dade6dd,train,/content/steel_defect_project/dataset/split_0743b20802d2/images/train/patches_238.jpg,2
patches_239,/content/steel_defect_project/raw/NEU-DET/IMAGES/patches_239.jpg,200,200,2,[2],4b77c6b64a8d1ac1d7d7dd9488ad1c18ed88a4e483f297bdc0f93b08294d0e50,train,/content/steel_defect_project/dataset/split_0743b20802d2/images/train/patches_239.jpg,2
patches_24,/content/steel_defect_project/raw/NEU-DET/IMAGES/patches_24.jpg,200,200,2,[2],5eaf9c1ba2a858d3aed9596eca942609212bd810ee321999d05e74e5550b8609,val,/content/steel_defect_project/dataset/split_0743b20802d2/images/val/patches_24.jpg,3
patches_240,/content/steel_defect_project/raw/NEU-DET/IMAGES/patches_240.jpg,200,200,2,[2],233e674b9540a99dd231670b4d618103c49e6eb72353629b1a11fe2b26004913,train,/content/steel_defect_project/dataset/split_0743b20802d2/images/train/patches_240.jpg,1
patches_241,/content/steel_defect_project/raw/NEU-DET/IMAGES/patches_241.jpg,200,200,2,[2],08c4f1569a902634d2e4e0b07f3c108e6849310ae4ad394c8f3eaa34c0bd8d46,train,/content/steel_defect_project/dataset/split_0743b20802d2/images/train/patches_241.jpg,1
patches_242,/content/steel_defect_project/raw/NEU-DET/IMAGES/patches_242.jpg,200,200,2,[2],b8e80f1613dae859835c9ca390755845607ee68ffa0ef100310d0a21ace8de49,train,/content/steel_defect_project/dataset/split_0743b20802d2/images/train/patches_242.jpg,3
patches_243,/content/steel_defect_project/raw/NEU-DET/IMAGES/patches_243.jpg,200,200,2,[2],152905559f3b1989736146b2943b995dd8c0a1c0f678a894e508eedbcab5b046,train,/content/steel_defect_project/dataset/split_0743b20802d2/images/train/patches_243.jpg,5
patches_244,/content/steel_defect_project/raw/NEU-DET/IMAGES/patches_244.jpg,200,200,2,[2],2e90335a20556403c6adaa9245cb21f5e7d820ffcfaf8325841d2a0c39c4b1bd,val,/content/steel_defect_project/dataset/split_0743b20802d2/images/val/patches_244.jpg,2
patches_245,/content/steel_defect_project/raw/NEU-DET/IMAGES/patches_245.jpg,200,200,2,"[1, 2]",87b8badce8d819b7ecadda94a6354ae8667306f043130017e6d4cca6083fa440,train,/content/steel_defect_project/dataset/split_0743b20802d2/images/train/patches_245.jpg,7
patches_246,/content/steel_defect_project/raw/NEU-DET/IMAGES/patches_246.jpg,200,200,2,[2],f0d5bc6d4f529d720e0d83d3257c4c0a57841b867943bc88ba27a23f2c403c49,train,/content/steel_defect_project/dataset/split_0743b20802d2/images/train/patches_246.jpg,5
patches_247,/content/steel_defect_project/raw/NEU-DET/IMAGES/patches_247.jpg,200,200,2,[2],6f836dd597baa5d0de67166e942d71a0777150a3f212ce98159714dc4534bd5c,test,/content/steel_defect_project/dataset/split_0743b20802d2/images/test/patches_247.jpg,2
patches_248,/content/steel_defect_project/raw/NEU-DET/IMAGES/patches_248.jpg,200,200,2,[2],ab1c1e41bf18664e043b087d954a79827df4bca84bda1e3f20d8f64916ddaaa1,test,/content/steel_defect_project/dataset/split_0743b20802d2/images/test/patches_248.jpg,5
patches_249,/content/steel_defect_project/raw/NEU-DET/IMAGES/patches_249.jpg,200,200,2,"[1, 2]",ba236e3e0c2ef19acbe5713616dc6ac00ed6c50445ac1a952420e0342e610455,train,/content/steel_defect_project/dataset/split_0743b20802d2/images/train/patches_249.jpg,3
patches_25,/content/steel_defect_project/raw/NEU-DET/IMAGES/patches_25.jpg,200,200,2,[2],db5e35d5d42e4c29f2922a41779bb1c26f2165f1090ed0f8dd9a387deb7cfdc7,train,/content/steel_defect_project/dataset/split_0743b20802d2/images/train/patches_25.jpg,4
patches_250,/content/steel_defect_project/raw/NEU-DET/IMAGES/patches_250.jpg,200,200,2,[2],d925652c68c2094d606414800756ff3672aaafa7f0465df1b4bcf4ccedddfcde,train,/content/steel_defect_project/dataset/split_0743b20802d2/images/train/patches_250.jpg,4
patches_251,/content/steel_defect_project/raw/NEU-DET/IMAGES/patches_251.jpg,200,200,2,[2],b37e30207da13790823c1b8994ff6caef9cace95f83c1aaa4ec5b16e1dca22f1,train,/content/steel_defect_project/dataset/split_0743b20802d2/images/train/patches_251.jpg,1
patches_252,/content/steel_defect_project/raw/NEU-DET/IMAGES/patches_252.jpg,200,200,2,[2],d1197d166c72ab9e2628b277a0c0242fa31475507714478b5e4fdef46d2cdb55,train,/content/steel_defect_project/dataset/split_0743b20802d2/images/train/patches_252.jpg,3
patches_253,/content/steel_defect_project/raw/NEU-DET/IMAGES/patches_253.jpg,200,200,2,[2],7e0f7abc2c34df6dcac0a18b6d4db9dcb737a24b9b43dea9dfa9419b4cacf21f,test,/content/steel_defect_project/dataset/split_0743b20802d2/images/test/patches_253.jpg,3
patches_254,/content/steel_defect_project/raw/NEU-DET/IMAGES/patches_254.jpg,200,200,2,[2],282dee5e0a428727c387ed7a17ec281459c580c2c78a6ec4a53a69ccd7956adf,train,/content/steel_defect_project/dataset/split_0743b20802d2/images/train/patches_254.jpg,2
patches_255,/content/steel_defect_project/raw/NEU-DET/IMAGES/patches_255.jpg,200,200,2,[2],c89860ec84c70d36f30a4209f58efcd45bffa54729175e7d65c0ea255b588c14,test,/content/steel_defect_project/dataset/split_0743b20802d2/images/test/patches_255.jpg,3
patches_256,/content/steel_defect_project/raw/NEU-DET/IMAGES/patches_256.jpg,200,200,2,[2],3096deaeff400b0e46d66894a09805e05e3fc7684764c416093817efafbb6437,train,/content/steel_defect_project/dataset/split_0743b20802d2/images/train/patches_256.jpg,2
patches_257,/content/steel_defect_project/raw/NEU-DET/IMAGES/patches_257.jpg,200,200,2,[2],6747094153a2ff372b3eb8eb9c06933b939bb5d39e5ca5fd5ebe98cabe0ad959,val,/content/steel_defect_project/dataset/split_0743b20802d2/images/val/patches_257.jpg,4
patches_258,/content/steel_defect_project/raw/NEU-DET/IMAGES/patches_258.jpg,200,200,2,[2],c3572d177c2ca4dfbd7af9494a36d2e9368d8e907b9d174ce95649e7d4ac7d02,train,/content/steel_defect_project/dataset/split_0743b20802d2/images/train/patches_258.jpg,3
patches_259,/content/steel_defect_project/raw/NEU-DET/IMAGES/patches_259.jpg,200,200,2,"[1, 2]",e452181d4efbc481574d78fc9a9e3d738ff038d54753a9e26e510594fc01b9cf,train,/content/steel_defect_project/dataset/split_0743b20802d2/images/train/patches_259.jpg,5
patches_26,/content/steel_defect_project/raw/NEU-DET/IMAGES/patches_26.jpg,200,200,2,[2],39c1004dc1674e124ba41b83c6eb6aafdc534cee505ca1190ce6b464c833e31e,train,/content/steel_defect_project/dataset/split_0743b20802d2/images/train/patches_26.jpg,4
patches_260,/content/steel_defect_project/raw/NEU-DET/IMAGES/patches_260.jpg,200,200,2,"[1, 2]",a70eea40966c889e5c52a39e16703c1afab436a72a4c77d9f7b739fe5703e614,train,/content/steel_defect_project/dataset/split_0743b20802d2/images/train/patches_260.jpg,2
patches_261,/content/steel_defect_project/raw/NEU-DET/IMAGES/patches_261.jpg,200,200,2,[2],d0499d02602cce4d1077835e4e3ff2628cc87def9e502586c29df1a73aa5b320,val,/content/steel_defect_project/dataset/split_0743b20802d2/images/val/patches_261.jpg,4
patches_262,/content/steel_defect_project/raw/NEU-DET/IMAGES/patches_262.jpg,200,200,2,[2],d48897feca2c79680926c696592579861ae069e54fcadc5d3d0bca1418cec784,train,/content/steel_defect_project/dataset/split_0743b20802d2/images/train/patches_262.jpg,3
patches_263,/content/steel_defect_project/raw/NEU-DET/IMAGES/patches_263.jpg,200,200,2,[2],efcbe2d1bcf80fa475c2474532cb72e0b9b5332d52c4b0cb53bfbcd7167b89d9,train,/content/steel_defect_project/dataset/split_0743b20802d2/images/train/patches_263.jpg,2
patches_264,/content/steel_defect_project/raw/NEU-DET/IMAGES/patches_264.jpg,200,200,2,[2],3270970b7859f67f1c182d989e9093c83ddc904474a7feed1c8077bdb3ab00e4,train,/content/steel_defect_project/dataset/split_0743b20802d2/images/train/patches_264.jpg,2
patches_265,/content/steel_defect_project/raw/NEU-DET/IMAGES/patches_265.jpg,200,200,2,"[1, 2]",158370fe1dc6081e2ba4c2be79e734975274b66b20da8b740ce0f9cbb3b8fa73,train,/content/steel_defect_project/dataset/split_0743b20802d2/images/train/patches_265.jpg,4
patches_266,/content/steel_defect_project/raw/NEU-DET/IMAGES/patches_266.jpg,200,200,2,[2],d6700fad567b0fe7e8b8b74ad7103ad97624c46929b3a92043e5423bac31d6a8,train,/content/steel_defect_project/dataset/split_0743b20802d2/images/train/patches_266.jpg,3
patches_267,/content/steel_defect_project/raw/NEU-DET/IMAGES/patches_267.jpg,200,200,2,[2],23944dbf0e0c5652c462da22498be310045130ac109b89cb6c4a0a0321ede0e4,train,/content/steel_defect_project/dataset/split_0743b20802d2/images/train/patches_267.jpg,4
patches_268,/content/steel_defect_project/raw/NEU-DET/IMAGES/patches_268.jpg,200,200,2,[2],d4a59f24025e76daba09062220d7dca2121162dac998168f60ee10d250ce7d94,val,/content/steel_defect_project/dataset/split_0743b20802d2/images/val/patches_268.jpg,3
patches_269,/content/steel_defect_project/raw/NEU-DET/IMAGES/patches_269.jpg,200,200,2,[2],64d94120146573141ce3b9bddfc4921d06dee5ed16f63a5d9294243fb40f685f,train,/content/steel_defect_project/dataset/split_0743b20802d2/images/train/patches_269.jpg,3
patches_27,/content/steel_defect_project/raw/NEU-DET/IMAGES/patches_27.jpg,200,200,2,[2],7e4778abf5b8fbdf9bbe77211b5b0b27a7f38e28058b2eb1a8a6657a0d2b0ef6,train,/content/steel_defect_project/dataset/split_0743b20802d2/images/train/patches_27.jpg,3
patches_270,/content/steel_defect_project/raw/NEU-DET/IMAGES/patches_270.jpg,200,200,2,[2],32bbab6582dad0fb56fb11b595f0367e882b45038eb93aa2fcbeaa7bdda60137,val,/content/steel_defect_project/dataset/split_0743b20802d2/images/val/patches_270.jpg,2
patches_271,/content/steel_defect_project/raw/NEU-DET/IMAGES/patches_271.jpg,200,200,2,[2],3bb80ba0e3b526c38c0d9889de890dcaf4bc4083047e33eceb41f0bad8f4b394,train,/content/steel_defect_project/dataset/split_0743b20802d2/images/train/patches_271.jpg,2
patches_272,/content/steel_defect_project/raw/NEU-DET/IMAGES/patches_272.jpg,200,200,2,[2],5d6d0d2ce1214947e0fb02e9d4852f77550c837ca5cb94b00c10f20781b00040,train,/content/steel_defect_project/dataset/split_0743b20802d2/images/train/patches_272.jpg,1
patches_273,/content/steel_defect_project/raw/NEU-DET/IMAGES/patches_273.jpg,200,200,2,[2],90ed144d1de847eb5585f2947a9ea88412252f4540ebc7249a18889c1c6d972b,val,/content/steel_defect_project/dataset/split_0743b20802d2/images/val/patches_273.jpg,3
patches_274,/content/steel_defect_project/raw/NEU-DET/IMAGES/patches_274.jpg,200,200,2,"[1, 2]",267a4fa19d727a6f9d8e9857ab768d7788cd972cbaa17dad8df3c7c54b4cb19e,val,/content/steel_defect_project/dataset/split_0743b20802d2/images/val/patches_274.jpg,2
patches_275,/content/steel_defect_project/raw/NEU-DET/IMAGES/patches_275.jpg,200,200,2,[2],14d591ffa7ac8da7c05551d9ecb0164dbbaa996c6018f4ac9c98c07f6039cc29,train,/content/steel_defect_project/dataset/split_0743b20802d2/images/train/patches_275.jpg,2
patches_276,/content/steel_defect_project/raw/NEU-DET/IMAGES/patches_276.jpg,200,200,2,[2],1d2add29a9cf70820c23504dfb0fd7b4f491697a2ee9ed3bdfa55547549b82ab,train,/content/steel_defect_project/dataset/split_0743b20802d2/images/train/patches_276.jpg,4
patches_277,/content/steel_defect_project/raw/NEU-DET/IMAGES/patches_277.jpg,200,200,2,[2],f87515d1754fa63692ed5fc42d4f2f8249474fa28a2d751757d95fb1911cb05f,val,/content/steel_defect_project/dataset/split_0743b20802d2/images/val/patches_277.jpg,4
patches_278,/content/steel_defect_project/raw/NEU-DET/IMAGES/patches_278.jpg,200,200,2,[2],58d02ebb7224135d62f49310eaa488d9a69c88732c439755659559a078773366,test,/content/steel_defect_project/dataset/split_0743b20802d2/images/test/patches_278.jpg,2
patches_279,/content/steel_defect_project/raw/NEU-DET/IMAGES/patches_279.jpg,200,200,2,[2],1996e4a3a9dfda812b3083fc4da6e05bf432c5bf88cc9c1c56686a1a8225eb94,test,/content/steel_defect_project/dataset/split_0743b20802d2/images/test/patches_279.jpg,3
patches_28,/content/steel_defect_project/raw/NEU-DET/IMAGES/patches_28.jpg,200,200,2,[2],fd4f268e709066c9ee5f8758a6e49530f3f55c6e733fee2d707033e6ce59e651,train,/content/steel_defect_project/dataset/split_0743b20802d2/images/train/patches_28.jpg,3
patches_280,/content/steel_defect_project/raw/NEU-DET/IMAGES/patches_280.jpg,200,200,2,[2],5c0b3c5d39dc148dfd1336188b9455afcdc767863feeda3a84c84064dc749ad1,test,/content/steel_defect_project/dataset/split_0743b20802d2/images/test/patches_280.jpg,2
patches_281,/content/steel_defect_project/raw/NEU-DET/IMAGES/patches_281.jpg,200,200,2,[2],3adf53527971b5f580f148c4b35e426c187505340bce15dd3bf086e6c2bd06fe,train,/content/steel_defect_project/dataset/split_0743b20802d2/images/train/patches_281.jpg,3
patches_282,/content/steel_defect_project/raw/NEU-DET/IMAGES/patches_282.jpg,200,200,2,[2],d4696fcd8b4a37db957759683f6a84055520024d4261115c2f511b15f8a8a75d,train,/content/steel_defect_project/dataset/split_0743b20802d2/images/train/patches_282.jpg,3
patches_283,/content/steel_defect_project/raw/NEU-DET/IMAGES/patches_283.jpg,200,200,2,[2],a95c534eebf183bff3f2f29dc9e075bd8c9745d6f813b8c5f3cf0c7eadf086cc,train,/content/steel_defect_project/dataset/split_0743b20802d2/images/train/patches_283.jpg,4
patches_284,/content/steel_defect_project/raw/NEU-DET/IMAGES/patches_284.jpg,200,200,2,[2],a5bdf2815a51d11d3c885643353b52eaee24fe2cc1fce2ea3be341a90d42c07f,train,/content/steel_defect_project/dataset/split_0743b20802d2/images/train/patches_284.jpg,2
patches_285,/content/steel_defect_project/raw/NEU-DET/IMAGES/patches_285.jpg,200,200,2,[2],75153fa3b8bb46ead17c004780677726a2138cbe70ba22d006d2b2505be3d0e1,val,/content/steel_defect_project/dataset/split_0743b20802d2/images/val/patches_285.jpg,3
patches_286,/content/steel_defect_project/raw/NEU-DET/IMAGES/patches_286.jpg,200,200,2,[2],55dd371b7df7c35eeb4ad654b9b7ad49afb0f9b1a0e96e2633815e37a66c6624,train,/content/steel_defect_project/dataset/split_0743b20802d2/images/train/patches_286.jpg,4
patches_287,/content/steel_defect_project/raw/NEU-DET/IMAGES/patches_287.jpg,200,200,2,[2],5181bfe842a570fda1882ec0231d8f718ca14854881843306758fcec61cca877,train,/content/steel_defect_project/dataset/split_0743b20802d2/images/train/patches_287.jpg,2
patches_288,/content/steel_defect_project/raw/NEU-DET/IMAGES/patches_288.jpg,200,200,2,[2],2fe6233af1af42ab5dce44f7d244789519b47c196f5381b0645fe5168d365b5c,train,/content/steel_defect_project/dataset/split_0743b20802d2/images/train/patches_288.jpg,2
patches_289,/content/steel_defect_project/raw/NEU-DET/IMAGES/patches_289.jpg,200,200,2,[2],fa9f6bc9ee9e4a496067931c5d7dd5bc1f07c70652ac080e28a096b58f5e3401,test,/content/steel_defect_project/dataset/split_0743b20802d2/images/test/patches_289.jpg,5
patches_29,/content/steel_defect_project/raw/NEU-DET/IMAGES/patches_29.jpg,200,200,2,[2],ec73e19d150072f9823c0024017b2e82e3f7faf4498a6005d885e34aeef42c8b,train,/content/steel_defect_project/dataset/split_0743b20802d2/images/train/patches_29.jpg,3
patches_290,/content/steel_defect_project/raw/NEU-DET/IMAGES/patches_290.jpg,200,200,2,[2],2a36928f61aba9c5eadf35ca2d9b5fc23d8e83f9a6119adba37610ddaaa02b35,train,/content/steel_defect_project/dataset/split_0743b20802d2/images/train/patches_290.jpg,5
patches_291,/content/steel_defect_project/raw/NEU-DET/IMAGES/patches_291.jpg,200,200,2,[2],40069131f021508d2ac5fb5f67c1e7ceab097f14f72b117c7e9c3c5c3732e54c,train,/content/steel_defect_project/dataset/split_0743b20802d2/images/train/patches_291.jpg,4
patches_292,/content/steel_defect_project/raw/NEU-DET/IMAGES/patches_292.jpg,200,200,2,[2],401d0646201f9efef1a68c9e218708d8b431f0cdf075ccc804d95b3e1ca6bcf6,test,/content/steel_defect_project/dataset/split_0743b20802d2/images/test/patches_292.jpg,5
patches_293,/content/steel_defect_project/raw/NEU-DET/IMAGES/patches_293.jpg,200,200,2,[2],fc9a09e160fde72632411759fd54da21c7a1fb3a4043455714fc80f9d0da3be3,val,/content/steel_defect_project/dataset/split_0743b20802d2/images/val/patches_293.jpg,2
patches_294,/content/steel_defect_project/raw/NEU-DET/IMAGES/patches_294.jpg,200,200,2,[2],926c549007ed718300aa0990cc0b882588a57004fcaa6a53471e18f9953566cf,train,/content/steel_defect_project/dataset/split_0743b20802d2/images/train/patches_294.jpg,2
patches_295,/content/steel_defect_project/raw/NEU-DET/IMAGES/patches_295.jpg,200,200,2,[2],4897547f94a3777f16c9f0e8bda686f51fab62c9542fc1a811b49a94a6047322,test,/content/steel_defect_project/dataset/split_0743b20802d2/images/test/patches_295.jpg,3
patches_296,/content/steel_defect_project/raw/NEU-DET/IMAGES/patches_296.jpg,200,200,2,[2],5649a4554cbfb9b3df26e330a3899c85c6096ff374e89b1df750566415a494a2,train,/content/steel_defect_project/dataset/split_0743b20802d2/images/train/patches_296.jpg,3
patches_297,/content/steel_defect_project/raw/NEU-DET/IMAGES/patches_297.jpg,200,200,2,[2],04a36ad2057dd65845f52abc13e40280f9abc704b2d14ed9b842b4c8105a949e,train,/content/steel_defect_project/dataset/split_0743b20802d2/images/train/patches_297.jpg,3
patches_298,/content/steel_defect_project/raw/NEU-DET/IMAGES/patches_298.jpg,200,200,2,[2],a994576350ad67fa21057d6c549d396d54d5de77625cb68bc694588d3fc4e4ed,test,/content/steel_defect_project/dataset/split_0743b20802d2/images/test/patches_298.jpg,4
patches_299,/content/steel_defect_project/raw/NEU-DET/IMAGES/patches_299.jpg,200,200,2,[2],62551067907848b680f2cb4dd4bcbdf192767da048aacdc8562d5be304825293,val,/content/steel_defect_project/dataset/split_0743b20802d2/images/val/patches_299.jpg,3
patches_3,/content/steel_defect_project/raw/NEU-DET/IMAGES/patches_3.jpg,200,200,2,[2],4a6a93e4f6c51d33a4bb0b372227cd67e3af03dc85829d274fe6da7657508340,train,/content/steel_defect_project/dataset/split_0743b20802d2/images/train/patches_3.jpg,6
patches_30,/content/steel_defect_project/raw/NEU-DET/IMAGES/patches_30.jpg,200,200,2,[2],dc21228ebb661958a77a3e9d0323d2f0dbfca5447d20e79bbfb8af5be0bc077a,train,/content/steel_defect_project/dataset/split_0743b20802d2/images/train/patches_30.jpg,2
patches_300,/content/steel_defect_project/raw/NEU-DET/IMAGES/patches_300.jpg,200,200,2,[2],ec84a210d0e59b0d63a4605f4cf6b327e08301747829dd47aeecdacdd38136f7,train,/content/steel_defect_project/dataset/split_0743b20802d2/images/train/patches_300.jpg,2
patches_31,/content/steel_defect_project/raw/NEU-DET/IMAGES/patches_31.jpg,200,200,2,[2],e9fc3963cef15453a832c2a3758cd20fa78a07e0007cc92e4f56f113cafc263b,train,/content/steel_defect_project/dataset/split_0743b20802d2/images/train/patches_31.jpg,2
patches_32,/content/steel_defect_project/raw/NEU-DET/IMAGES/patches_32.jpg,200,200,2,[2],e7c6266b4bd0c84ab4784c47d363d3c254a6dc7887ca6bf13160af3c31cfb4e4,train,/content/steel_defect_project/dataset/split_0743b20802d2/images/train/patches_32.jpg,3
patches_33,/content/steel_defect_project/raw/NEU-DET/IMAGES/patches_33.jpg,200,200,2,[2],1cb3afd982e8133429901476e7f7d894cc6cadf58108a150d5298f121aad3fb4,test,/content/steel_defect_project/dataset/split_0743b20802d2/images/test/patches_33.jpg,3
patches_34,/content/steel_defect_project/raw/NEU-DET/IMAGES/patches_34.jpg,200,200,2,[2],3a8f4151372e3267647d17330df6bed8039944065b4621db3b60af3c656664a8,test,/content/steel_defect_project/dataset/split_0743b20802d2/images/test/patches_34.jpg,3
patches_35,/content/steel_defect_project/raw/NEU-DET/IMAGES/patches_35.jpg,200,200,2,[2],3d1797e9c23682412d4eaf8b2fbb16b2a8d2da11006e19f96938e578cddca21b,train,/content/steel_defect_project/dataset/split_0743b20802d2/images/train/patches_35.jpg,3
patches_36,/content/steel_defect_project/raw/NEU-DET/IMAGES/patches_36.jpg,200,200,2,[2],b79ea52578b2952add07e69553673f935e28880ea7b4d7a6eb2b5b7a39d34a67,test,/content/steel_defect_project/dataset/split_0743b20802d2/images/test/patches_36.jpg,2
patches_37,/content/steel_defect_project/raw/NEU-DET/IMAGES/patches_37.jpg,200,200,2,[2],59fae394c0ac960cc481d6556fb6c904406837e7dcbd40f6cbecb21a256b81d8,train,/content/steel_defect_project/dataset/split_0743b20802d2/images/train/patches_37.jpg,2
patches_38,/content/steel_defect_project/raw/NEU-DET/IMAGES/patches_38.jpg,200,200,2,[2],b8537192ae32d23f7a8954e784caae00b3528451e50ffa5bd3271ba8cfc5b325,test,/content/steel_defect_project/dataset/split_0743b20802d2/images/test/patches_38.jpg,3
patches_39,/content/steel_defect_project/raw/NEU-DET/IMAGES/patches_39.jpg,200,200,2,[2],78d44ca052d277e107bf614338edd4e63d726beacb1c685cb1e0603ce6680e48,test,/content/steel_defect_project/dataset/split_0743b20802d2/images/test/patches_39.jpg,1
patches_4,/content/steel_defect_project/raw/NEU-DET/IMAGES/patches_4.jpg,200,200,2,[2],52dc386e5add322cbe0d310cc2b7ef81aef0b1e2dcece0ed2b7d85296a6c0832,train,/content/steel_defect_project/dataset/split_0743b20802d2/images/train/patches_4.jpg,2
patches_40,/content/steel_defect_project/raw/NEU-DET/IMAGES/patches_40.jpg,200,200,2,[2],682818767b634a015b91fe6644543c53814bb44f50b09fe4ca2403c4542d3203,train,/content/steel_defect_project/dataset/split_0743b20802d2/images/train/patches_40.jpg,2
patches_41,/content/steel_defect_project/raw/NEU-DET/IMAGES/patches_41.jpg,200,200,2,[2],705918327c07a8ff96945069986c2b156b34593901f2afba1b16321700339dee,train,/content/steel_defect_project/dataset/split_0743b20802d2/images/train/patches_41.jpg,2
patches_42,/content/steel_defect_project/raw/NEU-DET/IMAGES/patches_42.jpg,200,200,2,[2],d5a710f8f49ef2f8eb02131b1e1980c55c524216e8578c898e7cffd118779335,val,/content/steel_defect_project/dataset/split_0743b20802d2/images/val/patches_42.jpg,2
patches_43,/content/steel_defect_project/raw/NEU-DET/IMAGES/patches_43.jpg,200,200,2,[2],6314ff5099845734459f8ec122acebd56adbcc33834105bfc9af3a76b8dfbe7c,train,/content/steel_defect_project/dataset/split_0743b20802d2/images/train/patches_43.jpg,2
patches_44,/content/steel_defect_project/raw/NEU-DET/IMAGES/patches_44.jpg,200,200,2,[2],73b6378ef9e6223f80a3e55a549b2dc785f18a1b4be69506ddd24349b5eff95d,test,/content/steel_defect_project/dataset/split_0743b20802d2/images/test/patches_44.jpg,1
patches_45,/content/steel_defect_project/raw/NEU-DET/IMAGES/patches_45.jpg,200,200,2,[2],00b9e7e4252a91a3b6dcbaacd2c4ef23434161cf1bbc832b33d9054f4cab7c88,test,/content/steel_defect_project/dataset/split_0743b20802d2/images/test/patches_45.jpg,4
patches_46,/content/steel_defect_project/raw/NEU-DET/IMAGES/patches_46.jpg,200,200,2,[2],97d84f0e506d749f7342ebbd3d1fcba6e7f8298dc77bd53f976f8d142724a865,train,/content/steel_defect_project/dataset/split_0743b20802d2/images/train/patches_46.jpg,3
patches_47,/content/steel_defect_project/raw/NEU-DET/IMAGES/patches_47.jpg,200,200,2,[2],03d1484e823169b4657e8443a0657e077c6c93327c6fe64cc7a48c14ac461685,train,/content/steel_defect_project/dataset/split_0743b20802d2/images/train/patches_47.jpg,3
patches_48,/content/steel_defect_project/raw/NEU-DET/IMAGES/patches_48.jpg,200,200,2,[2],c23e50cc024ff7d57d073b8206b679c694555e016a6047b4b3580bdede9b4b84,val,/content/steel_defect_project/dataset/split_0743b20802d2/images/val/patches_48.jpg,2
patches_49,/content/steel_defect_project/raw/NEU-DET/IMAGES/patches_49.jpg,200,200,2,[2],736386d2d79206b245e2b0c7f8621eb68b58126e0b46553a268eb855c487a646,val,/content/steel_defect_project/dataset/split_0743b20802d2/images/val/patches_49.jpg,3
patches_5,/content/steel_defect_project/raw/NEU-DET/IMAGES/patches_5.jpg,200,200,2,[2],6d695eb76719ba4f2d0a2bbf906bf75af18e9ee53108c236c8016653f005fe4c,test,/content/steel_defect_project/dataset/split_0743b20802d2/images/test/patches_5.jpg,3
patches_50,/content/steel_defect_project/raw/NEU-DET/IMAGES/patches_50.jpg,200,200,2,[2],62049a9b6d49671ea7583f9e1d74ffb056a9ac2d9ba878c1f011c98dfb773d2c,train,/content/steel_defect_project/dataset/split_0743b20802d2/images/train/patches_50.jpg,2
patches_51,/content/steel_defect_project/raw/NEU-DET/IMAGES/patches_51.jpg,200,200,2,[2],5338d1d6d3fb9b3dd8bf9e176d1222dac23bc8685aa2c3e0b58cbb6cd3af1942,train,/content/steel_defect_project/dataset/split_0743b20802d2/images/train/patches_51.jpg,1
patches_52,/content/steel_defect_project/raw/NEU-DET/IMAGES/patches_52.jpg,200,200,2,[2],9bcece2a15555e1c5638a082d690f793af607d9e5ac6d8cf1b87ff4f8e06dd7d,train,/content/steel_defect_project/dataset/split_0743b20802d2/images/train/patches_52.jpg,1
patches_53,/content/steel_defect_project/raw/NEU-DET/IMAGES/patches_53.jpg,200,200,2,[2],74260c3f904641dce2169b79f11161669bfca4f2426e3de69dd6504dbb0da0c5,val,/content/steel_defect_project/dataset/split_0743b20802d2/images/val/patches_53.jpg,3
patches_54,/content/steel_defect_project/raw/NEU-DET/IMAGES/patches_54.jpg,200,200,2,[2],af81f5bd37cbba1fbd19e5076ee7611d7a2684f3db6e1dc546724c1b64860540,test,/content/steel_defect_project/dataset/split_0743b20802d2/images/test/patches_54.jpg,1
patches_55,/content/steel_defect_project/raw/NEU-DET/IMAGES/patches_55.jpg,200,200,2,[2],9f31624ad3e502b4389c04bc50ba21bced1bb727460a6f785722cb24e06bb0b1,train,/content/steel_defect_project/dataset/split_0743b20802d2/images/train/patches_55.jpg,2
patches_56,/content/steel_defect_project/raw/NEU-DET/IMAGES/patches_56.jpg,200,200,2,[2],604907ecf5a1bbb384f42743a56c914864fea191dc6e83b43c49aca402aa0bac,train,/content/steel_defect_project/dataset/split_0743b20802d2/images/train/patches_56.jpg,4
patches_57,/content/steel_defect_project/raw/NEU-DET/IMAGES/patches_57.jpg,200,200,2,[2],1df280d71f73be4f66b3ee45317dce8071a99d9b8e0d32806c8b94f8cd694f0d,train,/content/steel_defect_project/dataset/split_0743b20802d2/images/train/patches_57.jpg,2
patches_58,/content/steel_defect_project/raw/NEU-DET/IMAGES/patches_58.jpg,200,200,2,[2],bf4639275f5daeada1794ab2161d15a2de5134d32aa50db8ebf928a70797c823,train,/content/steel_defect_project/dataset/split_0743b20802d2/images/train/patches_58.jpg,4
patches_59,/content/steel_defect_project/raw/NEU-DET/IMAGES/patches_59.jpg,200,200,2,[2],a601a1fd27bd46813b3d1886bc907b989c95afefa232f892f4920123843e5e0e,train,/content/steel_defect_project/dataset/split_0743b20802d2/images/train/patches_59.jpg,2
patches_6,/content/steel_defect_project/raw/NEU-DET/IMAGES/patches_6.jpg,200,200,2,[2],f333cd9ecbf11a02154336d40ec92edfbdde737c5e8998ba6d59f16cb414b830,train,/content/steel_defect_project/dataset/split_0743b20802d2/images/train/patches_6.jpg,2
patches_60,/content/steel_defect_project/raw/NEU-DET/IMAGES/patches_60.jpg,200,200,2,[2],0296e4150cdeaf5c2ef84b85ada57bae64cbcaf245496d36e6513bfa2c5ade7d,train,/content/steel_defect_project/dataset/split_0743b20802d2/images/train/patches_60.jpg,4
patches_61,/content/steel_defect_project/raw/NEU-DET/IMAGES/patches_61.jpg,200,200,2,[2],0103ca5aee70155027490c27aceaf48b070d38e444404f22af694e2540756221,train,/content/steel_defect_project/dataset/split_0743b20802d2/images/train/patches_61.jpg,1
patches_62,/content/steel_defect_project/raw/NEU-DET/IMAGES/patches_62.jpg,200,200,2,[2],0c96d24acf036f4cb1ea82bde903e308991c9b110f127b0edfca1644b3528a86,train,/content/steel_defect_project/dataset/split_0743b20802d2/images/train/patches_62.jpg,1
patches_63,/content/steel_defect_project/raw/NEU-DET/IMAGES/patches_63.jpg,200,200,2,[2],20751982ce139e943abf273ea1883a86ecb1f4b09eb9853cba4b980b1ea4b5f2,test,/content/steel_defect_project/dataset/split_0743b20802d2/images/test/patches_63.jpg,1
patches_64,/content/steel_defect_project/raw/NEU-DET/IMAGES/patches_64.jpg,200,200,2,[2],38c12df7ea98e71fc954cbd4d20315733c34e4514d76672dcccbe67041260e5f,train,/content/steel_defect_project/dataset/split_0743b20802d2/images/train/patches_64.jpg,1
patches_65,/content/steel_defect_project/raw/NEU-DET/IMAGES/patches_65.jpg,200,200,2,[2],7d454487685cd092d8d29a0e4bb2e9bd075965c48918fea3113b7d83a16f8566,train,/content/steel_defect_project/dataset/split_0743b20802d2/images/train/patches_65.jpg,1
patches_66,/content/steel_defect_project/raw/NEU-DET/IMAGES/patches_66.jpg,200,200,2,[2],97780728b9974a0222ad663a8e712b1881963ea7b31fbb877fb038541771e3e7,train,/content/steel_defect_project/dataset/split_0743b20802d2/images/train/patches_66.jpg,2
patches_67,/content/steel_defect_project/raw/NEU-DET/IMAGES/patches_67.jpg,200,200,2,[2],1cc08d5e0146dd4deefcb5c5b623c42feefe1e7abeb7e041fa484f4f7a6f63f2,train,/content/steel_defect_project/dataset/split_0743b20802d2/images/train/patches_67.jpg,3
patches_68,/content/steel_defect_project/raw/NEU-DET/IMAGES/patches_68.jpg,200,200,2,[2],220b10cfd381634b488d377c38637df98185df793e6c62a5006defdb2dad7a65,test,/content/steel_defect_project/dataset/split_0743b20802d2/images/test/patches_68.jpg,3
patches_69,/content/steel_defect_project/raw/NEU-DET/IMAGES/patches_69.jpg,200,200,2,[2],da5d78473ed1938c3dde5b940e86576170e2651cf5c1b9a76f8b906097c543f5,val,/content/steel_defect_project/dataset/split_0743b20802d2/images/val/patches_69.jpg,2
patches_7,/content/steel_defect_project/raw/NEU-DET/IMAGES/patches_7.jpg,200,200,2,[2],394c03c178c7b67b8481070f84260029d87ee92508c76286647a57ca8cfe463f,train,/content/steel_defect_project/dataset/split_0743b20802d2/images/train/patches_7.jpg,1
patches_70,/content/steel_defect_project/raw/NEU-DET/IMAGES/patches_70.jpg,200,200,2,[2],4d8196cf28acdd0b03045b731342c62ec60a6bfa0d58642b53fc40ad541d7609,test,/content/steel_defect_project/dataset/split_0743b20802d2/images/test/patches_70.jpg,1
patches_71,/content/steel_defect_project/raw/NEU-DET/IMAGES/patches_71.jpg,200,200,2,[2],0d33eac5c7db130158d9f4fa786090feecc7172d92688a0dfbda976e0d95cc3b,train,/content/steel_defect_project/dataset/split_0743b20802d2/images/train/patches_71.jpg,3
patches_72,/content/steel_defect_project/raw/NEU-DET/IMAGES/patches_72.jpg,200,200,2,[2],7d6d276dd2afef25a9878b1a03063af23a849f22d72852eb1d9e4b5cfeba8400,train,/content/steel_defect_project/dataset/split_0743b20802d2/images/train/patches_72.jpg,2
patches_73,/content/steel_defect_project/raw/NEU-DET/IMAGES/patches_73.jpg,200,200,2,[2],6a9bb2106e9bfd92ebad8f49f2e7e62232ab60a6b509592a464f70d2a8e1cd86,train,/content/steel_defect_project/dataset/split_0743b20802d2/images/train/patches_73.jpg,3
patches_74,/content/steel_defect_project/raw/NEU-DET/IMAGES/patches_74.jpg,200,200,2,[2],c44155c7dfbc6b1362ef6fbb6486626a2153d90f88450d6b9998b80662866b98,train,/content/steel_defect_project/dataset/split_0743b20802d2/images/train/patches_74.jpg,2
patches_75,/content/steel_defect_project/raw/NEU-DET/IMAGES/patches_75.jpg,200,200,2,[2],ed1587acf8be8b887b456b0729b868f049e2c30de4db9e9a42ab42bddfcc09c5,test,/content/steel_defect_project/dataset/split_0743b20802d2/images/test/patches_75.jpg,2
patches_76,/content/steel_defect_project/raw/NEU-DET/IMAGES/patches_76.jpg,200,200,2,[2],0d023faca57e837c914412e670e628e0b82ef1774d342459461cf49c2f3ce07a,train,/content/steel_defect_project/dataset/split_0743b20802d2/images/train/patches_76.jpg,2
patches_77,/content/steel_defect_project/raw/NEU-DET/IMAGES/patches_77.jpg,200,200,2,[2],f64ef65a7af40be47ba55419c58e4d57230353b90d7daa80e3c4683b34238bce,val,/content/steel_defect_project/dataset/split_0743b20802d2/images/val/patches_77.jpg,3
patches_78,/content/steel_defect_project/raw/NEU-DET/IMAGES/patches_78.jpg,200,200,2,[2],bfbb83d8dcade7c8db383a97a94c9db7140928035ac34f7ec5cb078b31a156c0,val,/content/steel_defect_project/dataset/split_0743b20802d2/images/val/patches_78.jpg,3
patches_79,/content/steel_defect_project/raw/NEU-DET/IMAGES/patches_79.jpg,200,200,2,[2],996bf2872a7e9a932796eb2ac97fa2a79cc90272f5fd602471e920f76009f48e,train,/content/steel_defect_project/dataset/split_0743b20802d2/images/train/patches_79.jpg,3
patches_8,/content/steel_defect_project/raw/NEU-DET/IMAGES/patches_8.jpg,200,200,2,[2],da3d395d6a5b2dc4b93db46e4d89be8271e441ce352860520d0e054e102508c0,train,/content/steel_defect_project/dataset/split_0743b20802d2/images/train/patches_8.jpg,3
patches_80,/content/steel_defect_project/raw/NEU-DET/IMAGES/patches_80.jpg,200,200,2,[2],c84ae0e15da8fec536b04e3caa51a5247fd1225424efdea6bc135f2574b69181,train,/content/steel_defect_project/dataset/split_0743b20802d2/images/train/patches_80.jpg,2
patches_81,/content/steel_defect_project/raw/NEU-DET/IMAGES/patches_81.jpg,200,200,2,[2],2fff55cdd411b2e994d331fcf76b82f226f09873ac5353b09934955675e6b114,val,/content/steel_defect_project/dataset/split_0743b20802d2/images/val/patches_81.jpg,5
patches_82,/content/steel_defect_project/raw/NEU-DET/IMAGES/patches_82.jpg,200,200,2,[2],e66be33f1085d5f9196b0335f76ec0a4f39e264a5fc1130c2eacc42a8629b020,train,/content/steel_defect_project/dataset/split_0743b20802d2/images/train/patches_82.jpg,1
patches_83,/content/steel_defect_project/raw/NEU-DET/IMAGES/patches_83.jpg,200,200,2,[2],ff1574ccb3c7080cfb57c230c2d58c78697fc07217c0db6cb9c837aeda8a1514,test,/content/steel_defect_project/dataset/split_0743b20802d2/images/test/patches_83.jpg,1
patches_84,/content/steel_defect_project/raw/NEU-DET/IMAGES/patches_84.jpg,200,200,2,[2],31d120c7d74d4663e8c1f3ada91e59527c709dbd12a1694377c54fbc134981cc,train,/content/steel_defect_project/dataset/split_0743b20802d2/images/train/patches_84.jpg,3
patches_85,/content/steel_defect_project/raw/NEU-DET/IMAGES/patches_85.jpg,200,200,2,[2],ce34784cb3c6844067f4ea4f884ec7c67be647837891fe4cd0e2896649489160,train,/content/steel_defect_project/dataset/split_0743b20802d2/images/train/patches_85.jpg,2
patches_86,/content/steel_defect_project/raw/NEU-DET/IMAGES/patches_86.jpg,200,200,2,[2],28231fd899f4358be37ce2887a84c700891841e39d32b6aa3333c71734651211,train,/content/steel_defect_project/dataset/split_0743b20802d2/images/train/patches_86.jpg,1
patches_87,/content/steel_defect_project/raw/NEU-DET/IMAGES/patches_87.jpg,200,200,2,[2],98497a789e96ae877fe8a63ca07b50a7144b0f43358228a287736220ddbb351c,train,/content/steel_defect_project/dataset/split_0743b20802d2/images/train/patches_87.jpg,4
patches_88,/content/steel_defect_project/raw/NEU-DET/IMAGES/patches_88.jpg,200,200,2,[2],f206fb02f7a31c7ab933a65a307358bf5a3da1d07ed0a5df95c9d6ee51b25ffa,train,/content/steel_defect_project/dataset/split_0743b20802d2/images/train/patches_88.jpg,4
patches_89,/content/steel_defect_project/raw/NEU-DET/IMAGES/patches_89.jpg,200,200,2,[2],71a31633a730e2391d93c33a6d88aa835c5c948fc03525f2eabf72d98d5756b8,test,/content/steel_defect_project/dataset/split_0743b20802d2/images/test/patches_89.jpg,6
patches_9,/content/steel_defect_project/raw/NEU-DET/IMAGES/patches_9.jpg,200,200,2,[2],9e3cea89589078c1087090bea165ae95379c0231b25a238e543388c66553b959,train,/content/steel_defect_project/dataset/split_0743b20802d2/images/train/patches_9.jpg,1
patches_90,/content/steel_defect_project/raw/NEU-DET/IMAGES/patches_90.jpg,200,200,2,[2],437bfffb6c479345d09c7b7afa9a9c53063094664b0465073827a42751052590,train,/content/steel_defect_project/dataset/split_0743b20802d2/images/train/patches_90.jpg,3
patches_91,/content/steel_defect_project/raw/NEU-DET/IMAGES/patches_91.jpg,200,200,2,[2],57061e09f3bd4e618107838e9f17f2fdfc133dac7cdf2fb52ce6f41d4a03292f,val,/content/steel_defect_project/dataset/split_0743b20802d2/images/val/patches_91.jpg,4
patches_92,/content/steel_defect_project/raw/NEU-DET/IMAGES/patches_92.jpg,200,200,2,[2],26fc54380b7825b210a7abcfb00cd42389e17afdb467c8d39233d3ed9fb2fdc3,val,/content/steel_defect_project/dataset/split_0743b20802d2/images/val/patches_92.jpg,6
patches_93,/content/steel_defect_project/raw/NEU-DET/IMAGES/patches_93.jpg,200,200,2,[2],9c74f6d843045b335b1267b0107fccc47926675dd530666cb5821c662869a790,val,/content/steel_defect_project/dataset/split_0743b20802d2/images/val/patches_93.jpg,5
patches_94,/content/steel_defect_project/raw/NEU-DET/IMAGES/patches_94.jpg,200,200,2,[2],ed8be307ea517c6293beda39280751c4af8c99448e6cb6d717c75b5826f05705,train,/content/steel_defect_project/dataset/split_0743b20802d2/images/train/patches_94.jpg,1
patches_95,/content/steel_defect_project/raw/NEU-DET/IMAGES/patches_95.jpg,200,200,2,[2],7ebcc96652c988cad4f044c098cf871e917c8bc55b7634a9446fae838e9b4184,val,/content/steel_defect_project/dataset/split_0743b20802d2/images/val/patches_95.jpg,3
patches_96,/content/steel_defect_project/raw/NEU-DET/IMAGES/patches_96.jpg,200,200,2,[2],14dd9ec2596b9e07bb473281b109189ebdf52cc1545bbe5bb09bd0a81767281a,train,/content/steel_defect_project/dataset/split_0743b20802d2/images/train/patches_96.jpg,1
patches_97,/content/steel_defect_project/raw/NEU-DET/IMAGES/patches_97.jpg,200,200,2,[2],0cc3ed75f7c7f130f0e40f0f238cccfcc6374e6d42d6f4bfd18dd5a501e49920,train,/content/steel_defect_project/dataset/split_0743b20802d2/images/train/patches_97.jpg,2
patches_98,/content/steel_defect_project/raw/NEU-DET/IMAGES/patches_98.jpg,200,200,2,[2],fa2032cf2592112ebbcb0c274250b1a6e1a256400ff4be6680814c8c09fb26ec,train,/content/steel_defect_project/dataset/split_0743b20802d2/images/train/patches_98.jpg,2
patches_99,/content/steel_defect_project/raw/NEU-DET/IMAGES/patches_99.jpg,200,200,2,[2],caf8c0454adef86ec30d76747cc39bdeb4400f3633a0cb67023d1c1bc19747c7,val,/content/steel_defect_project/dataset/split_0743b20802d2/images/val/patches_99.jpg,4
pitted_surface_1,/content/steel_defect_project/raw/NEU-DET/IMAGES/pitted_surface_1.jpg,200,200,3,[3],3c91eb53a842140cd95d6a52929600aac7efcd8bff56c9eddada22fea370aaa7,train,/content/steel_defect_project/dataset/split_0743b20802d2/images/train/pitted_surface_1.jpg,2
pitted_surface_10,/content/steel_defect_project/raw/NEU-DET/IMAGES/pitted_surface_10.jpg,200,200,3,[3],5bf3287b1c85142f7751dff0a0bb78a18249736d265d95657876f28d82cb9b64,test,/content/steel_defect_project/dataset/split_0743b20802d2/images/test/pitted_surface_10.jpg,1
pitted_surface_100,/content/steel_defect_project/raw/NEU-DET/IMAGES/pitted_surface_100.jpg,200,200,3,[3],4ccf721ff970b922c290358aed6cdc51beb5f9de8cb9776dd76c032548b5feba,train,/content/steel_defect_project/dataset/split_0743b20802d2/images/train/pitted_surface_100.jpg,2
pitted_surface_101,/content/steel_defect_project/raw/NEU-DET/IMAGES/pitted_surface_101.jpg,200,200,3,[3],fbecedd48446d340f7c4fbef87dfe737468677dfc73b6af9b4ceead6af167149,train,/content/steel_defect_project/dataset/split_0743b20802d2/images/train/pitted_surface_101.jpg,4
pitted_surface_102,/content/steel_defect_project/raw/NEU-DET/IMAGES/pitted_surface_102.jpg,200,200,3,[3],399351b015f05d698ede2de65af996d4253f0b9d16bdab74894ab311f00a82f8,train,/content/steel_defect_project/dataset/split_0743b20802d2/images/train/pitted_surface_102.jpg,5
pitted_surface_103,/content/steel_defect_project/raw/NEU-DET/IMAGES/pitted_surface_103.jpg,200,200,3,[3],87885f5d6310675c2c24b7c44cd68979f1cca558a2f31ca1f89ab3fcfbeb7b21,train,/content/steel_defect_project/dataset/split_0743b20802d2/images/train/pitted_surface_103.jpg,2
pitted_surface_104,/content/steel_defect_project/raw/NEU-DET/IMAGES/pitted_surface_104.jpg,200,200,3,[3],3dcf908399a9f11bf5a4e272c869a3ba48cf23bd2bbede25620804afd30de17a,train,/content/steel_defect_project/dataset/split_0743b20802d2/images/train/pitted_surface_104.jpg,1
pitted_surface_105,/content/steel_defect_project/raw/NEU-DET/IMAGES/pitted_surface_105.jpg,200,200,3,[3],8c2d44387032fd02dbeec862df7400439f531481fa96f610ca261e3104a071ac,train,/content/steel_defect_project/dataset/split_0743b20802d2/images/train/pitted_surface_105.jpg,1
pitted_surface_106,/content/steel_defect_project/raw/NEU-DET/IMAGES/pitted_surface_106.jpg,200,200,3,[3],7231b492d8e3e1d753757a71ab65c8f3e3da22d91f23c90caa1c70eaa6909f26,train,/content/steel_defect_project/dataset/split_0743b20802d2/images/train/pitted_surface_106.jpg,1
pitted_surface_107,/content/steel_defect_project/raw/NEU-DET/IMAGES/pitted_surface_107.jpg,200,200,3,[3],2ec6c80806b131b967bba76a1298068ae7ba2f7889ce42a26e1bd1b2b131d488,train,/content/steel_defect_project/dataset/split_0743b20802d2/images/train/pitted_surface_107.jpg,1
pitted_surface_108,/content/steel_defect_project/raw/NEU-DET/IMAGES/pitted_surface_108.jpg,200,200,3,[3],b4a14fe51c76478d64a0cb1566dea19b9a0ed35963b4aca19e6feed2016faf41,train,/content/steel_defect_project/dataset/split_0743b20802d2/images/train/pitted_surface_108.jpg,1
pitted_surface_109,/content/steel_defect_project/raw/NEU-DET/IMAGES/pitted_surface_109.jpg,200,200,3,[3],49c14db40b516e979feb99fc5c10ce053623cfd9ff2fcdf4eb0fb2a00699fe0e,train,/content/steel_defect_project/dataset/split_0743b20802d2/images/train/pitted_surface_109.jpg,2
pitted_surface_11,/content/steel_defect_project/raw/NEU-DET/IMAGES/pitted_surface_11.jpg,200,200,3,[3],2d6d3c5559ef6ac127a1f4342dd995f96422d6a2886b4e184ad8bb698c92189a,train,/content/steel_defect_project/dataset/split_0743b20802d2/images/train/pitted_surface_11.jpg,1
pitted_surface_110,/content/steel_defect_project/raw/NEU-DET/IMAGES/pitted_surface_110.jpg,200,200,3,[3],3fc358502e74cc199f6dee5bfa0c7a96098ee0df94d7a660c960985d23e94051,train,/content/steel_defect_project/dataset/split_0743b20802d2/images/train/pitted_surface_110.jpg,2
pitted_surface_111,/content/steel_defect_project/raw/NEU-DET/IMAGES/pitted_surface_111.jpg,200,200,3,[3],03b92b575cc21adcc9c669697d5ae17db21073bcd02d5b07bf52efb7da4e2609,train,/content/steel_defect_project/dataset/split_0743b20802d2/images/train/pitted_surface_111.jpg,2
pitted_surface_112,/content/steel_defect_project/raw/NEU-DET/IMAGES/pitted_surface_112.jpg,200,200,3,[3],65083c1143e24405c313b41d44bdfb234f70df421635d23e61cd1e096db4a869,val,/content/steel_defect_project/dataset/split_0743b20802d2/images/val/pitted_surface_112.jpg,4
pitted_surface_113,/content/steel_defect_project/raw/NEU-DET/IMAGES/pitted_surface_113.jpg,200,200,3,[3],ea18fe863a3f8a0f31c14a5f1b8f86bd6872e0ea6d8c90898f36c14b53564c91,test,/content/steel_defect_project/dataset/split_0743b20802d2/images/test/pitted_surface_113.jpg,2
pitted_surface_114,/content/steel_defect_project/raw/NEU-DET/IMAGES/pitted_surface_114.jpg,200,200,3,[3],825b8d71d5d72732c38261410110a3c428b3d1db9c4497447b723cf292140191,train,/content/steel_defect_project/dataset/split_0743b20802d2/images/train/pitted_surface_114.jpg,3
pitted_surface_115,/content/steel_defect_project/raw/NEU-DET/IMAGES/pitted_surface_115.jpg,200,200,3,[3],3a192ac56c29a976f5cc51506628e5bd637b25c55057d6fdeaaafa672bf26940,val,/content/steel_defect_project/dataset/split_0743b20802d2/images/val/pitted_surface_115.jpg,2
pitted_surface_116,/content/steel_defect_project/raw/NEU-DET/IMAGES/pitted_surface_116.jpg,200,200,3,[3],89d7411bbb68a6328af2a93b306c372d889694171d9664db9379964e2cf59414,train,/content/steel_defect_project/dataset/split_0743b20802d2/images/train/pitted_surface_116.jpg,2
pitted_surface_117,/content/steel_defect_project/raw/NEU-DET/IMAGES/pitted_surface_117.jpg,200,200,3,[3],41b44a5cb147cc1852f65b0e5e5c9f0cd3c8f703fcc27f318e3bc48e3a6806e2,train,/content/steel_defect_project/dataset/split_0743b20802d2/images/train/pitted_surface_117.jpg,3
pitted_surface_118,/content/steel_defect_project/raw/NEU-DET/IMAGES/pitted_surface_118.jpg,200,200,3,[3],2804f7fb9e7593432b15b9ca8dda312d4e76d8c62169059c747221aab50f233b,train,/content/steel_defect_project/dataset/split_0743b20802d2/images/train/pitted_surface_118.jpg,2
pitted_surface_119,/content/steel_defect_project/raw/NEU-DET/IMAGES/pitted_surface_119.jpg,200,200,3,[3],fca9ecc8fade2d69ce440c219f5504c2fee06ae29ee6c35ebad6839e01e88591,train,/content/steel_defect_project/dataset/split_0743b20802d2/images/train/pitted_surface_119.jpg,2
pitted_surface_12,/content/steel_defect_project/raw/NEU-DET/IMAGES/pitted_surface_12.jpg,200,200,3,[3],ea993576b8294bf88db564ab3e3624db643fb407149bff00e1ac49f645de6d0e,train,/content/steel_defect_project/dataset/split_0743b20802d2/images/train/pitted_surface_12.jpg,1
pitted_surface_120,/content/steel_defect_project/raw/NEU-DET/IMAGES/pitted_surface_120.jpg,200,200,3,[3],511e94f766d1829d2250811fc850c91984185d975fb27378633ae18cea2371b5,train,/content/steel_defect_project/dataset/split_0743b20802d2/images/train/pitted_surface_120.jpg,2
pitted_surface_121,/content/steel_defect_project/raw/NEU-DET/IMAGES/pitted_surface_121.jpg,200,200,3,[3],27e65da4d87d2fdf10b2c946f2d4ed456216c0948e39f2e306ea3a11b5b58de1,train,/content/steel_defect_project/dataset/split_0743b20802d2/images/train/pitted_surface_121.jpg,2
pitted_surface_122,/content/steel_defect_project/raw/NEU-DET/IMAGES/pitted_surface_122.jpg,200,200,3,[3],02f87c295be0e7fa63a68350f72477cedbe64452c694e31258b41c654779141e,test,/content/steel_defect_project/dataset/split_0743b20802d2/images/test/pitted_surface_122.jpg,3
pitted_surface_123,/content/steel_defect_project/raw/NEU-DET/IMAGES/pitted_surface_123.jpg,200,200,3,[3],5dad1288a1ea6dbffa813b6e171ede0fbc8dcac407ee51da4c56fafa03178de0,test,/content/steel_defect_project/dataset/split_0743b20802d2/images/test/pitted_surface_123.jpg,1
pitted_surface_124,/content/steel_defect_project/raw/NEU-DET/IMAGES/pitted_surface_124.jpg,200,200,3,[3],99fa06f4d86b411412bf89f05aa1907e0631e14fffafe491fc0b88f47e101644,train,/content/steel_defect_project/dataset/split_0743b20802d2/images/train/pitted_surface_124.jpg,2
pitted_surface_125,/content/steel_defect_project/raw/NEU-DET/IMAGES/pitted_surface_125.jpg,200,200,3,[3],b1c0e810adb2be8191a5aedee2c6f5573829308d88547abd1e740541ed39a610,val,/content/steel_defect_project/dataset/split_0743b20802d2/images/val/pitted_surface_125.jpg,2
pitted_surface_126,/content/steel_defect_project/raw/NEU-DET/IMAGES/pitted_surface_126.jpg,200,200,3,[3],886ac7de7132e5f44f0b61b7c90935fd8e0625ddfcc92564c5a49e233726a8fc,test,/content/steel_defect_project/dataset/split_0743b20802d2/images/test/pitted_surface_126.jpg,2
pitted_surface_127,/content/steel_defect_project/raw/NEU-DET/IMAGES/pitted_surface_127.jpg,200,200,3,[3],54d963cb2d805b43b5345eb63e9ebaf72928d31046d58eaf8dbb23e111e54f81,val,/content/steel_defect_project/dataset/split_0743b20802d2/images/val/pitted_surface_127.jpg,2
pitted_surface_128,/content/steel_defect_project/raw/NEU-DET/IMAGES/pitted_surface_128.jpg,200,200,3,[3],81e9abb68ed0c8a66be1a89f309fdad2b60355620db72e32ac96219d302334b8,train,/content/steel_defect_project/dataset/split_0743b20802d2/images/train/pitted_surface_128.jpg,1
pitted_surface_129,/content/steel_defect_project/raw/NEU-DET/IMAGES/pitted_surface_129.jpg,200,200,3,[3],036aed5fad8f09e57f0954199cefbfcd6192218a7cf66731108fdd4fc91847e7,test,/content/steel_defect_project/dataset/split_0743b20802d2/images/test/pitted_surface_129.jpg,3
pitted_surface_13,/content/steel_defect_project/raw/NEU-DET/IMAGES/pitted_surface_13.jpg,200,200,3,[3],b0cdee2d4ceaa2c733ceae9f630425d84649fa75b7d65b386662fe434add7f47,train,/content/steel_defect_project/dataset/split_0743b20802d2/images/train/pitted_surface_13.jpg,2
pitted_surface_130,/content/steel_defect_project/raw/NEU-DET/IMAGES/pitted_surface_130.jpg,200,200,3,[3],089e0a380e5a974306bfadb6a262fed64a7bb5ed859046462309b877ae8ebcff,train,/content/steel_defect_project/dataset/split_0743b20802d2/images/train/pitted_surface_130.jpg,2
pitted_surface_131,/content/steel_defect_project/raw/NEU-DET/IMAGES/pitted_surface_131.jpg,200,200,3,[3],331f34c98357116cf21fce72eeab6c1e940f5672fc9c9b6463201c4d374cfcf0,val,/content/steel_defect_project/dataset/split_0743b20802d2/images/val/pitted_surface_131.jpg,1
pitted_surface_132,/content/steel_defect_project/raw/NEU-DET/IMAGES/pitted_surface_132.jpg,200,200,3,[3],d87b01a12816f52d58cc97dea6ff26e717901d99a0d87635e14b5210b7c48e6f,test,/content/steel_defect_project/dataset/split_0743b20802d2/images/test/pitted_surface_132.jpg,1
pitted_surface_133,/content/steel_defect_project/raw/NEU-DET/IMAGES/pitted_surface_133.jpg,200,200,3,[3],d07b5f694a9c73d4687c0f9dfd791627bc79ec55b04096d951239efd70c29204,test,/content/steel_defect_project/dataset/split_0743b20802d2/images/test/pitted_surface_133.jpg,1
pitted_surface_134,/content/steel_defect_project/raw/NEU-DET/IMAGES/pitted_surface_134.jpg,200,200,3,[3],17bfbce5a50108e22ba71a1b76a5216c3dc02633ba0691e006722bd666fef5d3,train,/content/steel_defect_project/dataset/split_0743b20802d2/images/train/pitted_surface_134.jpg,1
pitted_surface_135,/content/steel_defect_project/raw/NEU-DET/IMAGES/pitted_surface_135.jpg,200,200,3,[3],6806dc7d21e3aa35fa69a6cdd7321225405bcccd34180caac1d27a2e39b8d22a,train,/content/steel_defect_project/dataset/split_0743b20802d2/images/train/pitted_surface_135.jpg,2
pitted_surface_136,/content/steel_defect_project/raw/NEU-DET/IMAGES/pitted_surface_136.jpg,200,200,3,[3],1b88a445dede87f1887a5256dea94abfc6d8f8c1439684c0716c04f7f16eb45e,test,/content/steel_defect_project/dataset/split_0743b20802d2/images/test/pitted_surface_136.jpg,1
pitted_surface_137,/content/steel_defect_project/raw/NEU-DET/IMAGES/pitted_surface_137.jpg,200,200,3,[3],c060a0acb7f3de70558dd900ce5e11c77dfafcbc2f73ccca94dc434cc086f004,val,/content/steel_defect_project/dataset/split_0743b20802d2/images/val/pitted_surface_137.jpg,2
pitted_surface_138,/content/steel_defect_project/raw/NEU-DET/IMAGES/pitted_surface_138.jpg,200,200,3,[3],6df0b958894e3fd5360512b73390e6e70f109e3c9a93958860af9b86991699bb,test,/content/steel_defect_project/dataset/split_0743b20802d2/images/test/pitted_surface_138.jpg,1
pitted_surface_139,/content/steel_defect_project/raw/NEU-DET/IMAGES/pitted_surface_139.jpg,200,200,3,[3],0b2b77998a2b15b757cf5959db37984484639e717262a57d8eb7e07824888d90,train,/content/steel_defect_project/dataset/split_0743b20802d2/images/train/pitted_surface_139.jpg,1
pitted_surface_14,/content/steel_defect_project/raw/NEU-DET/IMAGES/pitted_surface_14.jpg,200,200,3,[3],3c2417c4ef38341ca1e8a009ec1e036b961fe0633b8934d164f47c6dbb19b724,train,/content/steel_defect_project/dataset/split_0743b20802d2/images/train/pitted_surface_14.jpg,1
pitted_surface_140,/content/steel_defect_project/raw/NEU-DET/IMAGES/pitted_surface_140.jpg,200,200,3,[3],142328547a9dfbe80bad8a5bd68d3f8193d42478a3fca250e9bb5c0313091fe2,train,/content/steel_defect_project/dataset/split_0743b20802d2/images/train/pitted_surface_140.jpg,2
pitted_surface_141,/content/steel_defect_project/raw/NEU-DET/IMAGES/pitted_surface_141.jpg,200,200,3,[3],da5539a4597eab7ebc701a76b737f845079ae3368ea145bf14324ddce5bfa9a7,train,/content/steel_defect_project/dataset/split_0743b20802d2/images/train/pitted_surface_141.jpg,1
pitted_surface_142,/content/steel_defect_project/raw/NEU-DET/IMAGES/pitted_surface_142.jpg,200,200,3,[3],4373d580bbf11050710cbe88a66373296057449067286106c5eba03d0d0ebdf3,train,/content/steel_defect_project/dataset/split_0743b20802d2/images/train/pitted_surface_142.jpg,1
pitted_surface_143,/content/steel_defect_project/raw/NEU-DET/IMAGES/pitted_surface_143.jpg,200,200,3,[3],251820d899c23a569a8ea21876fe7d4c764c20388a8d0b76dd231e06ffcc379b,train,/content/steel_defect_project/dataset/split_0743b20802d2/images/train/pitted_surface_143.jpg,1
pitted_surface_144,/content/steel_defect_project/raw/NEU-DET/IMAGES/pitted_surface_144.jpg,200,200,3,[3],5eb48419dd64f3ccfd20a0f5ad15fd40626546fbde791495f24592188c208421,test,/content/steel_defect_project/dataset/split_0743b20802d2/images/test/pitted_surface_144.jpg,1
pitted_surface_145,/content/steel_defect_project/raw/NEU-DET/IMAGES/pitted_surface_145.jpg,200,200,3,[3],d03d5a4cd08fb9b0add7e198e843bc609541f426dd52dc90b357109bc216dd24,train,/content/steel_defect_project/dataset/split_0743b20802d2/images/train/pitted_surface_145.jpg,1
pitted_surface_146,/content/steel_defect_project/raw/NEU-DET/IMAGES/pitted_surface_146.jpg,200,200,3,[3],df76975877cef0b3a418cd10460b30d04e5268044d7298fe3f274896408a1290,train,/content/steel_defect_project/dataset/split_0743b20802d2/images/train/pitted_surface_146.jpg,1
pitted_surface_147,/content/steel_defect_project/raw/NEU-DET/IMAGES/pitted_surface_147.jpg,200,200,3,[3],3932603e12fd1bf41fc638588cf587c6e9313b922924ddc3a1b13ddc53adf024,train,/content/steel_defect_project/dataset/split_0743b20802d2/images/train/pitted_surface_147.jpg,1
pitted_surface_148,/content/steel_defect_project/raw/NEU-DET/IMAGES/pitted_surface_148.jpg,200,200,3,[3],8a2bd8198dbe75d41790f62a4010ebc4786aac2fd56c819bfa44a8d1a6d17d03,train,/content/steel_defect_project/dataset/split_0743b20802d2/images/train/pitted_surface_148.jpg,4
pitted_surface_149,/content/steel_defect_project/raw/NEU-DET/IMAGES/pitted_surface_149.jpg,200,200,3,[3],72d64934a563bb686c40901deccaf0e26ed8a1df3b39dabc3d813009d9d20ff7,train,/content/steel_defect_project/dataset/split_0743b20802d2/images/train/pitted_surface_149.jpg,2
pitted_surface_15,/content/steel_defect_project/raw/NEU-DET/IMAGES/pitted_surface_15.jpg,200,200,3,[3],89a628fd5ce7d3e9f91d503c3aca73c201dc9c91ff8b1c82ec78153cfda04b91,train,/content/steel_defect_project/dataset/split_0743b20802d2/images/train/pitted_surface_15.jpg,1
pitted_surface_150,/content/steel_defect_project/raw/NEU-DET/IMAGES/pitted_surface_150.jpg,200,200,3,[3],a3eb4e0f955157ef3cb2cae33e417ff7e4f7dbc8b7d14b366c1797ef5d820fe9,val,/content/steel_defect_project/dataset/split_0743b20802d2/images/val/pitted_surface_150.jpg,4
pitted_surface_151,/content/steel_defect_project/raw/NEU-DET/IMAGES/pitted_surface_151.jpg,200,200,3,[3],95301f06f6b7db0f22769b465575a430dee773469aa7819caafcd79ceca71331,test,/content/steel_defect_project/dataset/split_0743b20802d2/images/test/pitted_surface_151.jpg,2
pitted_surface_152,/content/steel_defect_project/raw/NEU-DET/IMAGES/pitted_surface_152.jpg,200,200,3,[3],1039d3d4147bfd35a6f6e3765403e5f808279351216db49bc8ae71ab412beaa0,val,/content/steel_defect_project/dataset/split_0743b20802d2/images/val/pitted_surface_152.jpg,1
pitted_surface_153,/content/steel_defect_project/raw/NEU-DET/IMAGES/pitted_surface_153.jpg,200,200,3,[3],27e64eae73dfdecbfa398b65e79ba6ff6715d515c2a4fa7c43c2fde52c57c91f,test,/content/steel_defect_project/dataset/split_0743b20802d2/images/test/pitted_surface_153.jpg,1
pitted_surface_154,/content/steel_defect_project/raw/NEU-DET/IMAGES/pitted_surface_154.jpg,200,200,3,[3],525330b9e6b47ddef180fb34a5536fd5b3726a720f8facb4e25bd692d1b44f20,train,/content/steel_defect_project/dataset/split_0743b20802d2/images/train/pitted_surface_154.jpg,2
pitted_surface_155,/content/steel_defect_project/raw/NEU-DET/IMAGES/pitted_surface_155.jpg,200,200,3,"[2, 3]",34f41b6f4e63be1a5aadc11fb160eebf8e822564f8136397dc5ad834cf0dcf58,train,/content/steel_defect_project/dataset/split_0743b20802d2/images/train/pitted_surface_155.jpg,4
pitted_surface_156,/content/steel_defect_project/raw/NEU-DET/IMAGES/pitted_surface_156.jpg,200,200,3,"[2, 3]",5cefde68282e3788173ec2b91b24d63edd17305d26871ab9d9a85f3228d127a5,train,/content/steel_defect_project/dataset/split_0743b20802d2/images/train/pitted_surface_156.jpg,2
pitted_surface_157,/content/steel_defect_project/raw/NEU-DET/IMAGES/pitted_surface_157.jpg,200,200,3,[3],9308a8c1836d9fa4c4092451aa29b5c52e0e30f73b755071334b39e037bbf225,train,/content/steel_defect_project/dataset/split_0743b20802d2/images/train/pitted_surface_157.jpg,1
pitted_surface_158,/content/steel_defect_project/raw/NEU-DET/IMAGES/pitted_surface_158.jpg,200,200,3,[3],9a3f657c98b8b2baadb90f8816f7e2ab4d25fd31ae27e00ac65552ec6c2be520,train,/content/steel_defect_project/dataset/split_0743b20802d2/images/train/pitted_surface_158.jpg,1
pitted_surface_159,/content/steel_defect_project/raw/NEU-DET/IMAGES/pitted_surface_159.jpg,200,200,3,"[2, 3]",9cc7a41a744cc785770312094756211098e64dea254f4b8eeee67f9aeab719dc,train,/content/steel_defect_project/dataset/split_0743b20802d2/images/train/pitted_surface_159.jpg,2
pitted_surface_16,/content/steel_defect_project/raw/NEU-DET/IMAGES/pitted_surface_16.jpg,200,200,3,[3],84ee753bc405d2bcbee92bfcd592167ccc7dd27b61fc14f18a2c0f56acb31af5,val,/content/steel_defect_project/dataset/split_0743b20802d2/images/val/pitted_surface_16.jpg,1
pitted_surface_160,/content/steel_defect_project/raw/NEU-DET/IMAGES/pitted_surface_160.jpg,200,200,3,"[2, 3]",257d8c14366289f6147f93937270aa6d1d151dc2afe0173fae5921c442dadd3c,val,/content/steel_defect_project/dataset/split_0743b20802d2/images/val/pitted_surface_160.jpg,2
pitted_surface_161,/content/steel_defect_project/raw/NEU-DET/IMAGES/pitted_surface_161.jpg,200,200,3,"[2, 3]",bf73e808cfd4c11a5eb4ff72a04e7f4907fb597fc0fe2bb1c5759ffc5eaf7170,val,/content/steel_defect_project/dataset/split_0743b20802d2/images/val/pitted_surface_161.jpg,2
pitted_surface_162,/content/steel_defect_project/raw/NEU-DET/IMAGES/pitted_surface_162.jpg,200,200,3,"[2, 3]",943034b6c7ed5048598360f02f3ea15eecdbd1628766fb824df57485dff1ae05,train,/content/steel_defect_project/dataset/split_0743b20802d2/images/train/pitted_surface_162.jpg,2
pitted_surface_163,/content/steel_defect_project/raw/NEU-DET/IMAGES/pitted_surface_163.jpg,200,200,3,[3],06443fed26406a795c4d598f215c690e8d1e85b860a7aa0cb7b3628f4b4d03bd,train,/content/steel_defect_project/dataset/split_0743b20802d2/images/train/pitted_surface_163.jpg,2
pitted_surface_164,/content/steel_defect_project/raw/NEU-DET/IMAGES/pitted_surface_164.jpg,200,200,3,[3],52cbab7c052a2bb9ceeab5b6fd167a738d4ea5c18aeeeaca25635e45906b473e,val,/content/steel_defect_project/dataset/split_0743b20802d2/images/val/pitted_surface_164.jpg,1
pitted_surface_165,/content/steel_defect_project/raw/NEU-DET/IMAGES/pitted_surface_165.jpg,200,200,3,"[2, 3]",0482b2f32f88d838bd83bb2e280ee7cab74933236c5aeb92af326a879951ca67,val,/content/steel_defect_project/dataset/split_0743b20802d2/images/val/pitted_surface_165.jpg,2
pitted_surface_166,/content/steel_defect_project/raw/NEU-DET/IMAGES/pitted_surface_166.jpg,200,200,3,"[2, 3]",94655633653722c47c65fb8a85c4c98d3f31bc9acaffe0e9ec806c0fbceed285,train,/content/steel_defect_project/dataset/split_0743b20802d2/images/train/pitted_surface_166.jpg,3
pitted_surface_167,/content/steel_defect_project/raw/NEU-DET/IMAGES/pitted_surface_167.jpg,200,200,3,[3],3ccf2dfb16520fdc264cd01def3522d8d0b99a2cf92bc733e13e58f0b157777b,train,/content/steel_defect_project/dataset/split_0743b20802d2/images/train/pitted_surface_167.jpg,1
pitted_surface_168,/content/steel_defect_project/raw/NEU-DET/IMAGES/pitted_surface_168.jpg,200,200,3,[3],978546a07aa0cecd29ddf1127bb659f467fd738f9d9b2b20c525ebbd78795019,test,/content/steel_defect_project/dataset/split_0743b20802d2/images/test/pitted_surface_168.jpg,2
pitted_surface_169,/content/steel_defect_project/raw/NEU-DET/IMAGES/pitted_surface_169.jpg,200,200,3,[3],00ae9ac4609272c4acb052325b35cc23ebd421c28675c13022a78634b3193b3e,test,/content/steel_defect_project/dataset/split_0743b20802d2/images/test/pitted_surface_169.jpg,1
pitted_surface_17,/content/steel_defect_project/raw/NEU-DET/IMAGES/pitted_surface_17.jpg,200,200,3,[3],21585d08bfcee7cd183eb209d0abbe3166aae142dac18fba949ed2c418456c9c,val,/content/steel_defect_project/dataset/split_0743b20802d2/images/val/pitted_surface_17.jpg,1
pitted_surface_170,/content/steel_defect_project/raw/NEU-DET/IMAGES/pitted_surface_170.jpg,200,200,3,"[2, 3]",befe7d9624a7bec4180c569dfea9e66200b8cfb13cb37f17078fd7ffee75726e,train,/content/steel_defect_project/dataset/split_0743b20802d2/images/train/pitted_surface_170.jpg,4
pitted_surface_171,/content/steel_defect_project/raw/NEU-DET/IMAGES/pitted_surface_171.jpg,200,200,3,"[2, 3]",964add6cef7d61af9ab803e65d4c12feae8de32822a4675186b2918d87f3f8a0,test,/content/steel_defect_project/dataset/split_0743b20802d2/images/test/pitted_surface_171.jpg,4
pitted_surface_172,/content/steel_defect_project/raw/NEU-DET/IMAGES/pitted_surface_172.jpg,200,200,3,"[2, 3]",06cdd735c4e8249a910fc1b0796225d39e830f42c2848b8b618d461829199462,train,/content/steel_defect_project/dataset/split_0743b20802d2/images/train/pitted_surface_172.jpg,3
pitted_surface_173,/content/steel_defect_project/raw/NEU-DET/IMAGES/pitted_surface_173.jpg,200,200,3,"[2, 3]",09daaa1989306d05ae1463adcf32b3ede68fa50073e1d77f65f0b9dec3b23ec8,train,/content/steel_defect_project/dataset/split_0743b20802d2/images/train/pitted_surface_173.jpg,3
pitted_surface_174,/content/steel_defect_project/raw/NEU-DET/IMAGES/pitted_surface_174.jpg,200,200,3,"[2, 3]",90b38057a4b5ebb4178cb3264705c81f4627b27e78b3b1497945ee11e3a49c54,train,/content/steel_defect_project/dataset/split_0743b20802d2/images/train/pitted_surface_174.jpg,4
pitted_surface_175,/content/steel_defect_project/raw/NEU-DET/IMAGES/pitted_surface_175.jpg,200,200,3,"[2, 3]",e8a0946da97a68f3d8b691108b7e681eb8f6a8ede0bb50f8d610b3acc85946f6,train,/content/steel_defect_project/dataset/split_0743b20802d2/images/train/pitted_surface_175.jpg,3
pitted_surface_176,/content/steel_defect_project/raw/NEU-DET/IMAGES/pitted_surface_176.jpg,200,200,3,[3],f416ada628b0a207648799c7ea693238b2d62c578c282b2f1c25efac4cce3c8e,train,/content/steel_defect_project/dataset/split_0743b20802d2/images/train/pitted_surface_176.jpg,3
pitted_surface_177,/content/steel_defect_project/raw/NEU-DET/IMAGES/pitted_surface_177.jpg,200,200,3,[3],61c8ad2a0663c69fdfc397ce25cb2bc2243b9a4baa97c4c17e59110bb72dcbe0,train,/content/steel_defect_project/dataset/split_0743b20802d2/images/train/pitted_surface_177.jpg,1
pitted_surface_178,/content/steel_defect_project/raw/NEU-DET/IMAGES/pitted_surface_178.jpg,200,200,3,[3],0a78029ec0c219f93d1e43561efbefe7a032a8d72bb9d222e950d1a65a223e17,train,/content/steel_defect_project/dataset/split_0743b20802d2/images/train/pitted_surface_178.jpg,2
pitted_surface_179,/content/steel_defect_project/raw/NEU-DET/IMAGES/pitted_surface_179.jpg,200,200,3,[3],8f3ff38e79b9d83c31cc68a051a9f3965742c8e42c69921752c9f3e2cc8251bc,test,/content/steel_defect_project/dataset/split_0743b20802d2/images/test/pitted_surface_179.jpg,1
pitted_surface_18,/content/steel_defect_project/raw/NEU-DET/IMAGES/pitted_surface_18.jpg,200,200,3,[3],4ecf06d7ceedbaa7ec0b6054113988f901073f7f5257d9c1095d78bcac037b6f,train,/content/steel_defect_project/dataset/split_0743b20802d2/images/train/pitted_surface_18.jpg,1
pitted_surface_180,/content/steel_defect_project/raw/NEU-DET/IMAGES/pitted_surface_180.jpg,200,200,3,[3],92a55ccf9c40512b54c90510eceeed30cdbc0fc253d8e7951bc01f326a42efff,train,/content/steel_defect_project/dataset/split_0743b20802d2/images/train/pitted_surface_180.jpg,1
pitted_surface_181,/content/steel_defect_project/raw/NEU-DET/IMAGES/pitted_surface_181.jpg,200,200,3,[3],d231960c617f973f39f27aee22fc3e048da9a9155d3da8ed66375f2ecc0fcb56,train,/content/steel_defect_project/dataset/split_0743b20802d2/images/train/pitted_surface_181.jpg,1
pitted_surface_182,/content/steel_defect_project/raw/NEU-DET/IMAGES/pitted_surface_182.jpg,200,200,3,[3],5bfe47135c9340f39d15e4efe1536b81b8a9cf26226882f74ec0dfb0fa84b27c,train,/content/steel_defect_project/dataset/split_0743b20802d2/images/train/pitted_surface_182.jpg,2
pitted_surface_183,/content/steel_defect_project/raw/NEU-DET/IMAGES/pitted_surface_183.jpg,200,200,3,[3],7a41df1543d87cc78c31b4b5abd6432157b81580b6ec2be1de6548f955428686,train,/content/steel_defect_project/dataset/split_0743b20802d2/images/train/pitted_surface_183.jpg,1
pitted_surface_184,/content/steel_defect_project/raw/NEU-DET/IMAGES/pitted_surface_184.jpg,200,200,3,[3],6c51aed9c731157f6548e3898673aa77a4786c59359bece236e6aa4c301f8915,test,/content/steel_defect_project/dataset/split_0743b20802d2/images/test/pitted_surface_184.jpg,1
pitted_surface_185,/content/steel_defect_project/raw/NEU-DET/IMAGES/pitted_surface_185.jpg,200,200,3,[3],381c0350f4195a4c29057f84d0d56aae050fd0ecfcb46d84d3887fa15bea011b,train,/content/steel_defect_project/dataset/split_0743b20802d2/images/train/pitted_surface_185.jpg,1
pitted_surface_186,/content/steel_defect_project/raw/NEU-DET/IMAGES/pitted_surface_186.jpg,200,200,3,[3],eef3ec0f8bbd01917c37c1c6ea98b054ff78b1aaad3f569be9518edf2637f3b3,train,/content/steel_defect_project/dataset/split_0743b20802d2/images/train/pitted_surface_186.jpg,1
pitted_surface_187,/content/steel_defect_project/raw/NEU-DET/IMAGES/pitted_surface_187.jpg,200,200,3,[3],f3fcae438401d37e632ebda13a8738edda214410fa94bcb6dc0a2f4cbe36e6dd,train,/content/steel_defect_project/dataset/split_0743b20802d2/images/train/pitted_surface_187.jpg,1
pitted_surface_188,/content/steel_defect_project/raw/NEU-DET/IMAGES/pitted_surface_188.jpg,200,200,3,[3],11ec6fa571b48dfdf237d5ab6a451ab653b2671c8a6af2e2961e960e67f99a21,train,/content/steel_defect_project/dataset/split_0743b20802d2/images/train/pitted_surface_188.jpg,1
pitted_surface_189,/content/steel_defect_project/raw/NEU-DET/IMAGES/pitted_surface_189.jpg,200,200,3,[3],237d6b946d5f52588a6343d3a46835d18bfa9fe3422fcda026674192d02c1bcc,train,/content/steel_defect_project/dataset/split_0743b20802d2/images/train/pitted_surface_189.jpg,1
pitted_surface_19,/content/steel_defect_project/raw/NEU-DET/IMAGES/pitted_surface_19.jpg,200,200,3,[3],0fcadafb7766350fd5e5d088e06f06ae6d733e41250834853a1bf3b51c7ad4d4,train,/content/steel_defect_project/dataset/split_0743b20802d2/images/train/pitted_surface_19.jpg,2
pitted_surface_190,/content/steel_defect_project/raw/NEU-DET/IMAGES/pitted_surface_190.jpg,200,200,3,[3],37fd8a03ba1d080accea0ab64cbbae2e5fd3a0eb5ce6b8d35dc177fa19c26aaf,train,/content/steel_defect_project/dataset/split_0743b20802d2/images/train/pitted_surface_190.jpg,2
pitted_surface_191,/content/steel_defect_project/raw/NEU-DET/IMAGES/pitted_surface_191.jpg,200,200,3,[3],2f67552e9ad9709fbe87c18e2a6ecd5a0875e22b15862cf11feeeda68155577e,train,/content/steel_defect_project/dataset/split_0743b20802d2/images/train/pitted_surface_191.jpg,1
pitted_surface_192,/content/steel_defect_project/raw/NEU-DET/IMAGES/pitted_surface_192.jpg,200,200,3,[3],a26ab989581aa75a82f0c1264e393c50d39b8438c18f7d1aef9012fdbea657ae,val,/content/steel_defect_project/dataset/split_0743b20802d2/images/val/pitted_surface_192.jpg,1
pitted_surface_193,/content/steel_defect_project/raw/NEU-DET/IMAGES/pitted_surface_193.jpg,200,200,3,[3],7e001692774f7ef84f748e08e31172bff80ea64e240542c7695f58833558783f,train,/content/steel_defect_project/dataset/split_0743b20802d2/images/train/pitted_surface_193.jpg,1
pitted_surface_194,/content/steel_defect_project/raw/NEU-DET/IMAGES/pitted_surface_194.jpg,200,200,3,[3],7da39e0d5e63f5179781b52d5b03e14571ef4bfd607cc70d9c212bdbd6ef3888,train,/content/steel_defect_project/dataset/split_0743b20802d2/images/train/pitted_surface_194.jpg,1
pitted_surface_195,/content/steel_defect_project/raw/NEU-DET/IMAGES/pitted_surface_195.jpg,200,200,3,[3],da7b97f2fabec85562b997d72bc1ee94da113e416c846722e05233dc0273329b,test,/content/steel_defect_project/dataset/split_0743b20802d2/images/test/pitted_surface_195.jpg,2
pitted_surface_196,/content/steel_defect_project/raw/NEU-DET/IMAGES/pitted_surface_196.jpg,200,200,3,[3],73490dcc95ffc6dcc27a2f98ee0200a5c37d1017aaa3164dbe193310897b7f30,train,/content/steel_defect_project/dataset/split_0743b20802d2/images/train/pitted_surface_196.jpg,1
pitted_surface_197,/content/steel_defect_project/raw/NEU-DET/IMAGES/pitted_surface_197.jpg,200,200,3,"[1, 3]",4c48d21c8ad6e64af800bf22e71090e297147be2061d8cf5fd78d133d4a74c02,test,/content/steel_defect_project/dataset/split_0743b20802d2/images/test/pitted_surface_197.jpg,3
pitted_surface_198,/content/steel_defect_project/raw/NEU-DET/IMAGES/pitted_surface_198.jpg,200,200,3,[3],1af4379c94d92f71747a61fb02cd2e0954b40f004649ea164ecc3d1266ee91b4,train,/content/steel_defect_project/dataset/split_0743b20802d2/images/train/pitted_surface_198.jpg,1
pitted_surface_199,/content/steel_defect_project/raw/NEU-DET/IMAGES/pitted_surface_199.jpg,200,200,3,[3],ddaa130063ffcbea928baf81c368c1c6d61e7f67ad91a887523b5bbc3f2f1120,train,/content/steel_defect_project/dataset/split_0743b20802d2/images/train/pitted_surface_199.jpg,1
pitted_surface_2,/content/steel_defect_project/raw/NEU-DET/IMAGES/pitted_surface_2.jpg,200,200,3,[3],b106a3937334494b1b02d7158b6446fecab5a5ee226e8845d6abf55d35bc1cd7,train,/content/steel_defect_project/dataset/split_0743b20802d2/images/train/pitted_surface_2.jpg,2
pitted_surface_20,/content/steel_defect_project/raw/NEU-DET/IMAGES/pitted_surface_20.jpg,200,200,3,[3],b7de8d7ef093ddf1a62394f5177f361414b531010ace36b729e0a57af16c6b70,val,/content/steel_defect_project/dataset/split_0743b20802d2/images/val/pitted_surface_20.jpg,2
pitted_surface_200,/content/steel_defect_project/raw/NEU-DET/IMAGES/pitted_surface_200.jpg,200,200,3,[3],1f5a7fe2f70bd75f54d81c0125579103299f097cd8bea9eb0d31008ca0354059,train,/content/steel_defect_project/dataset/split_0743b20802d2/images/train/pitted_surface_200.jpg,2
pitted_surface_201,/content/steel_defect_project/raw/NEU-DET/IMAGES/pitted_surface_201.jpg,200,200,3,[3],dd0f1c9e7788d064d251ec536ee6809e32a09071fa315cedd4acc16009e79861,train,/content/steel_defect_project/dataset/split_0743b20802d2/images/train/pitted_surface_201.jpg,1
pitted_surface_202,/content/steel_defect_project/raw/NEU-DET/IMAGES/pitted_surface_202.jpg,200,200,3,[3],7a36bc5a8ea0fa60da98fb469951432bf196b0fe9068c376947fc82b2dc43747,test,/content/steel_defect_project/dataset/split_0743b20802d2/images/test/pitted_surface_202.jpg,1
pitted_surface_203,/content/steel_defect_project/raw/NEU-DET/IMAGES/pitted_surface_203.jpg,200,200,3,[3],8a0ed7ccd7a5fb8329d45bb08578a60f2188ef89f5be6074170d1209fbfdfc7f,val,/content/steel_defect_project/dataset/split_0743b20802d2/images/val/pitted_surface_203.jpg,1
pitted_surface_204,/content/steel_defect_project/raw/NEU-DET/IMAGES/pitted_surface_204.jpg,200,200,3,[3],daf469c36b3cbdd559b03b6719e5b8fc7737266f6b626e7ef000984c5404db3e,train,/content/steel_defect_project/dataset/split_0743b20802d2/images/train/pitted_surface_204.jpg,1
pitted_surface_205,/content/steel_defect_project/raw/NEU-DET/IMAGES/pitted_surface_205.jpg,200,200,3,"[2, 3]",eaea66c5893c64d8302f6e44f8edd7fe972e4e04f5731fce01eb16a42bf5f5bb,test,/content/steel_defect_project/dataset/split_0743b20802d2/images/test/pitted_surface_205.jpg,2
pitted_surface_206,/content/steel_defect_project/raw/NEU-DET/IMAGES/pitted_surface_206.jpg,200,200,3,[3],17c2b27e801927419d3dae3f3b9264fd5c205fff69e603ff669db62437e0bed5,val,/content/steel_defect_project/dataset/split_0743b20802d2/images/val/pitted_surface_206.jpg,1
pitted_surface_207,/content/steel_defect_project/raw/NEU-DET/IMAGES/pitted_surface_207.jpg,200,200,3,"[2, 3]",b550e01892dea7c33aa72e1a1f000c82ff2735e6f05fbf85084d1e292d535390,train,/content/steel_defect_project/dataset/split_0743b20802d2/images/train/pitted_surface_207.jpg,3
pitted_surface_208,/content/steel_defect_project/raw/NEU-DET/IMAGES/pitted_surface_208.jpg,200,200,3,"[2, 3]",2722249074473dae8ab6285e9e54c4105f1e333d03b6e012dcb5d6c942e3da1c,train,/content/steel_defect_project/dataset/split_0743b20802d2/images/train/pitted_surface_208.jpg,3
pitted_surface_209,/content/steel_defect_project/raw/NEU-DET/IMAGES/pitted_surface_209.jpg,200,200,3,"[2, 3]",7f15e7b58aa0a6e6d418fb627a922bcbae59033226e8ba9e9663db11a28cea02,test,/content/steel_defect_project/dataset/split_0743b20802d2/images/test/pitted_surface_209.jpg,2
pitted_surface_21,/content/steel_defect_project/raw/NEU-DET/IMAGES/pitted_surface_21.jpg,200,200,3,[3],32530ca83c5e3ecfa8a69e65c0f5ad7b9ca3447bf1547a3ad80eb234ce638090,train,/content/steel_defect_project/dataset/split_0743b20802d2/images/train/pitted_surface_21.jpg,1
pitted_surface_210,/content/steel_defect_project/raw/NEU-DET/IMAGES/pitted_surface_210.jpg,200,200,3,"[2, 3]",e92657a4122cafa66485880fc145cd546e4e6fe05c063b45ee94950525673484,train,/content/steel_defect_project/dataset/split_0743b20802d2/images/train/pitted_surface_210.jpg,5
pitted_surface_211,/content/steel_defect_project/raw/NEU-DET/IMAGES/pitted_surface_211.jpg,200,200,3,[3],a6339cdaa0c7d2fb967616c243cfdaed60e897a330baa8a4c9ebb58ec6aa6bb9,train,/content/steel_defect_project/dataset/split_0743b20802d2/images/train/pitted_surface_211.jpg,1
pitted_surface_212,/content/steel_defect_project/raw/NEU-DET/IMAGES/pitted_surface_212.jpg,200,200,3,[3],5f2fec8994e410392b4b3761d102354616cea15312e6794a3e1aa17bf92f7515,train,/content/steel_defect_project/dataset/split_0743b20802d2/images/train/pitted_surface_212.jpg,1
pitted_surface_213,/content/steel_defect_project/raw/NEU-DET/IMAGES/pitted_surface_213.jpg,200,200,3,[3],6c12502e9f433ab7737d15c7b824515d43f3acb9ad7c324da00ce126e2382fb2,test,/content/steel_defect_project/dataset/split_0743b20802d2/images/test/pitted_surface_213.jpg,2
pitted_surface_214,/content/steel_defect_project/raw/NEU-DET/IMAGES/pitted_surface_214.jpg,200,200,3,"[2, 3]",8c535956e78bfe696d795182ec3dc8ec7319724af28e7d92630660e3adecdc3d,train,/content/steel_defect_project/dataset/split_0743b20802d2/images/train/pitted_surface_214.jpg,3
pitted_surface_215,/content/steel_defect_project/raw/NEU-DET/IMAGES/pitted_surface_215.jpg,200,200,3,[3],b743f8dabfae9cf21c3f7870e7462654443d75b7b11b6e202c3a7140899deb0c,test,/content/steel_defect_project/dataset/split_0743b20802d2/images/test/pitted_surface_215.jpg,1
pitted_surface_216,/content/steel_defect_project/raw/NEU-DET/IMAGES/pitted_surface_216.jpg,200,200,3,[3],036b6d4889f427f559788a12bb7cb350103e2c1153b275710c80466a9b2478cd,train,/content/steel_defect_project/dataset/split_0743b20802d2/images/train/pitted_surface_216.jpg,1
pitted_surface_217,/content/steel_defect_project/raw/NEU-DET/IMAGES/pitted_surface_217.jpg,200,200,3,[3],8c62d659bee9c6d4fe97993f28e7ec97e0ac0bd0adea47816372464a672b80fa,train,/content/steel_defect_project/dataset/split_0743b20802d2/images/train/pitted_surface_217.jpg,2
pitted_surface_218,/content/steel_defect_project/raw/NEU-DET/IMAGES/pitted_surface_218.jpg,200,200,3,[3],36b1ac5723634d823e22829a133ad1e8e905f7c501880eb3cdc95e0590aae15c,train,/content/steel_defect_project/dataset/split_0743b20802d2/images/train/pitted_surface_218.jpg,1
pitted_surface_219,/content/steel_defect_project/raw/NEU-DET/IMAGES/pitted_surface_219.jpg,200,200,3,[3],8567a9116fc42346d6ef2d1eb81b8877af10ab165d9c7a8ca1251cd86413295b,train,/content/steel_defect_project/dataset/split_0743b20802d2/images/train/pitted_surface_219.jpg,1
pitted_surface_22,/content/steel_defect_project/raw/NEU-DET/IMAGES/pitted_surface_22.jpg,200,200,3,[3],037cd19dbf8aea5bad79aaa6e683eed7a634ebcd5829c4fcd650801bd998fbb9,train,/content/steel_defect_project/dataset/split_0743b20802d2/images/train/pitted_surface_22.jpg,1
pitted_surface_220,/content/steel_defect_project/raw/NEU-DET/IMAGES/pitted_surface_220.jpg,200,200,3,[3],81aebe8390b972553c2e646247373247fc48fe2206e1a96907fbc49757ab800a,test,/content/steel_defect_project/dataset/split_0743b20802d2/images/test/pitted_surface_220.jpg,2
pitted_surface_221,/content/steel_defect_project/raw/NEU-DET/IMAGES/pitted_surface_221.jpg,200,200,3,[3],5b54b173a34e5c5024d16b4f3e68e25733aa67ff108c95844dda02771a614e04,train,/content/steel_defect_project/dataset/split_0743b20802d2/images/train/pitted_surface_221.jpg,1
pitted_surface_222,/content/steel_defect_project/raw/NEU-DET/IMAGES/pitted_surface_222.jpg,200,200,3,[3],a3e30d045055892e3a995cb8aa6190de98228b79c852d4a79e8c0dcbeb5a6b3b,train,/content/steel_defect_project/dataset/split_0743b20802d2/images/train/pitted_surface_222.jpg,1
pitted_surface_223,/content/steel_defect_project/raw/NEU-DET/IMAGES/pitted_surface_223.jpg,200,200,3,"[2, 3]",031c9c8404ff1d04088004070363549b8db022201b51325e4d82d4d91efeb621,train,/content/steel_defect_project/dataset/split_0743b20802d2/images/train/pitted_surface_223.jpg,3
pitted_surface_224,/content/steel_defect_project/raw/NEU-DET/IMAGES/pitted_surface_224.jpg,200,200,3,[3],136e542eacdb41d46b92545ff1f62136e2f4aec05f98e6fe6bfeb44e0640483e,val,/content/steel_defect_project/dataset/split_0743b20802d2/images/val/pitted_surface_224.jpg,1
pitted_surface_225,/content/steel_defect_project/raw/NEU-DET/IMAGES/pitted_surface_225.jpg,200,200,3,[3],664bd7de8ceea6d9fd27db2c50ff96c3f70c0fb32e418c03571a04eaf2bb9a7a,train,/content/steel_defect_project/dataset/split_0743b20802d2/images/train/pitted_surface_225.jpg,1
pitted_surface_226,/content/steel_defect_project/raw/NEU-DET/IMAGES/pitted_surface_226.jpg,200,200,3,"[2, 3]",38bce3ba42bacbec0a5a64d84d5addbc54becd0ffdb11e98376e54e752a1055f,train,/content/steel_defect_project/dataset/split_0743b20802d2/images/train/pitted_surface_226.jpg,4
pitted_surface_227,/content/steel_defect_project/raw/NEU-DET/IMAGES/pitted_surface_227.jpg,200,200,3,[3],ccb6fec9a6d7b35f20c6a10e45ebf2c033798b0aef599062ba549123e10c343e,train,/content/steel_defect_project/dataset/split_0743b20802d2/images/train/pitted_surface_227.jpg,1
pitted_surface_228,/content/steel_defect_project/raw/NEU-DET/IMAGES/pitted_surface_228.jpg,200,200,3,[3],3331fee4f8deeda38ddff3e0c3c953b98a8cda1b225f2a09521ea2287040aa7c,train,/content/steel_defect_project/dataset/split_0743b20802d2/images/train/pitted_surface_228.jpg,2
pitted_surface_229,/content/steel_defect_project/raw/NEU-DET/IMAGES/pitted_surface_229.jpg,200,200,3,[3],7f558b8fd6977d503463715101f4b1ea86414d2b657460bd132c5f6d63247dfa,train,/content/steel_defect_project/dataset/split_0743b20802d2/images/train/pitted_surface_229.jpg,2
pitted_surface_23,/content/steel_defect_project/raw/NEU-DET/IMAGES/pitted_surface_23.jpg,200,200,3,[3],12487ed0f2278322d8b4304c62ab31838bfb63bfd1c67a8803724647284160ef,val,/content/steel_defect_project/dataset/split_0743b20802d2/images/val/pitted_surface_23.jpg,1
pitted_surface_230,/content/steel_defect_project/raw/NEU-DET/IMAGES/pitted_surface_230.jpg,200,200,3,[3],065dbe9943b59fe4b06187d508bd3b46634bc4c7570635b03df5785f37264926,train,/content/steel_defect_project/dataset/split_0743b20802d2/images/train/pitted_surface_230.jpg,2
pitted_surface_231,/content/steel_defect_project/raw/NEU-DET/IMAGES/pitted_surface_231.jpg,200,200,3,[3],a3b41eb62139535416b90426a3bf862305d0bc0b1d5d755181303177a7fcd4b7,train,/content/steel_defect_project/dataset/split_0743b20802d2/images/train/pitted_surface_231.jpg,2
pitted_surface_232,/content/steel_defect_project/raw/NEU-DET/IMAGES/pitted_surface_232.jpg,200,200,3,[3],c06e20f13176d94decc771e0881b5a51900724d758eb8572d86109eb32bebd14,train,/content/steel_defect_project/dataset/split_0743b20802d2/images/train/pitted_surface_232.jpg,1
pitted_surface_233,/content/steel_defect_project/raw/NEU-DET/IMAGES/pitted_surface_233.jpg,200,200,3,[3],824d16a5cba759c7e8fbbafc651b13429db8756aced316965832859836995a4b,test,/content/steel_defect_project/dataset/split_0743b20802d2/images/test/pitted_surface_233.jpg,2
pitted_surface_234,/content/steel_defect_project/raw/NEU-DET/IMAGES/pitted_surface_234.jpg,200,200,3,[3],bda5370bb2ea745f3733b0a588cae365881b0b2cf6055b0e79fc04e4ef2e71ad,val,/content/steel_defect_project/dataset/split_0743b20802d2/images/val/pitted_surface_234.jpg,1
pitted_surface_235,/content/steel_defect_project/raw/NEU-DET/IMAGES/pitted_surface_235.jpg,200,200,3,[3],5693842fcd13ed2457fea036a3e65b1e7af26c8e834cbb7b4ad4f02d3bab7c29,train,/content/steel_defect_project/dataset/split_0743b20802d2/images/train/pitted_surface_235.jpg,2
pitted_surface_236,/content/steel_defect_project/raw/NEU-DET/IMAGES/pitted_surface_236.jpg,200,200,3,"[2, 3]",938a8507344ced77bcad16d4ee17edbe980b6142cae8435379ce2c462a948917,test,/content/steel_defect_project/dataset/split_0743b20802d2/images/test/pitted_surface_236.jpg,4
pitted_surface_237,/content/steel_defect_project/raw/NEU-DET/IMAGES/pitted_surface_237.jpg,200,200,3,"[2, 3]",b0b2d697c3fb38d70dd86a19fd1a0399ef59d9592d0962548712a29791cad59f,train,/content/steel_defect_project/dataset/split_0743b20802d2/images/train/pitted_surface_237.jpg,2
pitted_surface_238,/content/steel_defect_project/raw/NEU-DET/IMAGES/pitted_surface_238.jpg,200,200,3,[3],08bf3597edab9116ac60ffc984e930148a70320c2aa10cdc107c45e6b8265502,train,/content/steel_defect_project/dataset/split_0743b20802d2/images/train/pitted_surface_238.jpg,2
pitted_surface_239,/content/steel_defect_project/raw/NEU-DET/IMAGES/pitted_surface_239.jpg,200,200,3,[3],307cb8e58822fe9edc1ea8b184b11da5c0d2ecbf0e77c67f897fcd9c3c8edf0c,test,/content/steel_defect_project/dataset/split_0743b20802d2/images/test/pitted_surface_239.jpg,2
pitted_surface_24,/content/steel_defect_project/raw/NEU-DET/IMAGES/pitted_surface_24.jpg,200,200,3,[3],b3bda5589ce6ba68ba8e9569a47068110c8310e583b768ee9516d50a1540f383,test,/content/steel_defect_project/dataset/split_0743b20802d2/images/test/pitted_surface_24.jpg,1
pitted_surface_240,/content/steel_defect_project/raw/NEU-DET/IMAGES/pitted_surface_240.jpg,200,200,3,[3],44bd9fe788840479ff2f7feebb5782b59535300432ad78eb228eec31d987860d,train,/content/steel_defect_project/dataset/split_0743b20802d2/images/train/pitted_surface_240.jpg,1
pitted_surface_241,/content/steel_defect_project/raw/NEU-DET/IMAGES/pitted_surface_241.jpg,200,200,3,[3],e0b8cb21825f4ae4737dfbef8985a6cc89d834244d94f4db5ebdd901964b2b45,train,/content/steel_defect_project/dataset/split_0743b20802d2/images/train/pitted_surface_241.jpg,1
pitted_surface_242,/content/steel_defect_project/raw/NEU-DET/IMAGES/pitted_surface_242.jpg,200,200,3,[3],0c5b129ffb8aadcc91e8bdb0f0f9283f69b55a33422f0ae1fcce374d652cb97d,train,/content/steel_defect_project/dataset/split_0743b20802d2/images/train/pitted_surface_242.jpg,2
pitted_surface_243,/content/steel_defect_project/raw/NEU-DET/IMAGES/pitted_surface_243.jpg,200,200,3,[3],6e554be547e39f9dc46ae49ee71fb1bfcb4146ba09546d2c411380f6f90dd7b9,val,/content/steel_defect_project/dataset/split_0743b20802d2/images/val/pitted_surface_243.jpg,1
pitted_surface_244,/content/steel_defect_project/raw/NEU-DET/IMAGES/pitted_surface_244.jpg,200,200,3,[3],311c04a78087e230488d6ccd2fc3868b7281f3b5a6d00e536b0df107dd72e242,train,/content/steel_defect_project/dataset/split_0743b20802d2/images/train/pitted_surface_244.jpg,1
pitted_surface_245,/content/steel_defect_project/raw/NEU-DET/IMAGES/pitted_surface_245.jpg,200,200,3,"[2, 3]",72bd48fd0cd2dba7af9220b5f5eb0fab61055e79c688f5183d0a927855a32643,train,/content/steel_defect_project/dataset/split_0743b20802d2/images/train/pitted_surface_245.jpg,3
pitted_surface_246,/content/steel_defect_project/raw/NEU-DET/IMAGES/pitted_surface_246.jpg,200,200,3,[3],13bdd655b5329c43b72d5da467ed3d0ef1fe43401f99e457cbb3c402fdd68e63,train,/content/steel_defect_project/dataset/split_0743b20802d2/images/train/pitted_surface_246.jpg,2
pitted_surface_247,/content/steel_defect_project/raw/NEU-DET/IMAGES/pitted_surface_247.jpg,200,200,3,"[2, 3]",410f243e8339771080cdc62e989a4092ea782ce41017959e653caa07b6c2f2ab,train,/content/steel_defect_project/dataset/split_0743b20802d2/images/train/pitted_surface_247.jpg,2
pitted_surface_248,/content/steel_defect_project/raw/NEU-DET/IMAGES/pitted_surface_248.jpg,200,200,3,[3],9cf1db80b4e8b5f9cdf6d2f04e8354a2bc70743a853efff8764797f553601aad,val,/content/steel_defect_project/dataset/split_0743b20802d2/images/val/pitted_surface_248.jpg,2
pitted_surface_249,/content/steel_defect_project/raw/NEU-DET/IMAGES/pitted_surface_249.jpg,200,200,3,[3],141b9c346f6081dc2159193899de866d8978c878e369946e2e6e696a93aca0b5,train,/content/steel_defect_project/dataset/split_0743b20802d2/images/train/pitted_surface_249.jpg,1
pitted_surface_25,/content/steel_defect_project/raw/NEU-DET/IMAGES/pitted_surface_25.jpg,200,200,3,[3],12b60287a5ebc3386ad24f6a413e2a767d560a0c2a82045363483bcd8c77dd3b,train,/content/steel_defect_project/dataset/split_0743b20802d2/images/train/pitted_surface_25.jpg,1
pitted_surface_250,/content/steel_defect_project/raw/NEU-DET/IMAGES/pitted_surface_250.jpg,200,200,3,[3],b9161041025398c4f9d9e7e5fad3de2dba56f215151a148b80371d9cda991627,train,/content/steel_defect_project/dataset/split_0743b20802d2/images/train/pitted_surface_250.jpg,1
pitted_surface_251,/content/steel_defect_project/raw/NEU-DET/IMAGES/pitted_surface_251.jpg,200,200,3,[3],e99ab26b3e30960a95ee9cd846ff773a9b7f4388428a0a512560c78c976c8d2b,val,/content/steel_defect_project/dataset/split_0743b20802d2/images/val/pitted_surface_251.jpg,1
pitted_surface_252,/content/steel_defect_project/raw/NEU-DET/IMAGES/pitted_surface_252.jpg,200,200,3,[3],614cf44bc6fec24b186c5391c310a3d98c3f9316e8ecfe26bef3d470e9d23f16,train,/content/steel_defect_project/dataset/split_0743b20802d2/images/train/pitted_surface_252.jpg,1
pitted_surface_253,/content/steel_defect_project/raw/NEU-DET/IMAGES/pitted_surface_253.jpg,200,200,3,[3],80323cf8a9932ceae6f53b40cebab2ed9e3750699592d0e389d977aefc24e0e7,train,/content/steel_defect_project/dataset/split_0743b20802d2/images/train/pitted_surface_253.jpg,2
pitted_surface_254,/content/steel_defect_project/raw/NEU-DET/IMAGES/pitted_surface_254.jpg,200,200,3,[3],5324b3aff92c517f500d2e0cbea5c6853bce9b74c1d4656e470aaceea282e7b7,train,/content/steel_defect_project/dataset/split_0743b20802d2/images/train/pitted_surface_254.jpg,1
pitted_surface_255,/content/steel_defect_project/raw/NEU-DET/IMAGES/pitted_surface_255.jpg,200,200,3,[3],80db94716c3189cac56fc05bbfa27c167e1f59f61ad6b73240aa2b5fd57997bc,train,/content/steel_defect_project/dataset/split_0743b20802d2/images/train/pitted_surface_255.jpg,1
pitted_surface_256,/content/steel_defect_project/raw/NEU-DET/IMAGES/pitted_surface_256.jpg,200,200,3,[3],14036d71313d983e4f81cf71ee694afc061a46660253049bd1ea5aeb6d177d59,test,/content/steel_defect_project/dataset/split_0743b20802d2/images/test/pitted_surface_256.jpg,2
pitted_surface_257,/content/steel_defect_project/raw/NEU-DET/IMAGES/pitted_surface_257.jpg,200,200,3,[3],eb78ebbae26b13b60a72d92180a61725bdef9042cf3be0a98ce8b51b2b69c987,val,/content/steel_defect_project/dataset/split_0743b20802d2/images/val/pitted_surface_257.jpg,1
pitted_surface_258,/content/steel_defect_project/raw/NEU-DET/IMAGES/pitted_surface_258.jpg,200,200,3,"[2, 3]",342b11bad5d3d2af3c453a9d8064c7c12d1b26f565a7325b49c33a45ecebe401,val,/content/steel_defect_project/dataset/split_0743b20802d2/images/val/pitted_surface_258.jpg,2
pitted_surface_259,/content/steel_defect_project/raw/NEU-DET/IMAGES/pitted_surface_259.jpg,200,200,3,[3],cf586ff362f9f5086a77d71283c2036a2b9bc7b535b0ef28cce4c2263bd42b12,train,/content/steel_defect_project/dataset/split_0743b20802d2/images/train/pitted_surface_259.jpg,1
pitted_surface_26,/content/steel_defect_project/raw/NEU-DET/IMAGES/pitted_surface_26.jpg,200,200,3,[3],1062e53ddea4216253fb68500813cf349f949b2c833096a0888dfd81b8ad3a55,train,/content/steel_defect_project/dataset/split_0743b20802d2/images/train/pitted_surface_26.jpg,1
pitted_surface_260,/content/steel_defect_project/raw/NEU-DET/IMAGES/pitted_surface_260.jpg,200,200,3,[3],dab512fb8ee0df66e17133b8098bd5729851d01669e2c49e6deb5e35826f273e,val,/content/steel_defect_project/dataset/split_0743b20802d2/images/val/pitted_surface_260.jpg,1
pitted_surface_261,/content/steel_defect_project/raw/NEU-DET/IMAGES/pitted_surface_261.jpg,200,200,3,"[2, 3]",25cc37ad218f4ee067295acba423f0f38271d04a25db9a51a25602de1ef2ea8f,val,/content/steel_defect_project/dataset/split_0743b20802d2/images/val/pitted_surface_261.jpg,3
pitted_surface_262,/content/steel_defect_project/raw/NEU-DET/IMAGES/pitted_surface_262.jpg,200,200,3,[3],2482ce68fb7c43e93bfc8be6ecd5e52146325682a217510d6031817c02f70e0b,train,/content/steel_defect_project/dataset/split_0743b20802d2/images/train/pitted_surface_262.jpg,1
pitted_surface_263,/content/steel_defect_project/raw/NEU-DET/IMAGES/pitted_surface_263.jpg,200,200,3,[3],2c0bb0dd2ccc1712df4a4f6214c99e2f4226452bc18ee3fa5665b59488ae7c1c,train,/content/steel_defect_project/dataset/split_0743b20802d2/images/train/pitted_surface_263.jpg,1
pitted_surface_264,/content/steel_defect_project/raw/NEU-DET/IMAGES/pitted_surface_264.jpg,200,200,3,[3],7c62e49e9312b36a0d27a7a86164cc89ef63c160d8e89086c47074c98425a218,train,/content/steel_defect_project/dataset/split_0743b20802d2/images/train/pitted_surface_264.jpg,1
pitted_surface_265,/content/steel_defect_project/raw/NEU-DET/IMAGES/pitted_surface_265.jpg,200,200,3,[3],d8dfdc1aeb268622752da502779b51591bc1567a39930673c1d66051a2a9f62b,train,/content/steel_defect_project/dataset/split_0743b20802d2/images/train/pitted_surface_265.jpg,1
pitted_surface_266,/content/steel_defect_project/raw/NEU-DET/IMAGES/pitted_surface_266.jpg,200,200,3,[3],dd794ff703692e22ed2a19599252af069deb603da1d85c8f7ec1d43e64267512,train,/content/steel_defect_project/dataset/split_0743b20802d2/images/train/pitted_surface_266.jpg,3
pitted_surface_267,/content/steel_defect_project/raw/NEU-DET/IMAGES/pitted_surface_267.jpg,200,200,3,[3],5116fba715348a931e745bba8a769c125000b11912aa5f121eeefb0f8efc2e78,train,/content/steel_defect_project/dataset/split_0743b20802d2/images/train/pitted_surface_267.jpg,2
pitted_surface_268,/content/steel_defect_project/raw/NEU-DET/IMAGES/pitted_surface_268.jpg,200,200,3,[3],c2014d9418e2e56c81c8a1552208f650004324fb2a5fdfa2104ee6ab138b2b62,train,/content/steel_defect_project/dataset/split_0743b20802d2/images/train/pitted_surface_268.jpg,2
pitted_surface_269,/content/steel_defect_project/raw/NEU-DET/IMAGES/pitted_surface_269.jpg,200,200,3,[3],ce2d13431b4f06d37d12d0c74a1e55fc71972eb1eb48d98d7de04d671bacfd0c,train,/content/steel_defect_project/dataset/split_0743b20802d2/images/train/pitted_surface_269.jpg,2
pitted_surface_27,/content/steel_defect_project/raw/NEU-DET/IMAGES/pitted_surface_27.jpg,200,200,3,[3],7597a494588305bbbc87357af43dbf0915ef2c9e6ae89efe2d950b8cfaf7869e,train,/content/steel_defect_project/dataset/split_0743b20802d2/images/train/pitted_surface_27.jpg,2
pitted_surface_270,/content/steel_defect_project/raw/NEU-DET/IMAGES/pitted_surface_270.jpg,200,200,3,[3],47d0040fc921c17f446c603623bf47961cc1482142cbae17ad42f12cac427c62,train,/content/steel_defect_project/dataset/split_0743b20802d2/images/train/pitted_surface_270.jpg,1
pitted_surface_271,/content/steel_defect_project/raw/NEU-DET/IMAGES/pitted_surface_271.jpg,200,200,3,[3],d301706d7b715c5254b6a0ae7e4a17804769f4283888ac52bc17fc97a2255d5a,val,/content/steel_defect_project/dataset/split_0743b20802d2/images/val/pitted_surface_271.jpg,2
pitted_surface_272,/content/steel_defect_project/raw/NEU-DET/IMAGES/pitted_surface_272.jpg,200,200,3,"[2, 3]",4a5bac4832564a700352892bd5fa99cd98bc575168ea5d780c7843d1f7bf8e70,train,/content/steel_defect_project/dataset/split_0743b20802d2/images/train/pitted_surface_272.jpg,3
pitted_surface_273,/content/steel_defect_project/raw/NEU-DET/IMAGES/pitted_surface_273.jpg,200,200,3,[3],61dbcbb2a702b520a90c9cdeb9f30fab4764830014d2a82582c3a5e4e5dd9144,train,/content/steel_defect_project/dataset/split_0743b20802d2/images/train/pitted_surface_273.jpg,1
pitted_surface_274,/content/steel_defect_project/raw/NEU-DET/IMAGES/pitted_surface_274.jpg,200,200,3,[3],0235a57f25114c296ec03b01f1d7801df0f974cfd100e74ce26139247a40d8ed,test,/content/steel_defect_project/dataset/split_0743b20802d2/images/test/pitted_surface_274.jpg,1
pitted_surface_275,/content/steel_defect_project/raw/NEU-DET/IMAGES/pitted_surface_275.jpg,200,200,3,[3],dc230e419b89a276fc431c14c1f63e7869ccaac6e7d5fb023da99753018523b9,train,/content/steel_defect_project/dataset/split_0743b20802d2/images/train/pitted_surface_275.jpg,1
pitted_surface_276,/content/steel_defect_project/raw/NEU-DET/IMAGES/pitted_surface_276.jpg,200,200,3,"[2, 3]",b87ab4addc70e6f7b6ab4fa1ec618bad142298ad296dcb7128953f9cf4aaa51a,train,/content/steel_defect_project/dataset/split_0743b20802d2/images/train/pitted_surface_276.jpg,3
pitted_surface_277,/content/steel_defect_project/raw/NEU-DET/IMAGES/pitted_surface_277.jpg,200,200,3,"[2, 3]",51b5672e84d9606f593564c9e44f7e8cb95a4fc88a5142246497d93788c37ddd,train,/content/steel_defect_project/dataset/split_0743b20802d2/images/train/pitted_surface_277.jpg,2
pitted_surface_278,/content/steel_defect_project/raw/NEU-DET/IMAGES/pitted_surface_278.jpg,200,200,3,[3],968e3896c097e05ee63e87295fe15b9f2834115401f16fe8e8692d17e0c0797c,train,/content/steel_defect_project/dataset/split_0743b20802d2/images/train/pitted_surface_278.jpg,1
pitted_surface_279,/content/steel_defect_project/raw/NEU-DET/IMAGES/pitted_surface_279.jpg,200,200,3,"[1, 2, 3]",2e1087ab89f1469f031932fd9699b7d8e1200391e3d4e23a83d79ee676815a2b,train,/content/steel_defect_project/dataset/split_0743b20802d2/images/train/pitted_surface_279.jpg,3
pitted_surface_28,/content/steel_defect_project/raw/NEU-DET/IMAGES/pitted_surface_28.jpg,200,200,3,[3],c3e27943edc7d2e7f7712a6896da7ebef9b7ed20033d1deac862f4ceb473072c,train,/content/steel_defect_project/dataset/split_0743b20802d2/images/train/pitted_surface_28.jpg,2
pitted_surface_280,/content/steel_defect_project/raw/NEU-DET/IMAGES/pitted_surface_280.jpg,200,200,3,[3],ca011cef832cbc00b45fc5288e3cb096253b5f54f2e8266ee246ef88267c71f4,val,/content/steel_defect_project/dataset/split_0743b20802d2/images/val/pitted_surface_280.jpg,3
pitted_surface_281,/content/steel_defect_project/raw/NEU-DET/IMAGES/pitted_surface_281.jpg,200,200,3,"[1, 3]",90a9fc43f8f761b9f65d90b9377057843758139412d3820f88e357f07a1972e6,val,/content/steel_defect_project/dataset/split_0743b20802d2/images/val/pitted_surface_281.jpg,2
pitted_surface_282,/content/steel_defect_project/raw/NEU-DET/IMAGES/pitted_surface_282.jpg,200,200,3,[3],c614352a362056612aa4be43785be7041842bd0d529ab4cc64d552f8b5f17994,train,/content/steel_defect_project/dataset/split_0743b20802d2/images/train/pitted_surface_282.jpg,2
pitted_surface_283,/content/steel_defect_project/raw/NEU-DET/IMAGES/pitted_surface_283.jpg,200,200,3,[3],9e0041db47ee0b01db397d74f0c64d03d6fd3073c72de4e01b6f1c1486c8c3b3,train,/content/steel_defect_project/dataset/split_0743b20802d2/images/train/pitted_surface_283.jpg,1
pitted_surface_284,/content/steel_defect_project/raw/NEU-DET/IMAGES/pitted_surface_284.jpg,200,200,3,[3],b217b9f1080dde5e1abe038fa47da072999e627199c02477e177a9f936edc05c,test,/content/steel_defect_project/dataset/split_0743b20802d2/images/test/pitted_surface_284.jpg,2
pitted_surface_285,/content/steel_defect_project/raw/NEU-DET/IMAGES/pitted_surface_285.jpg,200,200,3,[3],cf3750d4156a8a5ccc8f7f30bd71aa780a3aee3f7a6a2d6f56a1699b1a0aba88,train,/content/steel_defect_project/dataset/split_0743b20802d2/images/train/pitted_surface_285.jpg,1
pitted_surface_286,/content/steel_defect_project/raw/NEU-DET/IMAGES/pitted_surface_286.jpg,200,200,3,[3],4d7cf92343d58812ac7ca55ec73028c6f4548f32110db2f45f6f2c8061db876a,train,/content/steel_defect_project/dataset/split_0743b20802d2/images/train/pitted_surface_286.jpg,1
pitted_surface_287,/content/steel_defect_project/raw/NEU-DET/IMAGES/pitted_surface_287.jpg,200,200,3,[3],faca2dec55ecce98fd26f8e558ded5a4ca30babab9cfc2ac68ef210b73d08dc8,train,/content/steel_defect_project/dataset/split_0743b20802d2/images/train/pitted_surface_287.jpg,1
pitted_surface_288,/content/steel_defect_project/raw/NEU-DET/IMAGES/pitted_surface_288.jpg,200,200,3,[3],689c13ae1de44d78602981117940435b6446e2d47d1f264807a05fa359352106,test,/content/steel_defect_project/dataset/split_0743b20802d2/images/test/pitted_surface_288.jpg,1
pitted_surface_289,/content/steel_defect_project/raw/NEU-DET/IMAGES/pitted_surface_289.jpg,200,200,3,[3],4c3ae80d36bd5947721912233382ac421e71b53b3d336bf3e2903cd05f3586d5,train,/content/steel_defect_project/dataset/split_0743b20802d2/images/train/pitted_surface_289.jpg,2
pitted_surface_29,/content/steel_defect_project/raw/NEU-DET/IMAGES/pitted_surface_29.jpg,200,200,3,[3],ef1595999dfff23d25dff41f0ba1106931b660719c584f0fd51e250e04eff10a,val,/content/steel_defect_project/dataset/split_0743b20802d2/images/val/pitted_surface_29.jpg,1
pitted_surface_290,/content/steel_defect_project/raw/NEU-DET/IMAGES/pitted_surface_290.jpg,200,200,3,[3],b27d0abb1f59940408bfb70ce75ac604b941b9192e1c21a0edc286a571783782,train,/content/steel_defect_project/dataset/split_0743b20802d2/images/train/pitted_surface_290.jpg,3
pitted_surface_291,/content/steel_defect_project/raw/NEU-DET/IMAGES/pitted_surface_291.jpg,200,200,3,"[2, 3]",3d3bd60564606a999c05855dde5ca77fa69079efeee6bd9a1489451a59b62827,test,/content/steel_defect_project/dataset/split_0743b20802d2/images/test/pitted_surface_291.jpg,2
pitted_surface_292,/content/steel_defect_project/raw/NEU-DET/IMAGES/pitted_surface_292.jpg,200,200,3,"[2, 3]",49c5dfac35b798bff38d8d1caf98bcafda67c7b0e21a8c9889610f803945b4cf,train,/content/steel_defect_project/dataset/split_0743b20802d2/images/train/pitted_surface_292.jpg,4
pitted_surface_293,/content/steel_defect_project/raw/NEU-DET/IMAGES/pitted_surface_293.jpg,200,200,3,[3],0ecda4bec5d104af612ed46b11b70c3c46734832d24467f43ec916412f7eb752,train,/content/steel_defect_project/dataset/split_0743b20802d2/images/train/pitted_surface_293.jpg,1
pitted_surface_294,/content/steel_defect_project/raw/NEU-DET/IMAGES/pitted_surface_294.jpg,200,200,3,"[2, 3]",53f8b73954574756aa4a63fea2e12007cfa973a670f8c81a0b134696844014e4,train,/content/steel_defect_project/dataset/split_0743b20802d2/images/train/pitted_surface_294.jpg,3
pitted_surface_295,/content/steel_defect_project/raw/NEU-DET/IMAGES/pitted_surface_295.jpg,200,200,3,"[2, 3]",a29e4553f4857623a8b23e567afabd817050f7a4e9f66f45def43717418015c4,train,/content/steel_defect_project/dataset/split_0743b20802d2/images/train/pitted_surface_295.jpg,2
pitted_surface_296,/content/steel_defect_project/raw/NEU-DET/IMAGES/pitted_surface_296.jpg,200,200,3,"[2, 3]",15373a9a44a3c204ed168248ad60d1b6722ddd1a6de100f74baefa35026a8a6b,train,/content/steel_defect_project/dataset/split_0743b20802d2/images/train/pitted_surface_296.jpg,3
pitted_surface_297,/content/steel_defect_project/raw/NEU-DET/IMAGES/pitted_surface_297.jpg,200,200,3,[3],21103949406488b2c2fa24e2fc325eb5c1c3753c24c2ba2a177fccca19fc16a3,test,/content/steel_defect_project/dataset/split_0743b20802d2/images/test/pitted_surface_297.jpg,1
pitted_surface_298,/content/steel_defect_project/raw/NEU-DET/IMAGES/pitted_surface_298.jpg,200,200,3,[3],98dffe0920340fd001c7288732e022c5b08443952ad1e24c5705e8fc37a623e1,val,/content/steel_defect_project/dataset/split_0743b20802d2/images/val/pitted_surface_298.jpg,2
pitted_surface_299,/content/steel_defect_project/raw/NEU-DET/IMAGES/pitted_surface_299.jpg,200,200,3,[3],80b36f84ff757e03473b5300058a0d73f0cb299b6506408b48b9fabe6cac152a,train,/content/steel_defect_project/dataset/split_0743b20802d2/images/train/pitted_surface_299.jpg,3
pitted_surface_3,/content/steel_defect_project/raw/NEU-DET/IMAGES/pitted_surface_3.jpg,200,200,3,[3],bbd492c5ebb3cd1e065851a209ff8874b8970e13117be20c76960e8c85e508e7,train,/content/steel_defect_project/dataset/split_0743b20802d2/images/train/pitted_surface_3.jpg,2
pitted_surface_30,/content/steel_defect_project/raw/NEU-DET/IMAGES/pitted_surface_30.jpg,200,200,3,[3],e3e45ecdbf79cc35b46ce9fb0bd04fbc13bb2beb9a25a3fa80a1c4725b235bf5,train,/content/steel_defect_project/dataset/split_0743b20802d2/images/train/pitted_surface_30.jpg,1
pitted_surface_300,/content/steel_defect_project/raw/NEU-DET/IMAGES/pitted_surface_300.jpg,200,200,3,[3],9446be8e41f51c7c941d35ad956d0d43d9b62d8833c418b93e25082717bb4ab2,train,/content/steel_defect_project/dataset/split_0743b20802d2/images/train/pitted_surface_300.jpg,2
pitted_surface_31,/content/steel_defect_project/raw/NEU-DET/IMAGES/pitted_surface_31.jpg,200,200,3,[3],b3edc41cfcd849dcafa76b93c2d04d3da1ed4a8af1efe0e10eac81b607d248db,test,/content/steel_defect_project/dataset/split_0743b20802d2/images/test/pitted_surface_31.jpg,1
pitted_surface_32,/content/steel_defect_project/raw/NEU-DET/IMAGES/pitted_surface_32.jpg,200,200,3,[3],17a5822de806c8cd2deb217c0ac2d2277b2ca5d89eabe90c5f615fbebf8f21cc,test,/content/steel_defect_project/dataset/split_0743b20802d2/images/test/pitted_surface_32.jpg,1
pitted_surface_33,/content/steel_defect_project/raw/NEU-DET/IMAGES/pitted_surface_33.jpg,200,200,3,[3],af73721336e0b58381229db429a5b3ccd28e08ef45f46e89affbdeea0397d270,train,/content/steel_defect_project/dataset/split_0743b20802d2/images/train/pitted_surface_33.jpg,1
pitted_surface_34,/content/steel_defect_project/raw/NEU-DET/IMAGES/pitted_surface_34.jpg,200,200,3,[3],167ee404e319a4c08269a7cf2c70266610895265403d435bc274bd92e2fbbe8d,train,/content/steel_defect_project/dataset/split_0743b20802d2/images/train/pitted_surface_34.jpg,2
pitted_surface_35,/content/steel_defect_project/raw/NEU-DET/IMAGES/pitted_surface_35.jpg,200,200,3,[3],72fa48d705c98994dd8356dc1ae4bebfdba4bd755007840210e0ecbd8a33158b,val,/content/steel_defect_project/dataset/split_0743b20802d2/images/val/pitted_surface_35.jpg,2
pitted_surface_36,/content/steel_defect_project/raw/NEU-DET/IMAGES/pitted_surface_36.jpg,200,200,3,[3],0f6a9e7bce0b9d6025049bd2454c1e1a4e4b5f4e464575c52bc32f430d0636ad,test,/content/steel_defect_project/dataset/split_0743b20802d2/images/test/pitted_surface_36.jpg,1
pitted_surface_37,/content/steel_defect_project/raw/NEU-DET/IMAGES/pitted_surface_37.jpg,200,200,3,[3],1de6a8a63330f543063642ce3d7928d45ae0faeefed9f7d66ce83b9d4c1e5bbb,train,/content/steel_defect_project/dataset/split_0743b20802d2/images/train/pitted_surface_37.jpg,1
pitted_surface_38,/content/steel_defect_project/raw/NEU-DET/IMAGES/pitted_surface_38.jpg,200,200,3,[3],5a2084efa18d34d0d632549b1f4a2eeb0863af6ded5eca305b386224a154a353,train,/content/steel_defect_project/dataset/split_0743b20802d2/images/train/pitted_surface_38.jpg,1
pitted_surface_39,/content/steel_defect_project/raw/NEU-DET/IMAGES/pitted_surface_39.jpg,200,200,3,[3],378c96188bf5933f7d0413ab2153929b15a323349542058d09f88472c08cff71,train,/content/steel_defect_project/dataset/split_0743b20802d2/images/train/pitted_surface_39.jpg,1
pitted_surface_4,/content/steel_defect_project/raw/NEU-DET/IMAGES/pitted_surface_4.jpg,200,200,3,[3],ccb6cc0f90c70810dfd32aa51cb6ff50a09931e8e8f1aa0b110b5b24b535d921,train,/content/steel_defect_project/dataset/split_0743b20802d2/images/train/pitted_surface_4.jpg,1
pitted_surface_40,/content/steel_defect_project/raw/NEU-DET/IMAGES/pitted_surface_40.jpg,200,200,3,[3],4b47ede4f8da041c44f8ddeceb42d64b6e0a287fc8aa5e2a414b719b9b71eadd,train,/content/steel_defect_project/dataset/split_0743b20802d2/images/train/pitted_surface_40.jpg,1
pitted_surface_41,/content/steel_defect_project/raw/NEU-DET/IMAGES/pitted_surface_41.jpg,200,200,3,[3],dd2c1c71b1052de799c75760d3e6a2ff55933ec9ed01fff8172e95f5b16b07c2,val,/content/steel_defect_project/dataset/split_0743b20802d2/images/val/pitted_surface_41.jpg,2
pitted_surface_42,/content/steel_defect_project/raw/NEU-DET/IMAGES/pitted_surface_42.jpg,200,200,3,[3],59d5ea559bcee8769303376619f10efa417a74df420086bfb98e51143664bfa0,train,/content/steel_defect_project/dataset/split_0743b20802d2/images/train/pitted_surface_42.jpg,1
pitted_surface_43,/content/steel_defect_project/raw/NEU-DET/IMAGES/pitted_surface_43.jpg,200,200,3,[3],1179c2861466937de8e5d936db24e40149efbf4a1d2b74e0a82cb12d0d2f9ac5,train,/content/steel_defect_project/dataset/split_0743b20802d2/images/train/pitted_surface_43.jpg,1
pitted_surface_44,/content/steel_defect_project/raw/NEU-DET/IMAGES/pitted_surface_44.jpg,200,200,3,[3],a047fe98ab89762e9715e3be0586ece63de3d32e2157e11ef70d8a5eb127ddd1,train,/content/steel_defect_project/dataset/split_0743b20802d2/images/train/pitted_surface_44.jpg,1
pitted_surface_45,/content/steel_defect_project/raw/NEU-DET/IMAGES/pitted_surface_45.jpg,200,200,3,[3],ba9d9c6aebdcef3a0970d2c3ba39a2a178de0a06a9c340b29bdc4f5e7361fe7e,test,/content/steel_defect_project/dataset/split_0743b20802d2/images/test/pitted_surface_45.jpg,1
pitted_surface_46,/content/steel_defect_project/raw/NEU-DET/IMAGES/pitted_surface_46.jpg,200,200,3,[3],970c1137a10dffb485f7e47ca42ce2c0097facbe3d8c940d23ab5c777b445308,train,/content/steel_defect_project/dataset/split_0743b20802d2/images/train/pitted_surface_46.jpg,2
pitted_surface_47,/content/steel_defect_project/raw/NEU-DET/IMAGES/pitted_surface_47.jpg,200,200,3,[3],d73f77c0ee37082a117ef1e871bcc87a5f56a43df4c7c44cd9c562eccfa5b610,val,/content/steel_defect_project/dataset/split_0743b20802d2/images/val/pitted_surface_47.jpg,2
pitted_surface_48,/content/steel_defect_project/raw/NEU-DET/IMAGES/pitted_surface_48.jpg,200,200,3,[3],b4a8b8677ec50864ba5bd3cea1d226d1d5a70170e8199e977c10c2cc03f959ee,train,/content/steel_defect_project/dataset/split_0743b20802d2/images/train/pitted_surface_48.jpg,1
pitted_surface_49,/content/steel_defect_project/raw/NEU-DET/IMAGES/pitted_surface_49.jpg,200,200,3,[3],90068a784deac6af03e951bd170234c559dd63e35e17bd69d6d3bd19e8d2bf16,test,/content/steel_defect_project/dataset/split_0743b20802d2/images/test/pitted_surface_49.jpg,1
pitted_surface_5,/content/steel_defect_project/raw/NEU-DET/IMAGES/pitted_surface_5.jpg,200,200,3,[3],aa35f058b4ba4fb7e1a6173b6e46f10a57061472b845e05dc1e9e7a4a0ad4e73,train,/content/steel_defect_project/dataset/split_0743b20802d2/images/train/pitted_surface_5.jpg,1
pitted_surface_50,/content/steel_defect_project/raw/NEU-DET/IMAGES/pitted_surface_50.jpg,200,200,3,[3],46efb39c7cf1fea2554f313728f341c0e4c5030baf91d04bc1ecd53d70701069,train,/content/steel_defect_project/dataset/split_0743b20802d2/images/train/pitted_surface_50.jpg,2
pitted_surface_51,/content/steel_defect_project/raw/NEU-DET/IMAGES/pitted_surface_51.jpg,200,200,3,[3],3edb6823418f56f03b55827f5f657fa7ae44194faa99104749ba57c734d94024,train,/content/steel_defect_project/dataset/split_0743b20802d2/images/train/pitted_surface_51.jpg,1
pitted_surface_52,/content/steel_defect_project/raw/NEU-DET/IMAGES/pitted_surface_52.jpg,200,200,3,[3],a93c95ab915c7b17f97fbee5d9e6caf05c5ba95d103ea5253196cbfc5df3ed34,val,/content/steel_defect_project/dataset/split_0743b20802d2/images/val/pitted_surface_52.jpg,1
pitted_surface_53,/content/steel_defect_project/raw/NEU-DET/IMAGES/pitted_surface_53.jpg,200,200,3,[3],3d40c2da9b3fb3557996d3cba2f37f670b829ab63719254a9300ad2ec4da785b,train,/content/steel_defect_project/dataset/split_0743b20802d2/images/train/pitted_surface_53.jpg,1
pitted_surface_54,/content/steel_defect_project/raw/NEU-DET/IMAGES/pitted_surface_54.jpg,200,200,3,[3],05851a7f3f52dec340e6706e7c35e16fb2059af20ab48969e146b7bb4efa0623,train,/content/steel_defect_project/dataset/split_0743b20802d2/images/train/pitted_surface_54.jpg,1
pitted_surface_55,/content/steel_defect_project/raw/NEU-DET/IMAGES/pitted_surface_55.jpg,200,200,3,[3],c3dbf1b1db17a8097134ff4f640174a7e25b5a4cccd44d78087bae0aad37a5c7,test,/content/steel_defect_project/dataset/split_0743b20802d2/images/test/pitted_surface_55.jpg,2
pitted_surface_56,/content/steel_defect_project/raw/NEU-DET/IMAGES/pitted_surface_56.jpg,200,200,3,[3],333cda229ace2dea8a72c643c8fab4877333f5dab42b0fdf99ef2910546d7ee4,train,/content/steel_defect_project/dataset/split_0743b20802d2/images/train/pitted_surface_56.jpg,2
pitted_surface_57,/content/steel_defect_project/raw/NEU-DET/IMAGES/pitted_surface_57.jpg,200,200,3,[3],5f6affda540fb96403326d86c3865a113c5ba3a1b0b2d1ef47dfa1079bd38cf6,train,/content/steel_defect_project/dataset/split_0743b20802d2/images/train/pitted_surface_57.jpg,1
pitted_surface_58,/content/steel_defect_project/raw/NEU-DET/IMAGES/pitted_surface_58.jpg,200,200,3,[3],214f05a8d9cc876226dcbcebb14f44977223fec495ee85117c9cb282f1c60f76,val,/content/steel_defect_project/dataset/split_0743b20802d2/images/val/pitted_surface_58.jpg,1
pitted_surface_59,/content/steel_defect_project/raw/NEU-DET/IMAGES/pitted_surface_59.jpg,200,200,3,[3],284008de14ac849d8be1415ab5e1579ef95e92a6bfe0707346fc268f17dccf08,train,/content/steel_defect_project/dataset/split_0743b20802d2/images/train/pitted_surface_59.jpg,2
pitted_surface_6,/content/steel_defect_project/raw/NEU-DET/IMAGES/pitted_surface_6.jpg,200,200,3,[3],d13865d00968a5d59c2eb2522786c0b9a22c72c206ea4f23be6809157e7e142f,train,/content/steel_defect_project/dataset/split_0743b20802d2/images/train/pitted_surface_6.jpg,1
pitted_surface_60,/content/steel_defect_project/raw/NEU-DET/IMAGES/pitted_surface_60.jpg,200,200,3,[3],e6af1926399b3696fa4f7143a374f39bd263ab743d10be6f6fa493caed998f1b,train,/content/steel_defect_project/dataset/split_0743b20802d2/images/train/pitted_surface_60.jpg,1
pitted_surface_61,/content/steel_defect_project/raw/NEU-DET/IMAGES/pitted_surface_61.jpg,200,200,3,[3],401596c73b1c9e3b5903bf3a0c9399d58f46971de3d466a7f45da7ac378d46dd,train,/content/steel_defect_project/dataset/split_0743b20802d2/images/train/pitted_surface_61.jpg,1
pitted_surface_62,/content/steel_defect_project/raw/NEU-DET/IMAGES/pitted_surface_62.jpg,200,200,3,[3],e5d16804aeea5a026e458baa6d78eddeed7b820df77dabca27875ab532442fc7,train,/content/steel_defect_project/dataset/split_0743b20802d2/images/train/pitted_surface_62.jpg,1
pitted_surface_63,/content/steel_defect_project/raw/NEU-DET/IMAGES/pitted_surface_63.jpg,200,200,3,[3],67782385b8eaa55b38eb916b52d545a02762e2e166b4a7926f0f420a2489ea3e,train,/content/steel_defect_project/dataset/split_0743b20802d2/images/train/pitted_surface_63.jpg,1
pitted_surface_64,/content/steel_defect_project/raw/NEU-DET/IMAGES/pitted_surface_64.jpg,200,200,3,[3],ef57b45a32e7c9a4d5826b69eb0c51686773b627f03f9a855bb1196cdabc47e3,train,/content/steel_defect_project/dataset/split_0743b20802d2/images/train/pitted_surface_64.jpg,1
pitted_surface_65,/content/steel_defect_project/raw/NEU-DET/IMAGES/pitted_surface_65.jpg,200,200,3,[3],ccb0ded6da6dcfd3c45186d45080d303ec298a1f7421309a14b773ea34fb9e98,train,/content/steel_defect_project/dataset/split_0743b20802d2/images/train/pitted_surface_65.jpg,1
pitted_surface_66,/content/steel_defect_project/raw/NEU-DET/IMAGES/pitted_surface_66.jpg,200,200,3,[3],779628f6d57c288c275b9b439e13dc781a745c3141bde80bb4c7d423cf34d3e6,val,/content/steel_defect_project/dataset/split_0743b20802d2/images/val/pitted_surface_66.jpg,1
pitted_surface_67,/content/steel_defect_project/raw/NEU-DET/IMAGES/pitted_surface_67.jpg,200,200,3,[3],6291af1f6ca3cf34ce0813ed4efec62631d5a91eb6292ab04730878fd3d0a572,train,/content/steel_defect_project/dataset/split_0743b20802d2/images/train/pitted_surface_67.jpg,2
pitted_surface_68,/content/steel_defect_project/raw/NEU-DET/IMAGES/pitted_surface_68.jpg,200,200,3,[3],d17c51ff087344e21835a163f489497f0efe1b2b4eb5363de268ac4609779325,train,/content/steel_defect_project/dataset/split_0743b20802d2/images/train/pitted_surface_68.jpg,1
pitted_surface_69,/content/steel_defect_project/raw/NEU-DET/IMAGES/pitted_surface_69.jpg,200,200,3,[3],6ea4f42bda324768ec5b1022bd5a09df29d5bfc88d03e45a2bc790805fbbaa30,test,/content/steel_defect_project/dataset/split_0743b20802d2/images/test/pitted_surface_69.jpg,2
pitted_surface_7,/content/steel_defect_project/raw/NEU-DET/IMAGES/pitted_surface_7.jpg,200,200,3,[3],ff0011988d7f9e2f3223713806ccf796ced09a1c35e03701c870b4b98908c41a,test,/content/steel_defect_project/dataset/split_0743b20802d2/images/test/pitted_surface_7.jpg,2
pitted_surface_70,/content/steel_defect_project/raw/NEU-DET/IMAGES/pitted_surface_70.jpg,200,200,3,[3],80c129eea9d033f277ffdb546606bcc97475b1369ac6117046cb8181e8831767,train,/content/steel_defect_project/dataset/split_0743b20802d2/images/train/pitted_surface_70.jpg,1
pitted_surface_71,/content/steel_defect_project/raw/NEU-DET/IMAGES/pitted_surface_71.jpg,200,200,3,[3],6ae041bea3ea8bb27a7871637da8f3e7d4fc98c0d2c4f83c04313cf3df8c5592,val,/content/steel_defect_project/dataset/split_0743b20802d2/images/val/pitted_surface_71.jpg,1
pitted_surface_72,/content/steel_defect_project/raw/NEU-DET/IMAGES/pitted_surface_72.jpg,200,200,3,[3],3d6bfcba7279d999ebe8e354c1f23af137e6e04ed3353cfb289bf45d8e3f4051,train,/content/steel_defect_project/dataset/split_0743b20802d2/images/train/pitted_surface_72.jpg,1
pitted_surface_73,/content/steel_defect_project/raw/NEU-DET/IMAGES/pitted_surface_73.jpg,200,200,3,[3],8c0f694859d28138dfb8a526a7bead8e74f6f36d575ec758672c15b6d2e58d2c,val,/content/steel_defect_project/dataset/split_0743b20802d2/images/val/pitted_surface_73.jpg,2
pitted_surface_74,/content/steel_defect_project/raw/NEU-DET/IMAGES/pitted_surface_74.jpg,200,200,3,[3],5e48943bd2722e17f2c14d11f217ea155907092b2695de16c9758e9a6248253b,train,/content/steel_defect_project/dataset/split_0743b20802d2/images/train/pitted_surface_74.jpg,1
pitted_surface_75,/content/steel_defect_project/raw/NEU-DET/IMAGES/pitted_surface_75.jpg,200,200,3,[3],5d3d8b5b80b5f67bbb13cace9c05e292a44ca3c1cc8849a955a3a3c93061e57d,train,/content/steel_defect_project/dataset/split_0743b20802d2/images/train/pitted_surface_75.jpg,2
pitted_surface_76,/content/steel_defect_project/raw/NEU-DET/IMAGES/pitted_surface_76.jpg,200,200,3,[3],260e7597294da4149d34e33956d10996cb26e5beb20e77140ef88fe96d7109fa,train,/content/steel_defect_project/dataset/split_0743b20802d2/images/train/pitted_surface_76.jpg,1
pitted_surface_77,/content/steel_defect_project/raw/NEU-DET/IMAGES/pitted_surface_77.jpg,200,200,3,[3],60a2675298eee77b536c055642104448965431dda7c84383c1033484b43a15e4,val,/content/steel_defect_project/dataset/split_0743b20802d2/images/val/pitted_surface_77.jpg,1
pitted_surface_78,/content/steel_defect_project/raw/NEU-DET/IMAGES/pitted_surface_78.jpg,200,200,3,[3],325b7911eddab004edba2197655cbef2c490fec0f301cdd8fe8245014fb90acf,train,/content/steel_defect_project/dataset/split_0743b20802d2/images/train/pitted_surface_78.jpg,2
pitted_surface_79,/content/steel_defect_project/raw/NEU-DET/IMAGES/pitted_surface_79.jpg,200,200,3,[3],d36886b3d260968c73e4d5195812af389eb14edc31b4c3ea9268ef503ebe0ba5,test,/content/steel_defect_project/dataset/split_0743b20802d2/images/test/pitted_surface_79.jpg,1
pitted_surface_8,/content/steel_defect_project/raw/NEU-DET/IMAGES/pitted_surface_8.jpg,200,200,3,[3],9118e2730fa07ea25c9046f6df620a29205649b4b44f4a26a4dbf336f98ca0da,train,/content/steel_defect_project/dataset/split_0743b20802d2/images/train/pitted_surface_8.jpg,1
pitted_surface_80,/content/steel_defect_project/raw/NEU-DET/IMAGES/pitted_surface_80.jpg,200,200,3,[3],54e3f36ad2bdf16995b1f2c0d35b05f6c08fc2702a3af0fdfd662e6bf301cf58,train,/content/steel_defect_project/dataset/split_0743b20802d2/images/train/pitted_surface_80.jpg,2
pitted_surface_81,/content/steel_defect_project/raw/NEU-DET/IMAGES/pitted_surface_81.jpg,200,200,3,[3],de4d50959598dfd7f7d091d8e43dc5f0a3b08630ff6a99183aa038b7babd172d,train,/content/steel_defect_project/dataset/split_0743b20802d2/images/train/pitted_surface_81.jpg,1
pitted_surface_82,/content/steel_defect_project/raw/NEU-DET/IMAGES/pitted_surface_82.jpg,200,200,3,[3],33225bdd7e9155b22d2da4dcb75cadd70afc68f008a32da4dc7f348f84c8acff,train,/content/steel_defect_project/dataset/split_0743b20802d2/images/train/pitted_surface_82.jpg,2
pitted_surface_83,/content/steel_defect_project/raw/NEU-DET/IMAGES/pitted_surface_83.jpg,200,200,3,[3],b663dc2f6aed95d4e6096d08d6d73af37efb034cdd16870733ca877463640aec,train,/content/steel_defect_project/dataset/split_0743b20802d2/images/train/pitted_surface_83.jpg,2
pitted_surface_84,/content/steel_defect_project/raw/NEU-DET/IMAGES/pitted_surface_84.jpg,200,200,3,[3],42aee825fabd22c34a28e38c8925844ff9e2866210683a0030bd52b13371f593,train,/content/steel_defect_project/dataset/split_0743b20802d2/images/train/pitted_surface_84.jpg,1
pitted_surface_85,/content/steel_defect_project/raw/NEU-DET/IMAGES/pitted_surface_85.jpg,200,200,3,[3],ebec8dbe31206aa91ccd3f8c49b261d26ced945dc02f44c23ba4be687c024fc8,train,/content/steel_defect_project/dataset/split_0743b20802d2/images/train/pitted_surface_85.jpg,1
pitted_surface_86,/content/steel_defect_project/raw/NEU-DET/IMAGES/pitted_surface_86.jpg,200,200,3,[3],3a8830e4ed0bb1be0d60ee8955191e355339d0ae028420f6ff1a82e974d435e4,train,/content/steel_defect_project/dataset/split_0743b20802d2/images/train/pitted_surface_86.jpg,1
pitted_surface_87,/content/steel_defect_project/raw/NEU-DET/IMAGES/pitted_surface_87.jpg,200,200,3,[3],052daa15248766b1849fef9abf127e3a649a872af4b63e53512e9fab750be931,train,/content/steel_defect_project/dataset/split_0743b20802d2/images/train/pitted_surface_87.jpg,2
pitted_surface_88,/content/steel_defect_project/raw/NEU-DET/IMAGES/pitted_surface_88.jpg,200,200,3,[3],4722f64b1e06ddc7108885087e038808841fb73fbb0e9d74fb6c5ffc6ba7ed1e,val,/content/steel_defect_project/dataset/split_0743b20802d2/images/val/pitted_surface_88.jpg,1
pitted_surface_89,/content/steel_defect_project/raw/NEU-DET/IMAGES/pitted_surface_89.jpg,200,200,3,[3],952551125ce1931dba19a2e3fc28ebca08ac96ac05830406a7818ccfbc3de0ac,train,/content/steel_defect_project/dataset/split_0743b20802d2/images/train/pitted_surface_89.jpg,1
pitted_surface_9,/content/steel_defect_project/raw/NEU-DET/IMAGES/pitted_surface_9.jpg,200,200,3,[3],67a57f198827ebaa64879c76f27b8f2d39066bce1f5bf8fdd0111bda54ee0b7d,train,/content/steel_defect_project/dataset/split_0743b20802d2/images/train/pitted_surface_9.jpg,1
pitted_surface_90,/content/steel_defect_project/raw/NEU-DET/IMAGES/pitted_surface_90.jpg,200,200,3,[3],c4bbc34205bd2d33b165ef34c61a1b0a225ab917843ce1588ff1ac124d1f4037,val,/content/steel_defect_project/dataset/split_0743b20802d2/images/val/pitted_surface_90.jpg,1
pitted_surface_91,/content/steel_defect_project/raw/NEU-DET/IMAGES/pitted_surface_91.jpg,200,200,3,[3],f5d5c27f61ed08bf52a2ee99c2bb63c0cdb00fdf4a8b760e2f637626fdfefb1f,val,/content/steel_defect_project/dataset/split_0743b20802d2/images/val/pitted_surface_91.jpg,1
pitted_surface_92,/content/steel_defect_project/raw/NEU-DET/IMAGES/pitted_surface_92.jpg,200,200,3,[3],cb48dbe0e908e278b2e65cd8b04936986a6812444d94534362d944c0bfd857e6,train,/content/steel_defect_project/dataset/split_0743b20802d2/images/train/pitted_surface_92.jpg,1
pitted_surface_93,/content/steel_defect_project/raw/NEU-DET/IMAGES/pitted_surface_93.jpg,200,200,3,[3],785d1977ef2e0e6e7a7cc0f6c44501682152b3ade75a9f9a85c039eb72ef6888,train,/content/steel_defect_project/dataset/split_0743b20802d2/images/train/pitted_surface_93.jpg,2
pitted_surface_94,/content/steel_defect_project/raw/NEU-DET/IMAGES/pitted_surface_94.jpg,200,200,3,[3],dc1115bb0e1d01544956534fb6d81d0f3b250fd6fab738e67f40c050f8072090,train,/content/steel_defect_project/dataset/split_0743b20802d2/images/train/pitted_surface_94.jpg,1
pitted_surface_95,/content/steel_defect_project/raw/NEU-DET/IMAGES/pitted_surface_95.jpg,200,200,3,[3],761e57e20df3ddb524d6f5c849ae4e00ccc7083530ebb247a81d602075e9c27e,train,/content/steel_defect_project/dataset/split_0743b20802d2/images/train/pitted_surface_95.jpg,1
pitted_surface_96,/content/steel_defect_project/raw/NEU-DET/IMAGES/pitted_surface_96.jpg,200,200,3,[3],4e207bedb4547cc6968e587ec96d834efc9251c8d636741a89ef892794cbb431,train,/content/steel_defect_project/dataset/split_0743b20802d2/images/train/pitted_surface_96.jpg,1
pitted_surface_97,/content/steel_defect_project/raw/NEU-DET/IMAGES/pitted_surface_97.jpg,200,200,3,[3],1062648084ef342630eb836a694e23613b5089ddc430d62ef02d082692dfc2a9,train,/content/steel_defect_project/dataset/split_0743b20802d2/images/train/pitted_surface_97.jpg,1
pitted_surface_98,/content/steel_defect_project/raw/NEU-DET/IMAGES/pitted_surface_98.jpg,200,200,3,[3],5d4aa8af4e3e7412a26987e5d7c13b062f68215d45ad9c72c6f9dda1178605a5,train,/content/steel_defect_project/dataset/split_0743b20802d2/images/train/pitted_surface_98.jpg,1
pitted_surface_99,/content/steel_defect_project/raw/NEU-DET/IMAGES/pitted_surface_99.jpg,200,200,3,[3],4ead5c4552a2f4ac181f825e2ecf6504245c6bfaf7d95c3ea7ccfa8e0cb6807d,train,/content/steel_defect_project/dataset/split_0743b20802d2/images/train/pitted_surface_99.jpg,1
rolled-in_scale_1,/content/steel_defect_project/raw/NEU-DET/IMAGES/rolled-in_scale_1.jpg,200,200,4,[4],4825fe256940a0047caccde4e413e0c240b2d6afcca430baaf9d091053c05143,train,/content/steel_defect_project/dataset/split_0743b20802d2/images/train/rolled-in_scale_1.jpg,2
rolled-in_scale_10,/content/steel_defect_project/raw/NEU-DET/IMAGES/rolled-in_scale_10.jpg,200,200,4,[4],f1d8f9d4b41218255827f3aee2fe7cfa707e4a2527ddf727fef88bd68754a116,train,/content/steel_defect_project/dataset/split_0743b20802d2/images/train/rolled-in_scale_10.jpg,2
rolled-in_scale_100,/content/steel_defect_project/raw/NEU-DET/IMAGES/rolled-in_scale_100.jpg,200,200,4,[4],6ead8591c0baf3b99deaab25663edcfd97069b30dfde68b0e1482d7a2d341f3b,train,/content/steel_defect_project/dataset/split_0743b20802d2/images/train/rolled-in_scale_100.jpg,4
rolled-in_scale_101,/content/steel_defect_project/raw/NEU-DET/IMAGES/rolled-in_scale_101.jpg,200,200,4,[4],b996aa3485a7cab6c5509ab6691ae403ce7765012758295922ce5e12dde30b6c,train,/content/steel_defect_project/dataset/split_0743b20802d2/images/train/rolled-in_scale_101.jpg,3
rolled-in_scale_102,/content/steel_defect_project/raw/NEU-DET/IMAGES/rolled-in_scale_102.jpg,200,200,4,[4],ec6f3b3d84a577280b4a6a8c3533d0043f647ee47352cfb58bca02580eb6856f,test,/content/steel_defect_project/dataset/split_0743b20802d2/images/test/rolled-in_scale_102.jpg,4
rolled-in_scale_103,/content/steel_defect_project/raw/NEU-DET/IMAGES/rolled-in_scale_103.jpg,200,200,4,[4],75c1bd9945459d33b2a529e06d8076177f96c24f6f9f63c2b1b3609d0d290708,train,/content/steel_defect_project/dataset/split_0743b20802d2/images/train/rolled-in_scale_103.jpg,2
rolled-in_scale_104,/content/steel_defect_project/raw/NEU-DET/IMAGES/rolled-in_scale_104.jpg,200,200,4,[4],e0821e31e8fe821321c17ba202e2b80fbbeb0773e2d9710f13b927adb6d4bf41,train,/content/steel_defect_project/dataset/split_0743b20802d2/images/train/rolled-in_scale_104.jpg,2
rolled-in_scale_105,/content/steel_defect_project/raw/NEU-DET/IMAGES/rolled-in_scale_105.jpg,200,200,4,[4],51563f4a1c7b5b069c68bb11ee45709a33c52584c781d811bb9cba2437fbdb85,train,/content/steel_defect_project/dataset/split_0743b20802d2/images/train/rolled-in_scale_105.jpg,2
rolled-in_scale_106,/content/steel_defect_project/raw/NEU-DET/IMAGES/rolled-in_scale_106.jpg,200,200,4,[4],59001563f9ec3350c81e27029377ed38fe01eee3ba4b039b12769274c6f1bd81,val,/content/steel_defect_project/dataset/split_0743b20802d2/images/val/rolled-in_scale_106.jpg,2
rolled-in_scale_107,/content/steel_defect_project/raw/NEU-DET/IMAGES/rolled-in_scale_107.jpg,200,200,4,[4],a310fcd0736408a51f8125376b80a16818571e89a08414524e42d313e29c98ab,train,/content/steel_defect_project/dataset/split_0743b20802d2/images/train/rolled-in_scale_107.jpg,2
rolled-in_scale_108,/content/steel_defect_project/raw/NEU-DET/IMAGES/rolled-in_scale_108.jpg,200,200,4,[4],27f33ae159804738d7fff940731a89c214eee7eb30c6d73270e3ed3aae61b9ba,val,/content/steel_defect_project/dataset/split_0743b20802d2/images/val/rolled-in_scale_108.jpg,2
rolled-in_scale_109,/content/steel_defect_project/raw/NEU-DET/IMAGES/rolled-in_scale_109.jpg,200,200,4,[4],e4761da58e4bb09734640330684382cff257c134012e073c95110a1f122a33da,test,/content/steel_defect_project/dataset/split_0743b20802d2/images/test/rolled-in_scale_109.jpg,2
rolled-in_scale_11,/content/steel_defect_project/raw/NEU-DET/IMAGES/rolled-in_scale_11.jpg,200,200,4,[4],7002345ced7d0aa226a6752d67f9613dc84214097dbb45d6e335c0c06088b999,train,/content/steel_defect_project/dataset/split_0743b20802d2/images/train/rolled-in_scale_11.jpg,1
rolled-in_scale_110,/content/steel_defect_project/raw/NEU-DET/IMAGES/rolled-in_scale_110.jpg,200,200,4,[4],8edb58602976397f351e2ac6117f65e7df9bf1c5b91052db77d548b89d3903e4,train,/content/steel_defect_project/dataset/split_0743b20802d2/images/train/rolled-in_scale_110.jpg,2
rolled-in_scale_111,/content/steel_defect_project/raw/NEU-DET/IMAGES/rolled-in_scale_111.jpg,200,200,4,[4],af279a001e075701ac1643332dde7cf07959092e385391efa383720b2ff894c6,train,/content/steel_defect_project/dataset/split_0743b20802d2/images/train/rolled-in_scale_111.jpg,1
rolled-in_scale_112,/content/steel_defect_project/raw/NEU-DET/IMAGES/rolled-in_scale_112.jpg,200,200,4,[4],070f3acdb35b725cb2feeeb5b2519db1e26c2195f477338654c2cf0aac1780ea,train,/content/steel_defect_project/dataset/split_0743b20802d2/images/train/rolled-in_scale_112.jpg,1
rolled-in_scale_113,/content/steel_defect_project/raw/NEU-DET/IMAGES/rolled-in_scale_113.jpg,200,200,4,[4],08ff97bd9b956f80d8b4cd30437ca53995c0c951af7d173c169f1f54a05189da,train,/content/steel_defect_project/dataset/split_0743b20802d2/images/train/rolled-in_scale_113.jpg,3
rolled-in_scale_114,/content/steel_defect_project/raw/NEU-DET/IMAGES/rolled-in_scale_114.jpg,200,200,4,[4],2b779bfef895e135816afa2348252084507ef866bfb1272cecdaca959a96a1cf,train,/content/steel_defect_project/dataset/split_0743b20802d2/images/train/rolled-in_scale_114.jpg,2
rolled-in_scale_115,/content/steel_defect_project/raw/NEU-DET/IMAGES/rolled-in_scale_115.jpg,200,200,4,[4],25184e1df984d8f939ea36e470fec4854ac42d3536a8c0b7e3d459d2f9e51ff3,train,/content/steel_defect_project/dataset/split_0743b20802d2/images/train/rolled-in_scale_115.jpg,4
rolled-in_scale_116,/content/steel_defect_project/raw/NEU-DET/IMAGES/rolled-in_scale_116.jpg,200,200,4,[4],db9c339e5617d1c3be33832cd1732b565cc7bdb9474dec057e36c10c7a58b83c,train,/content/steel_defect_project/dataset/split_0743b20802d2/images/train/rolled-in_scale_116.jpg,1
rolled-in_scale_117,/content/steel_defect_project/raw/NEU-DET/IMAGES/rolled-in_scale_117.jpg,200,200,4,[4],522e1fea6414513da1d192257aff0ce32b9bd9a63e9098447fc9278553c24b1d,train,/content/steel_defect_project/dataset/split_0743b20802d2/images/train/rolled-in_scale_117.jpg,1
rolled-in_scale_118,/content/steel_defect_project/raw/NEU-DET/IMAGES/rolled-in_scale_118.jpg,200,200,4,[4],745c76934a7680b6130382e1dc47a124b21b5f381c4f5618d529eb5145e10bb2,train,/content/steel_defect_project/dataset/split_0743b20802d2/images/train/rolled-in_scale_118.jpg,3
rolled-in_scale_119,/content/steel_defect_project/raw/NEU-DET/IMAGES/rolled-in_scale_119.jpg,200,200,4,[4],0fb498a681726241b4669aee78e575a4c8db4f7d969a91a23e5ea79b710b7204,train,/content/steel_defect_project/dataset/split_0743b20802d2/images/train/rolled-in_scale_119.jpg,2
rolled-in_scale_12,/content/steel_defect_project/raw/NEU-DET/IMAGES/rolled-in_scale_12.jpg,200,200,4,[4],e95f7d4f1879ee8768df3dfbe2769b55a6696b0ab47c934062a51960b1c217cf,val,/content/steel_defect_project/dataset/split_0743b20802d2/images/val/rolled-in_scale_12.jpg,2
rolled-in_scale_120,/content/steel_defect_project/raw/NEU-DET/IMAGES/rolled-in_scale_120.jpg,200,200,4,[4],1676229000c31640c145d6699b1baea48a4b5d848e1b45eb8ea2910b23e6cd18,val,/content/steel_defect_project/dataset/split_0743b20802d2/images/val/rolled-in_scale_120.jpg,1
rolled-in_scale_121,/content/steel_defect_project/raw/NEU-DET/IMAGES/rolled-in_scale_121.jpg,200,200,4,[4],ea30b8eda493b8da9555883f17406686bdcca7512eb27eb0ef068a9ad6a9dff4,test,/content/steel_defect_project/dataset/split_0743b20802d2/images/test/rolled-in_scale_121.jpg,1
rolled-in_scale_122,/content/steel_defect_project/raw/NEU-DET/IMAGES/rolled-in_scale_122.jpg,200,200,4,[4],18c812862f2f4dc015ff0b85c45e5fc0ea7656670897c264af548206f54f15f7,train,/content/steel_defect_project/dataset/split_0743b20802d2/images/train/rolled-in_scale_122.jpg,2
rolled-in_scale_123,/content/steel_defect_project/raw/NEU-DET/IMAGES/rolled-in_scale_123.jpg,200,200,4,[4],9f506a152d2646dafb6ad3a5bd8b7997cb2246347c816e96a2db5741053288a4,train,/content/steel_defect_project/dataset/split_0743b20802d2/images/train/rolled-in_scale_123.jpg,4
rolled-in_scale_124,/content/steel_defect_project/raw/NEU-DET/IMAGES/rolled-in_scale_124.jpg,200,200,4,[4],f1cd6c560d93350722141538e6a7936f09e23f6684ac77658513c56d08a443c4,train,/content/steel_defect_project/dataset/split_0743b20802d2/images/train/rolled-in_scale_124.jpg,2
rolled-in_scale_125,/content/steel_defect_project/raw/NEU-DET/IMAGES/rolled-in_scale_125.jpg,200,200,4,[4],b96f41b9cb837528ca4b42af9bdb44f357ffab9888d0c0808663cd5fb664eddd,train,/content/steel_defect_project/dataset/split_0743b20802d2/images/train/rolled-in_scale_125.jpg,3
rolled-in_scale_126,/content/steel_defect_project/raw/NEU-DET/IMAGES/rolled-in_scale_126.jpg,200,200,4,[4],3e0d728f22464c360d70f46da5201a3867b5618a9c52adabf892ad8f2acb9c5f,train,/content/steel_defect_project/dataset/split_0743b20802d2/images/train/rolled-in_scale_126.jpg,4
rolled-in_scale_127,/content/steel_defect_project/raw/NEU-DET/IMAGES/rolled-in_scale_127.jpg,200,200,4,[4],ae76dfb9e28de10ade1c88ef8f17ead884d749b44868da7c2976e5b5180105b2,train,/content/steel_defect_project/dataset/split_0743b20802d2/images/train/rolled-in_scale_127.jpg,1
rolled-in_scale_128,/content/steel_defect_project/raw/NEU-DET/IMAGES/rolled-in_scale_128.jpg,200,200,4,[4],2548534fc22c82b582cc9bd8e701f93dbb4282768b4fc1320b535f2888b1e4be,train,/content/steel_defect_project/dataset/split_0743b20802d2/images/train/rolled-in_scale_128.jpg,1
rolled-in_scale_129,/content/steel_defect_project/raw/NEU-DET/IMAGES/rolled-in_scale_129.jpg,200,200,4,[4],9f43106e7463c220337ebf50a992967dabf8db190461aea639b682e180034fd2,val,/content/steel_defect_project/dataset/split_0743b20802d2/images/val/rolled-in_scale_129.jpg,1
rolled-in_scale_13,/content/steel_defect_project/raw/NEU-DET/IMAGES/rolled-in_scale_13.jpg,200,200,4,[4],9e4188fbd7cbe5031f2a5f38994edd9c2bab612d62b0cfb763e95d98a1aa8b10,train,/content/steel_defect_project/dataset/split_0743b20802d2/images/train/rolled-in_scale_13.jpg,2
rolled-in_scale_130,/content/steel_defect_project/raw/NEU-DET/IMAGES/rolled-in_scale_130.jpg,200,200,4,[4],3983af419f8ecfcb41e912796bae1f243f7da482f9deac750001d49257bb9778,val,/content/steel_defect_project/dataset/split_0743b20802d2/images/val/rolled-in_scale_130.jpg,2
rolled-in_scale_131,/content/steel_defect_project/raw/NEU-DET/IMAGES/rolled-in_scale_131.jpg,200,200,4,[4],e4535e625289c378ba8acdfcabaaab3ec3fc12ea409de307d38aa7dfdac92573,train,/content/steel_defect_project/dataset/split_0743b20802d2/images/train/rolled-in_scale_131.jpg,3
rolled-in_scale_132,/content/steel_defect_project/raw/NEU-DET/IMAGES/rolled-in_scale_132.jpg,200,200,4,[4],3caae566d6bffc2eb4bed210f089e94b39ec200c266e1a117fe07fc97c652f5f,test,/content/steel_defect_project/dataset/split_0743b20802d2/images/test/rolled-in_scale_132.jpg,1
rolled-in_scale_133,/content/steel_defect_project/raw/NEU-DET/IMAGES/rolled-in_scale_133.jpg,200,200,4,[4],ac771ecb58184c58c828985c2911e6bf6dd02d9d17873f0cac959e017381a20d,train,/content/steel_defect_project/dataset/split_0743b20802d2/images/train/rolled-in_scale_133.jpg,2
rolled-in_scale_134,/content/steel_defect_project/raw/NEU-DET/IMAGES/rolled-in_scale_134.jpg,200,200,4,[4],a37f7a05b7dbe37102f579473c5132e8b915ad3c4cfbb2f4fa6404111922219d,train,/content/steel_defect_project/dataset/split_0743b20802d2/images/train/rolled-in_scale_134.jpg,3
rolled-in_scale_135,/content/steel_defect_project/raw/NEU-DET/IMAGES/rolled-in_scale_135.jpg,200,200,4,[4],092dcd02e0a8d444ccd4fa5dfeab05845b3d883d7fee2370c2287cbabe8d1e4f,test,/content/steel_defect_project/dataset/split_0743b20802d2/images/test/rolled-in_scale_135.jpg,2
rolled-in_scale_136,/content/steel_defect_project/raw/NEU-DET/IMAGES/rolled-in_scale_136.jpg,200,200,4,[4],c10786202b5b9fc79f3bc3661061e511402a73a521ab61a1a9ab9e86f513c0b8,train,/content/steel_defect_project/dataset/split_0743b20802d2/images/train/rolled-in_scale_136.jpg,2
rolled-in_scale_137,/content/steel_defect_project/raw/NEU-DET/IMAGES/rolled-in_scale_137.jpg,200,200,4,[4],5c36cee9570151549a8e0024db1646bf53ce4b423142e02405d09ad43b4196ff,val,/content/steel_defect_project/dataset/split_0743b20802d2/images/val/rolled-in_scale_137.jpg,2
rolled-in_scale_138,/content/steel_defect_project/raw/NEU-DET/IMAGES/rolled-in_scale_138.jpg,200,200,4,[4],f14575655aad6a51dddc28b391fc98a2de0868094d15fa1004a179123f9a89f4,train,/content/steel_defect_project/dataset/split_0743b20802d2/images/train/rolled-in_scale_138.jpg,1
rolled-in_scale_139,/content/steel_defect_project/raw/NEU-DET/IMAGES/rolled-in_scale_139.jpg,200,200,4,[4],cc1cdd4b63740f878ff229db692c6b9e4255cf53d399733c593e95e4723af473,val,/content/steel_defect_project/dataset/split_0743b20802d2/images/val/rolled-in_scale_139.jpg,2
rolled-in_scale_14,/content/steel_defect_project/raw/NEU-DET/IMAGES/rolled-in_scale_14.jpg,200,200,4,[4],64846647770460060b9814c6a84ffee21bf7a2f3ecca9d860bdc3d92b1278e5f,train,/content/steel_defect_project/dataset/split_0743b20802d2/images/train/rolled-in_scale_14.jpg,1
rolled-in_scale_140,/content/steel_defect_project/raw/NEU-DET/IMAGES/rolled-in_scale_140.jpg,200,200,4,[4],2029763ecad2a4c22df461721e7637f427ab41b86b385110dc06db9c45157a58,train,/content/steel_defect_project/dataset/split_0743b20802d2/images/train/rolled-in_scale_140.jpg,2
rolled-in_scale_141,/content/steel_defect_project/raw/NEU-DET/IMAGES/rolled-in_scale_141.jpg,200,200,4,[4],4b2057adc7ca62b6442241cf0a26a4110fa59df6d44989deea9ec32e8457d7ce,train,/content/steel_defect_project/dataset/split_0743b20802d2/images/train/rolled-in_scale_141.jpg,2
rolled-in_scale_142,/content/steel_defect_project/raw/NEU-DET/IMAGES/rolled-in_scale_142.jpg,200,200,4,[4],335ac9c2951672ba75958ff877338cbc9f36cc3b30bcd4fa6b8aa67185fc76f2,train,/content/steel_defect_project/dataset/split_0743b20802d2/images/train/rolled-in_scale_142.jpg,1
rolled-in_scale_143,/content/steel_defect_project/raw/NEU-DET/IMAGES/rolled-in_scale_143.jpg,200,200,4,[4],4ee31eb4fe186a3adb695885b2312643a9eb3f8a8791a1f7cabe00d1eba821a3,train,/content/steel_defect_project/dataset/split_0743b20802d2/images/train/rolled-in_scale_143.jpg,2
rolled-in_scale_144,/content/steel_defect_project/raw/NEU-DET/IMAGES/rolled-in_scale_144.jpg,200,200,4,[4],08d4f67e99db2fcbc95ae9d896090459e140b5b2175073db26e491969961454c,train,/content/steel_defect_project/dataset/split_0743b20802d2/images/train/rolled-in_scale_144.jpg,3
rolled-in_scale_145,/content/steel_defect_project/raw/NEU-DET/IMAGES/rolled-in_scale_145.jpg,200,200,4,[4],416ad3abe12f50c798594cef2e1771e64c0bdc7706c9bc61aa1ed1ce0f6257b7,val,/content/steel_defect_project/dataset/split_0743b20802d2/images/val/rolled-in_scale_145.jpg,2
rolled-in_scale_146,/content/steel_defect_project/raw/NEU-DET/IMAGES/rolled-in_scale_146.jpg,200,200,4,[4],0b1c9b4d7c62d3551f0efbf51014dc4db85363ec1b011865d3a6ab7bda7f49ff,train,/content/steel_defect_project/dataset/split_0743b20802d2/images/train/rolled-in_scale_146.jpg,2
rolled-in_scale_147,/content/steel_defect_project/raw/NEU-DET/IMAGES/rolled-in_scale_147.jpg,200,200,4,[4],666980559c3ed2f41ae221059116cf54dbc84124b947ba609e006ed826d905fe,train,/content/steel_defect_project/dataset/split_0743b20802d2/images/train/rolled-in_scale_147.jpg,2
rolled-in_scale_148,/content/steel_defect_project/raw/NEU-DET/IMAGES/rolled-in_scale_148.jpg,200,200,4,[4],e10799c1a90cdefc098a144c4aba6fb6ab5573d0a109398ba1a340dc3303873b,test,/content/steel_defect_project/dataset/split_0743b20802d2/images/test/rolled-in_scale_148.jpg,2
rolled-in_scale_149,/content/steel_defect_project/raw/NEU-DET/IMAGES/rolled-in_scale_149.jpg,200,200,4,[4],847cdcaab82b07cbe0e89e23177dfed33f4b4516b2721398e0634e0ce26ff97e,train,/content/steel_defect_project/dataset/split_0743b20802d2/images/train/rolled-in_scale_149.jpg,3
rolled-in_scale_15,/content/steel_defect_project/raw/NEU-DET/IMAGES/rolled-in_scale_15.jpg,200,200,4,[4],db30308aa5f439277715fea655f3d6c704d14eb69b31998b79bc8be2e8877db4,train,/content/steel_defect_project/dataset/split_0743b20802d2/images/train/rolled-in_scale_15.jpg,1
rolled-in_scale_150,/content/steel_defect_project/raw/NEU-DET/IMAGES/rolled-in_scale_150.jpg,200,200,4,[4],466fd4f1c90ec3f070184ef6bcda45778ebabfb1e3ea8216a5c2d4b54d3634b1,train,/content/steel_defect_project/dataset/split_0743b20802d2/images/train/rolled-in_scale_150.jpg,2
rolled-in_scale_151,/content/steel_defect_project/raw/NEU-DET/IMAGES/rolled-in_scale_151.jpg,200,200,4,[4],e8c148203ceca51e60a8e9f682dace938b5fecd21c169388ff595cf7f890ac8a,train,/content/steel_defect_project/dataset/split_0743b20802d2/images/train/rolled-in_scale_151.jpg,2
rolled-in_scale_152,/content/steel_defect_project/raw/NEU-DET/IMAGES/rolled-in_scale_152.jpg,200,200,4,[4],9475b608f64c43dcb6c5224155fbb018bcb9c014ef68d2c5a50c9a66da8d89e2,train,/content/steel_defect_project/dataset/split_0743b20802d2/images/train/rolled-in_scale_152.jpg,2
rolled-in_scale_153,/content/steel_defect_project/raw/NEU-DET/IMAGES/rolled-in_scale_153.jpg,200,200,4,[4],b26e08a0a6c94c3207a980fcb3565a165ab180c4263e951d92d118dc6b4ed80b,train,/content/steel_defect_project/dataset/split_0743b20802d2/images/train/rolled-in_scale_153.jpg,2
rolled-in_scale_154,/content/steel_defect_project/raw/NEU-DET/IMAGES/rolled-in_scale_154.jpg,200,200,4,[4],803634b7b1a41c6bf6a4f6c9c65eafa663f1f8a5353584912ed887895128da7a,train,/content/steel_defect_project/dataset/split_0743b20802d2/images/train/rolled-in_scale_154.jpg,1
rolled-in_scale_155,/content/steel_defect_project/raw/NEU-DET/IMAGES/rolled-in_scale_155.jpg,200,200,4,[4],598c8f1ed8c5f85553f51d92f8ed27ed4d4832dde30bb4fe5f1434bb1bb2ea69,train,/content/steel_defect_project/dataset/split_0743b20802d2/images/train/rolled-in_scale_155.jpg,1
rolled-in_scale_156,/content/steel_defect_project/raw/NEU-DET/IMAGES/rolled-in_scale_156.jpg,200,200,4,[4],6219edf9bbb8174316075084a9eabff2f3115f06db1781f3930c9a5ed34fe851,train,/content/steel_defect_project/dataset/split_0743b20802d2/images/train/rolled-in_scale_156.jpg,2
rolled-in_scale_157,/content/steel_defect_project/raw/NEU-DET/IMAGES/rolled-in_scale_157.jpg,200,200,4,[4],a4a8de60b8a915e17e4e2918691d84f268f70166967df1def5ab88215b9922a8,val,/content/steel_defect_project/dataset/split_0743b20802d2/images/val/rolled-in_scale_157.jpg,2
rolled-in_scale_158,/content/steel_defect_project/raw/NEU-DET/IMAGES/rolled-in_scale_158.jpg,200,200,4,[4],0abb0004366cc439bb7b12feb6ac8a0e833835bedc50d92870b2e15c4b28b024,val,/content/steel_defect_project/dataset/split_0743b20802d2/images/val/rolled-in_scale_158.jpg,1
rolled-in_scale_159,/content/steel_defect_project/raw/NEU-DET/IMAGES/rolled-in_scale_159.jpg,200,200,4,[4],64ef91acfbc7bc0ac32f015b2953ece8475c23b48b900a53276394a0b7279ec2,train,/content/steel_defect_project/dataset/split_0743b20802d2/images/train/rolled-in_scale_159.jpg,1
rolled-in_scale_16,/content/steel_defect_project/raw/NEU-DET/IMAGES/rolled-in_scale_16.jpg,200,200,4,[4],3288aac95ad96704a2ab842f6d3f93e9f7d407d122536636c9488b2b738b19ed,train,/content/steel_defect_project/dataset/split_0743b20802d2/images/train/rolled-in_scale_16.jpg,2
rolled-in_scale_160,/content/steel_defect_project/raw/NEU-DET/IMAGES/rolled-in_scale_160.jpg,200,200,4,[4],f8b83b6e2ac9bd9bd9aef962bb17cd39edcabbe031ef82ccfa79dcc8edf77de0,train,/content/steel_defect_project/dataset/split_0743b20802d2/images/train/rolled-in_scale_160.jpg,3
rolled-in_scale_161,/content/steel_defect_project/raw/NEU-DET/IMAGES/rolled-in_scale_161.jpg,200,200,4,[4],10fef531b16c0e666ae3edb7c43d73f80f366bce8ed305ced12810ce766bae98,val,/content/steel_defect_project/dataset/split_0743b20802d2/images/val/rolled-in_scale_161.jpg,2
rolled-in_scale_162,/content/steel_defect_project/raw/NEU-DET/IMAGES/rolled-in_scale_162.jpg,200,200,4,[4],d3fc57b08a3550f9e70d74d9b6e8253883ba4f4d0787a06b673059f5581c8abf,train,/content/steel_defect_project/dataset/split_0743b20802d2/images/train/rolled-in_scale_162.jpg,2
rolled-in_scale_163,/content/steel_defect_project/raw/NEU-DET/IMAGES/rolled-in_scale_163.jpg,200,200,4,[4],8f524d40510f08cdd71dc4dea56f02aa793931feed7906e3bf51371f884d2d82,train,/content/steel_defect_project/dataset/split_0743b20802d2/images/train/rolled-in_scale_163.jpg,2
rolled-in_scale_164,/content/steel_defect_project/raw/NEU-DET/IMAGES/rolled-in_scale_164.jpg,200,200,4,[4],1fe16fde7141ec59576912b22645380423f88413fe329daa2c41e65066ac93c9,train,/content/steel_defect_project/dataset/split_0743b20802d2/images/train/rolled-in_scale_164.jpg,1
rolled-in_scale_165,/content/steel_defect_project/raw/NEU-DET/IMAGES/rolled-in_scale_165.jpg,200,200,4,[4],7257c134564c742a9851ddddd825114516d4d148f53199d213279c6f574720d9,test,/content/steel_defect_project/dataset/split_0743b20802d2/images/test/rolled-in_scale_165.jpg,2
rolled-in_scale_166,/content/steel_defect_project/raw/NEU-DET/IMAGES/rolled-in_scale_166.jpg,200,200,4,[4],e1cf6219e7315380c6697cc44f0a68f1fa0d9ec02d5d2677e8b9834ae6d8b9e0,train,/content/steel_defect_project/dataset/split_0743b20802d2/images/train/rolled-in_scale_166.jpg,2
rolled-in_scale_167,/content/steel_defect_project/raw/NEU-DET/IMAGES/rolled-in_scale_167.jpg,200,200,4,[4],c0fc7b17bcb3438c2dfc2eb113c173b7c1b4e05b2d541a2815d318c1cf7c3b51,val,/content/steel_defect_project/dataset/split_0743b20802d2/images/val/rolled-in_scale_167.jpg,2
rolled-in_scale_168,/content/steel_defect_project/raw/NEU-DET/IMAGES/rolled-in_scale_168.jpg,200,200,4,[4],66af29a7dc9dd0c5afbff69445c1fe45b20f9cecde0a0923d0c36157104b3ee7,train,/content/steel_defect_project/dataset/split_0743b20802d2/images/train/rolled-in_scale_168.jpg,2
rolled-in_scale_169,/content/steel_defect_project/raw/NEU-DET/IMAGES/rolled-in_scale_169.jpg,200,200,4,[4],047d5f7cd2b3eed95ddb9ab1fc4c938c260fd1599f7de721415aba4a6ae30aed,train,/content/steel_defect_project/dataset/split_0743b20802d2/images/train/rolled-in_scale_169.jpg,2
rolled-in_scale_17,/content/steel_defect_project/raw/NEU-DET/IMAGES/rolled-in_scale_17.jpg,200,200,4,[4],cb702211687b98df085147b0289e5a43593dd0411782e99a636153a0656ed453,train,/content/steel_defect_project/dataset/split_0743b20802d2/images/train/rolled-in_scale_17.jpg,1
rolled-in_scale_170,/content/steel_defect_project/raw/NEU-DET/IMAGES/rolled-in_scale_170.jpg,200,200,4,[4],65037711f96c32a9df6cddcf52e0f0be1950b036a926e3266e973af9a008d548,val,/content/steel_defect_project/dataset/split_0743b20802d2/images/val/rolled-in_scale_170.jpg,2
rolled-in_scale_171,/content/steel_defect_project/raw/NEU-DET/IMAGES/rolled-in_scale_171.jpg,200,200,4,[4],25b3c590f086674db6dabc50df31aa5e29db862795fd1dabaeffaa6946b154ba,test,/content/steel_defect_project/dataset/split_0743b20802d2/images/test/rolled-in_scale_171.jpg,2
rolled-in_scale_172,/content/steel_defect_project/raw/NEU-DET/IMAGES/rolled-in_scale_172.jpg,200,200,4,[4],1a5c56fe3b14b0accf5826ca9d8755f1c30f6f12012933e3a00700778cb97517,train,/content/steel_defect_project/dataset/split_0743b20802d2/images/train/rolled-in_scale_172.jpg,2
rolled-in_scale_173,/content/steel_defect_project/raw/NEU-DET/IMAGES/rolled-in_scale_173.jpg,200,200,4,[4],4cfe2a7af1baeef15434903186c6f05759384917a1a8a55f71f271301c483e3e,train,/content/steel_defect_project/dataset/split_0743b20802d2/images/train/rolled-in_scale_173.jpg,2
rolled-in_scale_174,/content/steel_defect_project/raw/NEU-DET/IMAGES/rolled-in_scale_174.jpg,200,200,4,[4],5b38ebc356734a312203b772da61b6963caab0b3e83b542c7aaf2026e8424ef8,val,/content/steel_defect_project/dataset/split_0743b20802d2/images/val/rolled-in_scale_174.jpg,1
rolled-in_scale_175,/content/steel_defect_project/raw/NEU-DET/IMAGES/rolled-in_scale_175.jpg,200,200,4,[4],b0f8440e7b096aa61226b6aca9af087bab5562f88a958c61bcdf3b1220f57c33,train,/content/steel_defect_project/dataset/split_0743b20802d2/images/train/rolled-in_scale_175.jpg,1
rolled-in_scale_176,/content/steel_defect_project/raw/NEU-DET/IMAGES/rolled-in_scale_176.jpg,200,200,4,[4],e8ce5e99025365f21cd3df9e775348cc581353e1b0ad64809105a8e8710a7a49,train,/content/steel_defect_project/dataset/split_0743b20802d2/images/train/rolled-in_scale_176.jpg,2
rolled-in_scale_177,/content/steel_defect_project/raw/NEU-DET/IMAGES/rolled-in_scale_177.jpg,200,200,4,[4],e992b705f510a82dbf2c6ea7694648c2ae65348390a35ccc5c6d592d46d94dc6,train,/content/steel_defect_project/dataset/split_0743b20802d2/images/train/rolled-in_scale_177.jpg,3
rolled-in_scale_178,/content/steel_defect_project/raw/NEU-DET/IMAGES/rolled-in_scale_178.jpg,200,200,4,[4],9ef197f9f76eec8f6883bf20c87569f0fb1d8534ff368cce2ae1bcb6ac2a94ff,test,/content/steel_defect_project/dataset/split_0743b20802d2/images/test/rolled-in_scale_178.jpg,3
rolled-in_scale_179,/content/steel_defect_project/raw/NEU-DET/IMAGES/rolled-in_scale_179.jpg,200,200,4,[4],f72403d6ed5ea36f2552a6ee0adfc8d9289a81746679de6ee536f0fb0046f778,train,/content/steel_defect_project/dataset/split_0743b20802d2/images/train/rolled-in_scale_179.jpg,2
rolled-in_scale_18,/content/steel_defect_project/raw/NEU-DET/IMAGES/rolled-in_scale_18.jpg,200,200,4,[4],84b8b035088cb0f73c4d6fcb1b75ed51f28bc85903e7c567d73638544d576a5c,test,/content/steel_defect_project/dataset/split_0743b20802d2/images/test/rolled-in_scale_18.jpg,2
rolled-in_scale_180,/content/steel_defect_project/raw/NEU-DET/IMAGES/rolled-in_scale_180.jpg,200,200,4,[4],6386762c27388e57e60e411738a3384aa9024eb1e09fbd74b5a07d313fbf0a84,train,/content/steel_defect_project/dataset/split_0743b20802d2/images/train/rolled-in_scale_180.jpg,2
rolled-in_scale_181,/content/steel_defect_project/raw/NEU-DET/IMAGES/rolled-in_scale_181.jpg,200,200,4,[4],caf268f478994b8c46d56e5f11ede5c4fef98492608518e2d467c5cd2fb26578,train,/content/steel_defect_project/dataset/split_0743b20802d2/images/train/rolled-in_scale_181.jpg,1
rolled-in_scale_182,/content/steel_defect_project/raw/NEU-DET/IMAGES/rolled-in_scale_182.jpg,200,200,4,[4],8c2ac10745e0c90fea6d8fd46db54d9266f2de2e658538eca1c976adc933fad6,train,/content/steel_defect_project/dataset/split_0743b20802d2/images/train/rolled-in_scale_182.jpg,1
rolled-in_scale_183,/content/steel_defect_project/raw/NEU-DET/IMAGES/rolled-in_scale_183.jpg,200,200,4,[4],ab248849d48d30f8f56359eab8f1b69aac0aa22875bb8534ffb32ec4340c83d7,val,/content/steel_defect_project/dataset/split_0743b20802d2/images/val/rolled-in_scale_183.jpg,3
rolled-in_scale_184,/content/steel_defect_project/raw/NEU-DET/IMAGES/rolled-in_scale_184.jpg,200,200,4,[4],cb03348393b1a907e4cc40bf4f5dbb673cb6310815eef8cf716b3763b7d92e29,train,/content/steel_defect_project/dataset/split_0743b20802d2/images/train/rolled-in_scale_184.jpg,3
rolled-in_scale_185,/content/steel_defect_project/raw/NEU-DET/IMAGES/rolled-in_scale_185.jpg,200,200,4,[4],c4b7e159fa89697ae18c6573c24e4daf0dd0b22f3b6a29005d9c0c8a6676a056,train,/content/steel_defect_project/dataset/split_0743b20802d2/images/train/rolled-in_scale_185.jpg,2
rolled-in_scale_186,/content/steel_defect_project/raw/NEU-DET/IMAGES/rolled-in_scale_186.jpg,200,200,4,[4],f7a897aaf6b0dc5d7a9b504f32f10a1cc4dec887fdb1c3a1c459959b60c18b5f,train,/content/steel_defect_project/dataset/split_0743b20802d2/images/train/rolled-in_scale_186.jpg,3
rolled-in_scale_187,/content/steel_defect_project/raw/NEU-DET/IMAGES/rolled-in_scale_187.jpg,200,200,4,[4],44208a5cb744156659003c3790256d543b0b8822822e3dd7ce550a1c831b7aa2,test,/content/steel_defect_project/dataset/split_0743b20802d2/images/test/rolled-in_scale_187.jpg,2
rolled-in_scale_188,/content/steel_defect_project/raw/NEU-DET/IMAGES/rolled-in_scale_188.jpg,200,200,4,[4],5f208c43badadcce27efb300f62dd7a734e602c3002bc2d35e3f8197f60371bb,train,/content/steel_defect_project/dataset/split_0743b20802d2/images/train/rolled-in_scale_188.jpg,2
rolled-in_scale_189,/content/steel_defect_project/raw/NEU-DET/IMAGES/rolled-in_scale_189.jpg,200,200,4,[4],5465a8af346dddb0df0a921b49899c0ed55e5b51ccaca9acba3ffb7de99bbfcd,train,/content/steel_defect_project/dataset/split_0743b20802d2/images/train/rolled-in_scale_189.jpg,2
rolled-in_scale_19,/content/steel_defect_project/raw/NEU-DET/IMAGES/rolled-in_scale_19.jpg,200,200,4,[4],f461ce9f966f882f1f21b9ed7aa54e250f78ff244fe69e45e9a98554adc72c3a,train,/content/steel_defect_project/dataset/split_0743b20802d2/images/train/rolled-in_scale_19.jpg,2
rolled-in_scale_190,/content/steel_defect_project/raw/NEU-DET/IMAGES/rolled-in_scale_190.jpg,200,200,4,[4],8395ee1851fdfc1467d5c3f3c90285ed2b5214be0070f4d3cdb4812ee6d69c24,test,/content/steel_defect_project/dataset/split_0743b20802d2/images/test/rolled-in_scale_190.jpg,3
rolled-in_scale_191,/content/steel_defect_project/raw/NEU-DET/IMAGES/rolled-in_scale_191.jpg,200,200,4,[4],b5cec082ca35a6376dd4962fdffc7ac589f5f48032f42bbbafc931e53c0633fc,train,/content/steel_defect_project/dataset/split_0743b20802d2/images/train/rolled-in_scale_191.jpg,2
rolled-in_scale_192,/content/steel_defect_project/raw/NEU-DET/IMAGES/rolled-in_scale_192.jpg,200,200,4,[4],6a9a7aa4eb3eefe87fca5f44179f94b6e455370f34c12f9a1becc6d63537ba43,train,/content/steel_defect_project/dataset/split_0743b20802d2/images/train/rolled-in_scale_192.jpg,3
rolled-in_scale_193,/content/steel_defect_project/raw/NEU-DET/IMAGES/rolled-in_scale_193.jpg,200,200,4,[4],039c5bc0bfd544997711591a0f77b54c8304c501057ea6f3c35935c6442a0de6,train,/content/steel_defect_project/dataset/split_0743b20802d2/images/train/rolled-in_scale_193.jpg,3
rolled-in_scale_194,/content/steel_defect_project/raw/NEU-DET/IMAGES/rolled-in_scale_194.jpg,200,200,4,[4],dde2eab7f48ae104831c1283a348cf59832b1f662b0298d64a7176ce200a19cd,train,/content/steel_defect_project/dataset/split_0743b20802d2/images/train/rolled-in_scale_194.jpg,2
rolled-in_scale_195,/content/steel_defect_project/raw/NEU-DET/IMAGES/rolled-in_scale_195.jpg,200,200,4,[4],7dfd76cc0ab3c38e23c1e5d73100f5d3bb8e5e58a2f115175c15b511a7def552,val,/content/steel_defect_project/dataset/split_0743b20802d2/images/val/rolled-in_scale_195.jpg,1
rolled-in_scale_196,/content/steel_defect_project/raw/NEU-DET/IMAGES/rolled-in_scale_196.jpg,200,200,4,[4],03afe0d3ba90e0d1bd84af7c914c4e8066eabe680bfc84cc400cf52e02525d2b,train,/content/steel_defect_project/dataset/split_0743b20802d2/images/train/rolled-in_scale_196.jpg,2
rolled-in_scale_197,/content/steel_defect_project/raw/NEU-DET/IMAGES/rolled-in_scale_197.jpg,200,200,4,[4],68f48b4cd58a1a8f8ec3a93c01b1020af7b594e3ec590f5650ee44cb4a1e5b86,train,/content/steel_defect_project/dataset/split_0743b20802d2/images/train/rolled-in_scale_197.jpg,4
rolled-in_scale_198,/content/steel_defect_project/raw/NEU-DET/IMAGES/rolled-in_scale_198.jpg,200,200,4,[4],c7e7364905bc01ae18bb643d8b8dc0ebb6c3c1f226da1950362204546bd29276,train,/content/steel_defect_project/dataset/split_0743b20802d2/images/train/rolled-in_scale_198.jpg,3
rolled-in_scale_199,/content/steel_defect_project/raw/NEU-DET/IMAGES/rolled-in_scale_199.jpg,200,200,4,[4],9026ed9e1a1ed838c8417c049293640da4ed877ae0642161d861dd08641101e6,train,/content/steel_defect_project/dataset/split_0743b20802d2/images/train/rolled-in_scale_199.jpg,3
rolled-in_scale_2,/content/steel_defect_project/raw/NEU-DET/IMAGES/rolled-in_scale_2.jpg,200,200,4,[4],2b12f0bebf9be31d8e69c24ef841880c7c764b9499923a866fd0f74c63e16cf8,train,/content/steel_defect_project/dataset/split_0743b20802d2/images/train/rolled-in_scale_2.jpg,1
rolled-in_scale_20,/content/steel_defect_project/raw/NEU-DET/IMAGES/rolled-in_scale_20.jpg,200,200,4,[4],2b150db96f42eb163db196635dcabe7c84cf85edd09c2a7d9ab69145ad01c9f1,test,/content/steel_defect_project/dataset/split_0743b20802d2/images/test/rolled-in_scale_20.jpg,3
rolled-in_scale_200,/content/steel_defect_project/raw/NEU-DET/IMAGES/rolled-in_scale_200.jpg,200,200,4,[4],7f9a5df03b396c47c6291092d06fa20aa07975202922a0e17b1b8e8c91182b49,train,/content/steel_defect_project/dataset/split_0743b20802d2/images/train/rolled-in_scale_200.jpg,2
rolled-in_scale_201,/content/steel_defect_project/raw/NEU-DET/IMAGES/rolled-in_scale_201.jpg,200,200,4,[4],19622f4cd840e01deec5877610ade17ee34a870a88e309befc6ffbef55a8ca15,train,/content/steel_defect_project/dataset/split_0743b20802d2/images/train/rolled-in_scale_201.jpg,2
rolled-in_scale_202,/content/steel_defect_project/raw/NEU-DET/IMAGES/rolled-in_scale_202.jpg,200,200,4,[4],9a96222a95fc74f30033fc0f7c204be81de60aff5c3cfaa7939b27b3381e455d,train,/content/steel_defect_project/dataset/split_0743b20802d2/images/train/rolled-in_scale_202.jpg,2
rolled-in_scale_203,/content/steel_defect_project/raw/NEU-DET/IMAGES/rolled-in_scale_203.jpg,200,200,4,[4],c1280e01864f2c98ecc4acc42b4159c87dcc12c3eaae10603548a74400ef0aa0,train,/content/steel_defect_project/dataset/split_0743b20802d2/images/train/rolled-in_scale_203.jpg,3
rolled-in_scale_204,/content/steel_defect_project/raw/NEU-DET/IMAGES/rolled-in_scale_204.jpg,200,200,4,[4],2b1f988fb91d5222ef0b3f879e33bfbbe511f50447a96e96431e02f64d1b852b,test,/content/steel_defect_project/dataset/split_0743b20802d2/images/test/rolled-in_scale_204.jpg,2
rolled-in_scale_205,/content/steel_defect_project/raw/NEU-DET/IMAGES/rolled-in_scale_205.jpg,200,200,4,[4],e89e4410b1e3cf06a2d59a7877792febb5f8575450122b3be838b4cb726d276b,test,/content/steel_defect_project/dataset/split_0743b20802d2/images/test/rolled-in_scale_205.jpg,3
rolled-in_scale_206,/content/steel_defect_project/raw/NEU-DET/IMAGES/rolled-in_scale_206.jpg,200,200,4,[4],ec4dc7fbde32b73355b733ebb3eb1bcaf738e7bedb066fdc6c5308182e6bf07a,train,/content/steel_defect_project/dataset/split_0743b20802d2/images/train/rolled-in_scale_206.jpg,1
rolled-in_scale_207,/content/steel_defect_project/raw/NEU-DET/IMAGES/rolled-in_scale_207.jpg,200,200,4,[4],61bf5cbeb43a4fcef4ec54ec92d946e24fa81ea1904020beae9bf609f4589f75,train,/content/steel_defect_project/dataset/split_0743b20802d2/images/train/rolled-in_scale_207.jpg,2
rolled-in_scale_208,/content/steel_defect_project/raw/NEU-DET/IMAGES/rolled-in_scale_208.jpg,200,200,4,[4],6a9770dfaa481f208607719a33ee72be72e6adf2ac6d305ec2ce4b6f7d1f22ee,test,/content/steel_defect_project/dataset/split_0743b20802d2/images/test/rolled-in_scale_208.jpg,2
rolled-in_scale_209,/content/steel_defect_project/raw/NEU-DET/IMAGES/rolled-in_scale_209.jpg,200,200,4,[4],24c83172fa908727a9d513f2f74dbf1b93732aa8dfa2d11006c46eb9e0938184,train,/content/steel_defect_project/dataset/split_0743b20802d2/images/train/rolled-in_scale_209.jpg,2
rolled-in_scale_21,/content/steel_defect_project/raw/NEU-DET/IMAGES/rolled-in_scale_21.jpg,200,200,4,[4],cb9df731ccee2aec41b3fc84393b7d555b573f696983ef12cd21c8ee4c70f594,test,/content/steel_defect_project/dataset/split_0743b20802d2/images/test/rolled-in_scale_21.jpg,3
rolled-in_scale_210,/content/steel_defect_project/raw/NEU-DET/IMAGES/rolled-in_scale_210.jpg,200,200,4,[4],68192ac9d36cd2e0bfc6e452acd38a43fe17d7650e6ab7c3b8a96685b9155553,train,/content/steel_defect_project/dataset/split_0743b20802d2/images/train/rolled-in_scale_210.jpg,3
rolled-in_scale_211,/content/steel_defect_project/raw/NEU-DET/IMAGES/rolled-in_scale_211.jpg,200,200,4,[4],a57709ac1e56b902515081e76a52f8043f7e0c22c4e1486909c5757c7d46a6ef,train,/content/steel_defect_project/dataset/split_0743b20802d2/images/train/rolled-in_scale_211.jpg,2
rolled-in_scale_212,/content/steel_defect_project/raw/NEU-DET/IMAGES/rolled-in_scale_212.jpg,200,200,4,[4],7f84af243e9e3fdeede595e6aa3b7312708b63fba70971f70e5b7541b00fc15f,train,/content/steel_defect_project/dataset/split_0743b20802d2/images/train/rolled-in_scale_212.jpg,3
rolled-in_scale_213,/content/steel_defect_project/raw/NEU-DET/IMAGES/rolled-in_scale_213.jpg,200,200,4,[4],d3a1b096f34f80a333d7be7eea8f9b763c13d02fea8075bacb620e0c5550785d,train,/content/steel_defect_project/dataset/split_0743b20802d2/images/train/rolled-in_scale_213.jpg,1
rolled-in_scale_214,/content/steel_defect_project/raw/NEU-DET/IMAGES/rolled-in_scale_214.jpg,200,200,4,[4],f65f14abcfdf0a63e42749308d7f9407f5921c36947cc09d26d8c605b20e19b6,test,/content/steel_defect_project/dataset/split_0743b20802d2/images/test/rolled-in_scale_214.jpg,4
rolled-in_scale_215,/content/steel_defect_project/raw/NEU-DET/IMAGES/rolled-in_scale_215.jpg,200,200,4,[4],c4d3c6de79db9be8c21615440267326fda2defe35b447c7e3b3b45e86ac021aa,train,/content/steel_defect_project/dataset/split_0743b20802d2/images/train/rolled-in_scale_215.jpg,2
rolled-in_scale_216,/content/steel_defect_project/raw/NEU-DET/IMAGES/rolled-in_scale_216.jpg,200,200,4,[4],17bdcfcb7c03c01551a7145b35fb51fb5f9240f0bd73d3acc7614a67e2b156cc,test,/content/steel_defect_project/dataset/split_0743b20802d2/images/test/rolled-in_scale_216.jpg,2
rolled-in_scale_217,/content/steel_defect_project/raw/NEU-DET/IMAGES/rolled-in_scale_217.jpg,200,200,4,[4],f4db64a332b86389f531f92135afd336525e458c49db40e18c744f80b05981d7,train,/content/steel_defect_project/dataset/split_0743b20802d2/images/train/rolled-in_scale_217.jpg,2
rolled-in_scale_218,/content/steel_defect_project/raw/NEU-DET/IMAGES/rolled-in_scale_218.jpg,200,200,4,[4],d17f2b6606a81968a129b3a1f1cbe48f957fa11d8f804be075073d8adf667fe4,train,/content/steel_defect_project/dataset/split_0743b20802d2/images/train/rolled-in_scale_218.jpg,1
rolled-in_scale_219,/content/steel_defect_project/raw/NEU-DET/IMAGES/rolled-in_scale_219.jpg,200,200,4,[4],5553881c6347803e6ac247b146465d9ca8c6a1adb00fcc8468aea7004701bdd9,train,/content/steel_defect_project/dataset/split_0743b20802d2/images/train/rolled-in_scale_219.jpg,2
rolled-in_scale_22,/content/steel_defect_project/raw/NEU-DET/IMAGES/rolled-in_scale_22.jpg,200,200,4,[4],bd4770ac84cea6170784c64e0f8212b602052a23d856aff5992b91dc2ece8ac8,train,/content/steel_defect_project/dataset/split_0743b20802d2/images/train/rolled-in_scale_22.jpg,1
rolled-in_scale_220,/content/steel_defect_project/raw/NEU-DET/IMAGES/rolled-in_scale_220.jpg,200,200,4,[4],14d5d43e04023dbc0585ef8ed975d1d604fcceb5cc001375e27f5c2a7b880a32,val,/content/steel_defect_project/dataset/split_0743b20802d2/images/val/rolled-in_scale_220.jpg,1
rolled-in_scale_221,/content/steel_defect_project/raw/NEU-DET/IMAGES/rolled-in_scale_221.jpg,200,200,4,[4],9b73a7d689c4e53e58e04f460d16ec55f23c0187edba695bc42ade76bcbe6f0d,train,/content/steel_defect_project/dataset/split_0743b20802d2/images/train/rolled-in_scale_221.jpg,1
rolled-in_scale_222,/content/steel_defect_project/raw/NEU-DET/IMAGES/rolled-in_scale_222.jpg,200,200,4,[4],075e17a00855c2a326bc7a00aa0dee562078fa1eeccd4874fcb76673d61817d6,train,/content/steel_defect_project/dataset/split_0743b20802d2/images/train/rolled-in_scale_222.jpg,2
rolled-in_scale_223,/content/steel_defect_project/raw/NEU-DET/IMAGES/rolled-in_scale_223.jpg,200,200,4,[4],23fc2ccdfa1884112fc79c8e81687aef21c45a16db160c15b36ec9abb9095f1c,val,/content/steel_defect_project/dataset/split_0743b20802d2/images/val/rolled-in_scale_223.jpg,2
rolled-in_scale_224,/content/steel_defect_project/raw/NEU-DET/IMAGES/rolled-in_scale_224.jpg,200,200,4,[4],a3c34fe367529638e435b9fcaebd02f060b1f0832122d6d905d2d6b12edc6d54,train,/content/steel_defect_project/dataset/split_0743b20802d2/images/train/rolled-in_scale_224.jpg,3
rolled-in_scale_225,/content/steel_defect_project/raw/NEU-DET/IMAGES/rolled-in_scale_225.jpg,200,200,4,[4],9786a6650fad772e667a9cba5097b966361301d5849f005cbf4c42f7cd55d67c,test,/content/steel_defect_project/dataset/split_0743b20802d2/images/test/rolled-in_scale_225.jpg,2
rolled-in_scale_226,/content/steel_defect_project/raw/NEU-DET/IMAGES/rolled-in_scale_226.jpg,200,200,4,[4],42fc85454ce525a37e9d2c68dae796dbd2866a4082b5b7355a605596e7de9392,train,/content/steel_defect_project/dataset/split_0743b20802d2/images/train/rolled-in_scale_226.jpg,2
rolled-in_scale_227,/content/steel_defect_project/raw/NEU-DET/IMAGES/rolled-in_scale_227.jpg,200,200,4,[4],3a41cf7a7466a6c29fe17b1af94b3382c313115f52c0f827c82ae200f68a9ca0,train,/content/steel_defect_project/dataset/split_0743b20802d2/images/train/rolled-in_scale_227.jpg,2
rolled-in_scale_228,/content/steel_defect_project/raw/NEU-DET/IMAGES/rolled-in_scale_228.jpg,200,200,4,[4],d8747d388e3d6d47a37f488fee8ccede9a1b55c0239fb031be09ef5ac0790020,train,/content/steel_defect_project/dataset/split_0743b20802d2/images/train/rolled-in_scale_228.jpg,2
rolled-in_scale_229,/content/steel_defect_project/raw/NEU-DET/IMAGES/rolled-in_scale_229.jpg,200,200,4,[4],0e3a0192a2fd3b7dae6b050aecfce68ef68433d271160ec1f10c4d3e3eac38e5,train,/content/steel_defect_project/dataset/split_0743b20802d2/images/train/rolled-in_scale_229.jpg,2
rolled-in_scale_23,/content/steel_defect_project/raw/NEU-DET/IMAGES/rolled-in_scale_23.jpg,200,200,4,[4],69ab6053dbe25afc978bbf8bfc24077318739b71044b90f1c70b38ced9dc6bd8,train,/content/steel_defect_project/dataset/split_0743b20802d2/images/train/rolled-in_scale_23.jpg,2
rolled-in_scale_230,/content/steel_defect_project/raw/NEU-DET/IMAGES/rolled-in_scale_230.jpg,200,200,4,[4],e715f1352f58df32d0298701af2595add1ae4a8883b53530ed4df47d500b545e,test,/content/steel_defect_project/dataset/split_0743b20802d2/images/test/rolled-in_scale_230.jpg,2
rolled-in_scale_231,/content/steel_defect_project/raw/NEU-DET/IMAGES/rolled-in_scale_231.jpg,200,200,4,[4],49a1ef4720977e51330de24541f164e4f517a9c59ebdb9449ac31da54cca5a02,test,/content/steel_defect_project/dataset/split_0743b20802d2/images/test/rolled-in_scale_231.jpg,3
rolled-in_scale_232,/content/steel_defect_project/raw/NEU-DET/IMAGES/rolled-in_scale_232.jpg,200,200,4,[4],43513553059eb7911c09cc8f47277189e3fd4f2c1e1b3a3df8d43c4b56305204,val,/content/steel_defect_project/dataset/split_0743b20802d2/images/val/rolled-in_scale_232.jpg,1
rolled-in_scale_233,/content/steel_defect_project/raw/NEU-DET/IMAGES/rolled-in_scale_233.jpg,200,200,4,[4],0f4895291a050be6a3b9bc380768c2fc70781d8cab1129eb58627192c15c0fd6,train,/content/steel_defect_project/dataset/split_0743b20802d2/images/train/rolled-in_scale_233.jpg,2
rolled-in_scale_234,/content/steel_defect_project/raw/NEU-DET/IMAGES/rolled-in_scale_234.jpg,200,200,4,[4],804316e5696f8f2dcf632a233833a487e09349e2f8b20a7418639fa36c0696c4,train,/content/steel_defect_project/dataset/split_0743b20802d2/images/train/rolled-in_scale_234.jpg,2
rolled-in_scale_235,/content/steel_defect_project/raw/NEU-DET/IMAGES/rolled-in_scale_235.jpg,200,200,4,[4],390c0cac5f287638bd1273e1ccd0d8f312edafe633fc38988f608595264a8228,test,/content/steel_defect_project/dataset/split_0743b20802d2/images/test/rolled-in_scale_235.jpg,2
rolled-in_scale_236,/content/steel_defect_project/raw/NEU-DET/IMAGES/rolled-in_scale_236.jpg,200,200,4,[4],a5da89124c29aac9dc3f87cf78aabc1e921b006a3501e8ee2381655d916f9215,train,/content/steel_defect_project/dataset/split_0743b20802d2/images/train/rolled-in_scale_236.jpg,1
rolled-in_scale_237,/content/steel_defect_project/raw/NEU-DET/IMAGES/rolled-in_scale_237.jpg,200,200,4,[4],72620ac8ee918194e9fc46b0c9a100c1b3d86d8414fe1266b69dd9f4ee05f816,test,/content/steel_defect_project/dataset/split_0743b20802d2/images/test/rolled-in_scale_237.jpg,2
rolled-in_scale_238,/content/steel_defect_project/raw/NEU-DET/IMAGES/rolled-in_scale_238.jpg,200,200,4,[4],f6c5cc4aabb1ba5deda257ec2b185d69b0066bdadf7e65b3a422c9f95b86ea00,test,/content/steel_defect_project/dataset/split_0743b20802d2/images/test/rolled-in_scale_238.jpg,2
rolled-in_scale_239,/content/steel_defect_project/raw/NEU-DET/IMAGES/rolled-in_scale_239.jpg,200,200,4,[4],4087019f04f9843b0a844b472fc7dc568a650fe711b16c3874235513974cda1c,train,/content/steel_defect_project/dataset/split_0743b20802d2/images/train/rolled-in_scale_239.jpg,1
rolled-in_scale_24,/content/steel_defect_project/raw/NEU-DET/IMAGES/rolled-in_scale_24.jpg,200,200,4,[4],7be65a99373b8d93a1b8934e64cdd6e1be1237f18cd04e35028bf1b4a6024ce6,train,/content/steel_defect_project/dataset/split_0743b20802d2/images/train/rolled-in_scale_24.jpg,3
rolled-in_scale_240,/content/steel_defect_project/raw/NEU-DET/IMAGES/rolled-in_scale_240.jpg,200,200,4,[4],3532e62319a1d4bf6db39da5fdd40e3c4fc8acfefd63b23dfc43e34f7dc641cf,train,/content/steel_defect_project/dataset/split_0743b20802d2/images/train/rolled-in_scale_240.jpg,1
rolled-in_scale_241,/content/steel_defect_project/raw/NEU-DET/IMAGES/rolled-in_scale_241.jpg,200,200,4,[4],a6172c3378e13d856217d4215157bfc12dd3419a781b72d9ba75f5f6e0d093c8,val,/content/steel_defect_project/dataset/split_0743b20802d2/images/val/rolled-in_scale_241.jpg,2
rolled-in_scale_242,/content/steel_defect_project/raw/NEU-DET/IMAGES/rolled-in_scale_242.jpg,200,200,4,[4],afd83273cbed6a40224239746d427978c2bd0179dddb6fcf01c838da1ea66d1f,train,/content/steel_defect_project/dataset/split_0743b20802d2/images/train/rolled-in_scale_242.jpg,2
rolled-in_scale_243,/content/steel_defect_project/raw/NEU-DET/IMAGES/rolled-in_scale_243.jpg,200,200,4,[4],0b3690787aa59cc54210ad31cadcc4d37edca8425af15e186bcca7f488dfaf03,val,/content/steel_defect_project/dataset/split_0743b20802d2/images/val/rolled-in_scale_243.jpg,1
rolled-in_scale_244,/content/steel_defect_project/raw/NEU-DET/IMAGES/rolled-in_scale_244.jpg,200,200,4,[4],ac50411c32b4ab03274253a2891a3f8315351b032cd7ab99a0bc7661c5be2c33,train,/content/steel_defect_project/dataset/split_0743b20802d2/images/train/rolled-in_scale_244.jpg,3
rolled-in_scale_245,/content/steel_defect_project/raw/NEU-DET/IMAGES/rolled-in_scale_245.jpg,200,200,4,[4],c8bf7a8127d837d5831ecdc968c7504f627ec2b7e5b0be1a366cb89a7b16fdd7,train,/content/steel_defect_project/dataset/split_0743b20802d2/images/train/rolled-in_scale_245.jpg,2
rolled-in_scale_246,/content/steel_defect_project/raw/NEU-DET/IMAGES/rolled-in_scale_246.jpg,200,200,4,[4],a7018b7b52de37da21e879aaaa7db1c98c809e16d5a9263a14f15386619a73cd,train,/content/steel_defect_project/dataset/split_0743b20802d2/images/train/rolled-in_scale_246.jpg,2
rolled-in_scale_247,/content/steel_defect_project/raw/NEU-DET/IMAGES/rolled-in_scale_247.jpg,200,200,4,[4],e8e89f776e39d213dd8c7324166eb2ea15ad469b4b5327bab71356184b508562,train,/content/steel_defect_project/dataset/split_0743b20802d2/images/train/rolled-in_scale_247.jpg,3
rolled-in_scale_248,/content/steel_defect_project/raw/NEU-DET/IMAGES/rolled-in_scale_248.jpg,200,200,4,[4],8b182e1bd0fae4d94de1717ab950df185f34bf5246e0a8459fb00d7343cec7ab,val,/content/steel_defect_project/dataset/split_0743b20802d2/images/val/rolled-in_scale_248.jpg,2
rolled-in_scale_249,/content/steel_defect_project/raw/NEU-DET/IMAGES/rolled-in_scale_249.jpg,200,200,4,[4],aea97163021fd751a15fb1582c55151d44458e10675c7091cf9fbf534750d106,train,/content/steel_defect_project/dataset/split_0743b20802d2/images/train/rolled-in_scale_249.jpg,1
rolled-in_scale_25,/content/steel_defect_project/raw/NEU-DET/IMAGES/rolled-in_scale_25.jpg,200,200,4,[4],32b939aed3074db29fc7b585a0902495914d282d4b57335f0503e5f55d63e37e,train,/content/steel_defect_project/dataset/split_0743b20802d2/images/train/rolled-in_scale_25.jpg,2
rolled-in_scale_250,/content/steel_defect_project/raw/NEU-DET/IMAGES/rolled-in_scale_250.jpg,200,200,4,[4],1aa67170cdd5762a1b58eaeb6d112c248b5c7a933a038708cbeb48621714e45e,val,/content/steel_defect_project/dataset/split_0743b20802d2/images/val/rolled-in_scale_250.jpg,3
rolled-in_scale_251,/content/steel_defect_project/raw/NEU-DET/IMAGES/rolled-in_scale_251.jpg,200,200,4,[4],830c06f0a5eaf0ae1698fe166934afc35da205bd0dd98bef57db54e471ccaf4c,train,/content/steel_defect_project/dataset/split_0743b20802d2/images/train/rolled-in_scale_251.jpg,2
rolled-in_scale_252,/content/steel_defect_project/raw/NEU-DET/IMAGES/rolled-in_scale_252.jpg,200,200,4,[4],1cd26b145ca4434f3fda60092a7b8e23b7229c2db6770f664e09c612057a282b,train,/content/steel_defect_project/dataset/split_0743b20802d2/images/train/rolled-in_scale_252.jpg,2
rolled-in_scale_253,/content/steel_defect_project/raw/NEU-DET/IMAGES/rolled-in_scale_253.jpg,200,200,4,[4],0189b30f666374d5017a0000916dff39331394ed7bc38feb83c4fa5d63bfebf9,train,/content/steel_defect_project/dataset/split_0743b20802d2/images/train/rolled-in_scale_253.jpg,1
rolled-in_scale_254,/content/steel_defect_project/raw/NEU-DET/IMAGES/rolled-in_scale_254.jpg,200,200,4,[4],86dfb12e142d8eefa0819c65472385f2c52442604469f3b5b4140c4801868616,train,/content/steel_defect_project/dataset/split_0743b20802d2/images/train/rolled-in_scale_254.jpg,1
rolled-in_scale_255,/content/steel_defect_project/raw/NEU-DET/IMAGES/rolled-in_scale_255.jpg,200,200,4,[4],7c8496c543cfcf58e1925eb3437340061eb1358feef9951dc6c4459a82c7cc74,val,/content/steel_defect_project/dataset/split_0743b20802d2/images/val/rolled-in_scale_255.jpg,4
rolled-in_scale_256,/content/steel_defect_project/raw/NEU-DET/IMAGES/rolled-in_scale_256.jpg,200,200,4,[4],ee99e386d3d5b5154c63503d864dc2d132aad372e5cb3fef1d85df08b29f6f47,val,/content/steel_defect_project/dataset/split_0743b20802d2/images/val/rolled-in_scale_256.jpg,1
rolled-in_scale_257,/content/steel_defect_project/raw/NEU-DET/IMAGES/rolled-in_scale_257.jpg,200,200,4,[4],97b98dfac64c347d17c7c43a4919fe23c8a608129a3b23317be24fb2791f0cdc,train,/content/steel_defect_project/dataset/split_0743b20802d2/images/train/rolled-in_scale_257.jpg,3
rolled-in_scale_258,/content/steel_defect_project/raw/NEU-DET/IMAGES/rolled-in_scale_258.jpg,200,200,4,[4],f4e6e3824725835ef2264b6989926492c0be15699cff80791c1d1a8b161128f9,test,/content/steel_defect_project/dataset/split_0743b20802d2/images/test/rolled-in_scale_258.jpg,1
rolled-in_scale_259,/content/steel_defect_project/raw/NEU-DET/IMAGES/rolled-in_scale_259.jpg,200,200,4,[4],dfed67e4d6f4afb6e587a07db087c13a9b5b73fa8291add276ccb09af91ba5bb,train,/content/steel_defect_project/dataset/split_0743b20802d2/images/train/rolled-in_scale_259.jpg,4
rolled-in_scale_26,/content/steel_defect_project/raw/NEU-DET/IMAGES/rolled-in_scale_26.jpg,200,200,4,[4],1392805024422e6701c276e70c671aecfaf9c3cd8dc04bc0152bbd6062b54e34,train,/content/steel_defect_project/dataset/split_0743b20802d2/images/train/rolled-in_scale_26.jpg,3
rolled-in_scale_260,/content/steel_defect_project/raw/NEU-DET/IMAGES/rolled-in_scale_260.jpg,200,200,4,[4],11556195373798e7729747494905106d0efb98763adc46993cec67ed93665760,train,/content/steel_defect_project/dataset/split_0743b20802d2/images/train/rolled-in_scale_260.jpg,3
rolled-in_scale_261,/content/steel_defect_project/raw/NEU-DET/IMAGES/rolled-in_scale_261.jpg,200,200,4,[4],36f5f23596de09af9818686abda5ddc667228050fb8e0aa483aa57295b73e37f,test,/content/steel_defect_project/dataset/split_0743b20802d2/images/test/rolled-in_scale_261.jpg,1
rolled-in_scale_262,/content/steel_defect_project/raw/NEU-DET/IMAGES/rolled-in_scale_262.jpg,200,200,4,[4],d21664e9000c8fa312a609ef2848c2beb89e54d9877b305a4e21d25571757afb,train,/content/steel_defect_project/dataset/split_0743b20802d2/images/train/rolled-in_scale_262.jpg,1
rolled-in_scale_263,/content/steel_defect_project/raw/NEU-DET/IMAGES/rolled-in_scale_263.jpg,200,200,4,[4],608cc75c2a7daf7d009e65c3b4f62d065f00e852e9b2cbc27f3490ca49a327b0,train,/content/steel_defect_project/dataset/split_0743b20802d2/images/train/rolled-in_scale_263.jpg,2
rolled-in_scale_264,/content/steel_defect_project/raw/NEU-DET/IMAGES/rolled-in_scale_264.jpg,200,200,4,[4],dfc4c14e848bbd6a01beeb422c01f1e99fe887bb44a13c7777c7679fb392c71f,test,/content/steel_defect_project/dataset/split_0743b20802d2/images/test/rolled-in_scale_264.jpg,3
rolled-in_scale_265,/content/steel_defect_project/raw/NEU-DET/IMAGES/rolled-in_scale_265.jpg,200,200,4,[4],5cc55bd68b5d4b287eae8c8ef052c7e7955733cc1e736617714b85db0c896a31,val,/content/steel_defect_project/dataset/split_0743b20802d2/images/val/rolled-in_scale_265.jpg,2
rolled-in_scale_266,/content/steel_defect_project/raw/NEU-DET/IMAGES/rolled-in_scale_266.jpg,200,200,4,[4],f1b2e139cf5e71a25c0333e5822deff2b9542f21dfdcf0c1a0acb82cb38c4acc,train,/content/steel_defect_project/dataset/split_0743b20802d2/images/train/rolled-in_scale_266.jpg,2
rolled-in_scale_267,/content/steel_defect_project/raw/NEU-DET/IMAGES/rolled-in_scale_267.jpg,200,200,4,[4],1aeb473e9dc08e69afd234944c711dc67001101cab4aa112f5875904ab4e5195,train,/content/steel_defect_project/dataset/split_0743b20802d2/images/train/rolled-in_scale_267.jpg,3
rolled-in_scale_268,/content/steel_defect_project/raw/NEU-DET/IMAGES/rolled-in_scale_268.jpg,200,200,4,[4],0e5b5a9329a678cca7004128a2e81499056dab1a55b9f22af0726c4cf3331588,val,/content/steel_defect_project/dataset/split_0743b20802d2/images/val/rolled-in_scale_268.jpg,2
rolled-in_scale_269,/content/steel_defect_project/raw/NEU-DET/IMAGES/rolled-in_scale_269.jpg,200,200,4,[4],daea421f3c3d56c67489a33d9d2ff874bff8198ddebfa5db55d86ae6d579675b,train,/content/steel_defect_project/dataset/split_0743b20802d2/images/train/rolled-in_scale_269.jpg,1
rolled-in_scale_27,/content/steel_defect_project/raw/NEU-DET/IMAGES/rolled-in_scale_27.jpg,200,200,4,[4],22a08ba6565e709e3d85aabd4fa6358a2465a937e15cf7767e3aec948f1e73b8,train,/content/steel_defect_project/dataset/split_0743b20802d2/images/train/rolled-in_scale_27.jpg,1
rolled-in_scale_270,/content/steel_defect_project/raw/NEU-DET/IMAGES/rolled-in_scale_270.jpg,200,200,4,[4],a0a7e3b9723e914b6f11645e1b45a466a1e0277cb69efe7638c02605dae0c36b,train,/content/steel_defect_project/dataset/split_0743b20802d2/images/train/rolled-in_scale_270.jpg,3
rolled-in_scale_271,/content/steel_defect_project/raw/NEU-DET/IMAGES/rolled-in_scale_271.jpg,200,200,4,[4],11f8d23ceae7fc18b0f89c2e1a57f59388849832d2017c20af1584413302984b,val,/content/steel_defect_project/dataset/split_0743b20802d2/images/val/rolled-in_scale_271.jpg,2
rolled-in_scale_272,/content/steel_defect_project/raw/NEU-DET/IMAGES/rolled-in_scale_272.jpg,200,200,4,[4],b95ae946b1e73f82e77dc0e46c815b3d997123aa333f3ae703f966d4818f31b3,train,/content/steel_defect_project/dataset/split_0743b20802d2/images/train/rolled-in_scale_272.jpg,2
rolled-in_scale_273,/content/steel_defect_project/raw/NEU-DET/IMAGES/rolled-in_scale_273.jpg,200,200,4,[4],bf6889ed3b337ab910e43a7315fb6f4ce6ebc66077bd4b8c32301ab5f650ca7d,val,/content/steel_defect_project/dataset/split_0743b20802d2/images/val/rolled-in_scale_273.jpg,2
rolled-in_scale_274,/content/steel_defect_project/raw/NEU-DET/IMAGES/rolled-in_scale_274.jpg,200,200,4,[4],c7fd546380f3fad06372e41fc3c163dbdf6f2714e571acd2d9945e4497a4ba56,train,/content/steel_defect_project/dataset/split_0743b20802d2/images/train/rolled-in_scale_274.jpg,4
rolled-in_scale_275,/content/steel_defect_project/raw/NEU-DET/IMAGES/rolled-in_scale_275.jpg,200,200,4,[4],3c235c6183e7cc4e8c1249aae2038900aa9a41dcede7a9ce6c9291f3ae0ab5ce,test,/content/steel_defect_project/dataset/split_0743b20802d2/images/test/rolled-in_scale_275.jpg,3
rolled-in_scale_276,/content/steel_defect_project/raw/NEU-DET/IMAGES/rolled-in_scale_276.jpg,200,200,4,[4],0f2fa19286ea6aed1c36fc4491c13ed489c1a72c229d4138fd30224f22f06862,test,/content/steel_defect_project/dataset/split_0743b20802d2/images/test/rolled-in_scale_276.jpg,2
rolled-in_scale_277,/content/steel_defect_project/raw/NEU-DET/IMAGES/rolled-in_scale_277.jpg,200,200,4,[4],3fc7d4a7fd406cd2f5385039801faa1a149119574e8a771f36e372d862ba6327,train,/content/steel_defect_project/dataset/split_0743b20802d2/images/train/rolled-in_scale_277.jpg,3
rolled-in_scale_278,/content/steel_defect_project/raw/NEU-DET/IMAGES/rolled-in_scale_278.jpg,200,200,4,[4],5b1ac561356cba329d9a4a9426f75e035d34d91ec870cb8cf467aa53d56f3c66,train,/content/steel_defect_project/dataset/split_0743b20802d2/images/train/rolled-in_scale_278.jpg,3
rolled-in_scale_279,/content/steel_defect_project/raw/NEU-DET/IMAGES/rolled-in_scale_279.jpg,200,200,4,[4],0ed2b69e6a8ead21acf38db6814906dd82e631aa7e8241a1d7f0b5c4763ee16c,train,/content/steel_defect_project/dataset/split_0743b20802d2/images/train/rolled-in_scale_279.jpg,3
rolled-in_scale_28,/content/steel_defect_project/raw/NEU-DET/IMAGES/rolled-in_scale_28.jpg,200,200,4,[4],c50be15fcd88ab16174dde66aacd9b17b8f7e960367806f6062843c6709e57f6,train,/content/steel_defect_project/dataset/split_0743b20802d2/images/train/rolled-in_scale_28.jpg,1
rolled-in_scale_280,/content/steel_defect_project/raw/NEU-DET/IMAGES/rolled-in_scale_280.jpg,200,200,4,[4],82e67bdcd5cb8cb4ee3b4f70d3cbfdf9b98177ed04e903ecbb43d20d8dda1d7d,val,/content/steel_defect_project/dataset/split_0743b20802d2/images/val/rolled-in_scale_280.jpg,2
rolled-in_scale_281,/content/steel_defect_project/raw/NEU-DET/IMAGES/rolled-in_scale_281.jpg,200,200,4,[4],20ccf0d00241d3dab55ae565481b34126626149acbe234c861412572f8f83935,test,/content/steel_defect_project/dataset/split_0743b20802d2/images/test/rolled-in_scale_281.jpg,3
rolled-in_scale_282,/content/steel_defect_project/raw/NEU-DET/IMAGES/rolled-in_scale_282.jpg,200,200,4,[4],3baf9163293b21be76c728f9a60082418638a43a727ebb5b7537bc5de6de38f5,train,/content/steel_defect_project/dataset/split_0743b20802d2/images/train/rolled-in_scale_282.jpg,2
rolled-in_scale_283,/content/steel_defect_project/raw/NEU-DET/IMAGES/rolled-in_scale_283.jpg,200,200,4,[4],943418b6bc4bd1593e379c5f90658a8da161a0b34b398f0cea527a1a5d70e15b,train,/content/steel_defect_project/dataset/split_0743b20802d2/images/train/rolled-in_scale_283.jpg,3
rolled-in_scale_284,/content/steel_defect_project/raw/NEU-DET/IMAGES/rolled-in_scale_284.jpg,200,200,4,[4],01dd020d497aa235c7a7199cef830b411e9778ea4e646b96e97f0927b341da35,train,/content/steel_defect_project/dataset/split_0743b20802d2/images/train/rolled-in_scale_284.jpg,1
rolled-in_scale_285,/content/steel_defect_project/raw/NEU-DET/IMAGES/rolled-in_scale_285.jpg,200,200,4,[4],4ab894407bd0327579ac610f07bc1b0a8b8d891375f3652ee59cbb9c4e79f4a8,val,/content/steel_defect_project/dataset/split_0743b20802d2/images/val/rolled-in_scale_285.jpg,2
rolled-in_scale_286,/content/steel_defect_project/raw/NEU-DET/IMAGES/rolled-in_scale_286.jpg,200,200,4,[4],715ffcc35baa1f32aeb44870f7363da9dc750ae8865abb95730ab123457a1d94,train,/content/steel_defect_project/dataset/split_0743b20802d2/images/train/rolled-in_scale_286.jpg,2
rolled-in_scale_287,/content/steel_defect_project/raw/NEU-DET/IMAGES/rolled-in_scale_287.jpg,200,200,4,[4],e3b37166d416dea85b959f1a5e01149c5812377c900ed5a6a5738665e8cbc2c0,train,/content/steel_defect_project/dataset/split_0743b20802d2/images/train/rolled-in_scale_287.jpg,2
rolled-in_scale_288,/content/steel_defect_project/raw/NEU-DET/IMAGES/rolled-in_scale_288.jpg,200,200,4,[4],eeda9987f0bf14fb3e906c02425a185876008a6ad309c1ee86c384b0e975f15d,train,/content/steel_defect_project/dataset/split_0743b20802d2/images/train/rolled-in_scale_288.jpg,2
rolled-in_scale_289,/content/steel_defect_project/raw/NEU-DET/IMAGES/rolled-in_scale_289.jpg,200,200,4,[4],cee86d57520b9977647a566f338a166fb721601d3772e4a4c519318e4b1c607f,train,/content/steel_defect_project/dataset/split_0743b20802d2/images/train/rolled-in_scale_289.jpg,2
rolled-in_scale_29,/content/steel_defect_project/raw/NEU-DET/IMAGES/rolled-in_scale_29.jpg,200,200,4,[4],3f7146187ad39ff1d60293b8cdeabdcc78f0b87e0d7469ffed35521dd70167ce,val,/content/steel_defect_project/dataset/split_0743b20802d2/images/val/rolled-in_scale_29.jpg,3
rolled-in_scale_290,/content/steel_defect_project/raw/NEU-DET/IMAGES/rolled-in_scale_290.jpg,200,200,4,[4],815ef3a1ad3e276b525f895a756e8b4abec4d6601578bb0b38df99cf388c58bc,val,/content/steel_defect_project/dataset/split_0743b20802d2/images/val/rolled-in_scale_290.jpg,2
rolled-in_scale_291,/content/steel_defect_project/raw/NEU-DET/IMAGES/rolled-in_scale_291.jpg,200,200,4,[4],3fc70c5de0610b3410a9d5ed9f566d0c58cecc6c6fdbc2b7a50ac08e550a8216,train,/content/steel_defect_project/dataset/split_0743b20802d2/images/train/rolled-in_scale_291.jpg,3
rolled-in_scale_292,/content/steel_defect_project/raw/NEU-DET/IMAGES/rolled-in_scale_292.jpg,200,200,4,[4],66291a52846c89c52da506792a7276f927614f6dee63935836807f1ec1135946,val,/content/steel_defect_project/dataset/split_0743b20802d2/images/val/rolled-in_scale_292.jpg,4
rolled-in_scale_293,/content/steel_defect_project/raw/NEU-DET/IMAGES/rolled-in_scale_293.jpg,200,200,4,[4],f3edabac3b80946adce6820752a3068be0a174e9400b38644447dfad5f2574fe,train,/content/steel_defect_project/dataset/split_0743b20802d2/images/train/rolled-in_scale_293.jpg,2
rolled-in_scale_294,/content/steel_defect_project/raw/NEU-DET/IMAGES/rolled-in_scale_294.jpg,200,200,4,[4],b642b6d25df6becd73f7ca01365ac57fb6ab8d7d99d5fecd1a890acf25c26ff1,train,/content/steel_defect_project/dataset/split_0743b20802d2/images/train/rolled-in_scale_294.jpg,2
rolled-in_scale_295,/content/steel_defect_project/raw/NEU-DET/IMAGES/rolled-in_scale_295.jpg,200,200,4,[4],35063859625bbe049f7ddc8c4afed011cd856e91d05bc75e8eb46ab289300bba,test,/content/steel_defect_project/dataset/split_0743b20802d2/images/test/rolled-in_scale_295.jpg,3
rolled-in_scale_296,/content/steel_defect_project/raw/NEU-DET/IMAGES/rolled-in_scale_296.jpg,200,200,4,[4],09691558e339327a46d77f923f47e4cd82af07b447fc7c0ceb132be3eee7a0e9,train,/content/steel_defect_project/dataset/split_0743b20802d2/images/train/rolled-in_scale_296.jpg,1
rolled-in_scale_297,/content/steel_defect_project/raw/NEU-DET/IMAGES/rolled-in_scale_297.jpg,200,200,4,[4],156503610461959a4413f69fb767d838462c1092a053417718bc4a95bb2e9f14,train,/content/steel_defect_project/dataset/split_0743b20802d2/images/train/rolled-in_scale_297.jpg,2
rolled-in_scale_298,/content/steel_defect_project/raw/NEU-DET/IMAGES/rolled-in_scale_298.jpg,200,200,4,[4],d805d0cbac443bf4651ce15ba4197835d24ae60f43d0cf3b9052ff8ed6d1a343,train,/content/steel_defect_project/dataset/split_0743b20802d2/images/train/rolled-in_scale_298.jpg,1
rolled-in_scale_299,/content/steel_defect_project/raw/NEU-DET/IMAGES/rolled-in_scale_299.jpg,200,200,4,[4],550f2ff738aa0a0faaee5b9628ae5ac66393c9d953ff4785d0cad56144cb4d35,train,/content/steel_defect_project/dataset/split_0743b20802d2/images/train/rolled-in_scale_299.jpg,2
rolled-in_scale_3,/content/steel_defect_project/raw/NEU-DET/IMAGES/rolled-in_scale_3.jpg,200,200,4,[4],90d8d56876041d0d04255caa48ea127e79c0b670976cb4f54551da07155895a1,train,/content/steel_defect_project/dataset/split_0743b20802d2/images/train/rolled-in_scale_3.jpg,2
rolled-in_scale_30,/content/steel_defect_project/raw/NEU-DET/IMAGES/rolled-in_scale_30.jpg,200,200,4,[4],fe047731a83a9d89dd27ec5aed2eb129ac62b43619a698ca3ba021c8c429f4bb,train,/content/steel_defect_project/dataset/split_0743b20802d2/images/train/rolled-in_scale_30.jpg,2
rolled-in_scale_300,/content/steel_defect_project/raw/NEU-DET/IMAGES/rolled-in_scale_300.jpg,200,200,4,[4],fab9796f20ab4986cceee8b5869416151ff012382eb7666e636dd1e0ba0f0c33,train,/content/steel_defect_project/dataset/split_0743b20802d2/images/train/rolled-in_scale_300.jpg,2
rolled-in_scale_31,/content/steel_defect_project/raw/NEU-DET/IMAGES/rolled-in_scale_31.jpg,200,200,4,[4],2eacbc5ed084ab86a8736568f7ccce90180caff033e12a1e9ecd38270d51f8ae,train,/content/steel_defect_project/dataset/split_0743b20802d2/images/train/rolled-in_scale_31.jpg,1
rolled-in_scale_32,/content/steel_defect_project/raw/NEU-DET/IMAGES/rolled-in_scale_32.jpg,200,200,4,[4],8ed503b3f8ca1097ba101435d6e96a8d3f76b64ac684d8beae79c73042cfb32e,test,/content/steel_defect_project/dataset/split_0743b20802d2/images/test/rolled-in_scale_32.jpg,1
rolled-in_scale_33,/content/steel_defect_project/raw/NEU-DET/IMAGES/rolled-in_scale_33.jpg,200,200,4,[4],0c88e5bd381d11264d28b31e0ebe5a7d1a43c124ed7c769707eca411ca4243f9,train,/content/steel_defect_project/dataset/split_0743b20802d2/images/train/rolled-in_scale_33.jpg,1
rolled-in_scale_34,/content/steel_defect_project/raw/NEU-DET/IMAGES/rolled-in_scale_34.jpg,200,200,4,[4],fb8dd3c72aabf67191fe713306ba6146addb7e682f8867078d30703da67f202f,train,/content/steel_defect_project/dataset/split_0743b20802d2/images/train/rolled-in_scale_34.jpg,1
rolled-in_scale_35,/content/steel_defect_project/raw/NEU-DET/IMAGES/rolled-in_scale_35.jpg,200,200,4,[4],e583997efdc887a0fa0287a83b7f0f1ba9d2cececfe60bf5e220b2b6b9643943,val,/content/steel_defect_project/dataset/split_0743b20802d2/images/val/rolled-in_scale_35.jpg,3
rolled-in_scale_36,/content/steel_defect_project/raw/NEU-DET/IMAGES/rolled-in_scale_36.jpg,200,200,4,[4],2d82416f8ff3ddf41974b6d31347eb4940dc94bbb1c3d63902d62e8458a20df0,train,/content/steel_defect_project/dataset/split_0743b20802d2/images/train/rolled-in_scale_36.jpg,4
rolled-in_scale_37,/content/steel_defect_project/raw/NEU-DET/IMAGES/rolled-in_scale_37.jpg,200,200,4,[4],b71f01fa1b33623ec76a3dfa73970fe7574965b2de69dd7d6aa4e62cd47af2eb,val,/content/steel_defect_project/dataset/split_0743b20802d2/images/val/rolled-in_scale_37.jpg,4
rolled-in_scale_38,/content/steel_defect_project/raw/NEU-DET/IMAGES/rolled-in_scale_38.jpg,200,200,4,[4],e7daaa15c0b3b77b37fe86657d1cbd724a56f35e69fb93d91910095bcb96666a,train,/content/steel_defect_project/dataset/split_0743b20802d2/images/train/rolled-in_scale_38.jpg,2
rolled-in_scale_39,/content/steel_defect_project/raw/NEU-DET/IMAGES/rolled-in_scale_39.jpg,200,200,4,[4],0216f89fcccc6046d54d346bfda454fe0633ae2b371dc7a40687561a51945722,test,/content/steel_defect_project/dataset/split_0743b20802d2/images/test/rolled-in_scale_39.jpg,3
rolled-in_scale_4,/content/steel_defect_project/raw/NEU-DET/IMAGES/rolled-in_scale_4.jpg,200,200,4,[4],d0f483827a21ed18ac2d4aa566cd07cd9f447497fa9e025dd77af2c87ebf16dd,train,/content/steel_defect_project/dataset/split_0743b20802d2/images/train/rolled-in_scale_4.jpg,2
rolled-in_scale_40,/content/steel_defect_project/raw/NEU-DET/IMAGES/rolled-in_scale_40.jpg,200,200,4,[4],48e0d8fbad481b87aebd26eec0ad6aac53d9478ee48693aa3ac0901036f79e50,test,/content/steel_defect_project/dataset/split_0743b20802d2/images/test/rolled-in_scale_40.jpg,4
rolled-in_scale_41,/content/steel_defect_project/raw/NEU-DET/IMAGES/rolled-in_scale_41.jpg,200,200,4,[4],be6b4a45bfd110c755b3986dbe98d451c9456e7d2c020a939e504884db2940d2,test,/content/steel_defect_project/dataset/split_0743b20802d2/images/test/rolled-in_scale_41.jpg,2
rolled-in_scale_42,/content/steel_defect_project/raw/NEU-DET/IMAGES/rolled-in_scale_42.jpg,200,200,4,[4],1de3dbb2f53fa18dd3123c5851605b1c361c459944b32b0f39856406c971d132,val,/content/steel_defect_project/dataset/split_0743b20802d2/images/val/rolled-in_scale_42.jpg,2
rolled-in_scale_43,/content/steel_defect_project/raw/NEU-DET/IMAGES/rolled-in_scale_43.jpg,200,200,4,[4],197a6161b9e01872d658441c3a98c913b2494eb365d1607a053b4c549cc39489,test,/content/steel_defect_project/dataset/split_0743b20802d2/images/test/rolled-in_scale_43.jpg,3
rolled-in_scale_44,/content/steel_defect_project/raw/NEU-DET/IMAGES/rolled-in_scale_44.jpg,200,200,4,[4],b80a675510bd5e56f34c3bbf44f18a1406357b4beb21beb62f49a2a5d583c199,train,/content/steel_defect_project/dataset/split_0743b20802d2/images/train/rolled-in_scale_44.jpg,2
rolled-in_scale_45,/content/steel_defect_project/raw/NEU-DET/IMAGES/rolled-in_scale_45.jpg,200,200,4,[4],25350a1d74cd011d6349717e90fa09ae84865dff914b99183a5d6629825b9162,train,/content/steel_defect_project/dataset/split_0743b20802d2/images/train/rolled-in_scale_45.jpg,2
rolled-in_scale_46,/content/steel_defect_project/raw/NEU-DET/IMAGES/rolled-in_scale_46.jpg,200,200,4,[4],329d184101c5fd6656f0702a0700eadd025ace4e6ee14305ba089c13538c5647,train,/content/steel_defect_project/dataset/split_0743b20802d2/images/train/rolled-in_scale_46.jpg,2
rolled-in_scale_47,/content/steel_defect_project/raw/NEU-DET/IMAGES/rolled-in_scale_47.jpg,200,200,4,[4],879d022babb13dea69645072ba2d89519333c38ecc65e48a1ce805c7ec8a8cd4,val,/content/steel_defect_project/dataset/split_0743b20802d2/images/val/rolled-in_scale_47.jpg,2
rolled-in_scale_48,/content/steel_defect_project/raw/NEU-DET/IMAGES/rolled-in_scale_48.jpg,200,200,4,[4],d61968da9dee10bb32c57ee6ec17dff8aac656c804dbc0d5f96121872957285a,train,/content/steel_defect_project/dataset/split_0743b20802d2/images/train/rolled-in_scale_48.jpg,3
rolled-in_scale_49,/content/steel_defect_project/raw/NEU-DET/IMAGES/rolled-in_scale_49.jpg,200,200,4,[4],52fb06f3bddff49747de7062cd163a2c2ff7e42752ecb58a28eb00e71650ef64,val,/content/steel_defect_project/dataset/split_0743b20802d2/images/val/rolled-in_scale_49.jpg,3
rolled-in_scale_5,/content/steel_defect_project/raw/NEU-DET/IMAGES/rolled-in_scale_5.jpg,200,200,4,[4],20a529d1abdfa4595ebe4f985661160fa830b57ed6db947c147dfbdc970c5063,train,/content/steel_defect_project/dataset/split_0743b20802d2/images/train/rolled-in_scale_5.jpg,2
rolled-in_scale_50,/content/steel_defect_project/raw/NEU-DET/IMAGES/rolled-in_scale_50.jpg,200,200,4,[4],975ebd13a78168706195b05ed98b74aa49589738cf62809637db5ace9836d734,train,/content/steel_defect_project/dataset/split_0743b20802d2/images/train/rolled-in_scale_50.jpg,4
rolled-in_scale_51,/content/steel_defect_project/raw/NEU-DET/IMAGES/rolled-in_scale_51.jpg,200,200,4,[4],04b0b34ed18950e3e17b09fb9958bdc8ca89038ad2b26a0a5dddf7e55837cc66,test,/content/steel_defect_project/dataset/split_0743b20802d2/images/test/rolled-in_scale_51.jpg,3
rolled-in_scale_52,/content/steel_defect_project/raw/NEU-DET/IMAGES/rolled-in_scale_52.jpg,200,200,4,[4],c5c9843cc93e9020ba017b7a7418284d4e7179b60cbf3225442ae4cbaf665b0f,train,/content/steel_defect_project/dataset/split_0743b20802d2/images/train/rolled-in_scale_52.jpg,3
rolled-in_scale_53,/content/steel_defect_project/raw/NEU-DET/IMAGES/rolled-in_scale_53.jpg,200,200,4,[4],a777ef77c5e919e0f1e90744b45cf875a12044a78a5161bda815b9bbe2c4219b,train,/content/steel_defect_project/dataset/split_0743b20802d2/images/train/rolled-in_scale_53.jpg,2
rolled-in_scale_54,/content/steel_defect_project/raw/NEU-DET/IMAGES/rolled-in_scale_54.jpg,200,200,4,[4],3382875fed3bc86fa10fd227078778b3ef058293f21c7fc214faad5bca19601a,train,/content/steel_defect_project/dataset/split_0743b20802d2/images/train/rolled-in_scale_54.jpg,1
rolled-in_scale_55,/content/steel_defect_project/raw/NEU-DET/IMAGES/rolled-in_scale_55.jpg,200,200,4,[4],5a6617eaba2a9c1569ef67762905830e0c8c5d335c92a47fa15de20acca2c75a,train,/content/steel_defect_project/dataset/split_0743b20802d2/images/train/rolled-in_scale_55.jpg,2
rolled-in_scale_56,/content/steel_defect_project/raw/NEU-DET/IMAGES/rolled-in_scale_56.jpg,200,200,4,[4],26d74454336708a3af61fe96965b9eeeb1a73042562569c071d0b5fa15a3dc57,train,/content/steel_defect_project/dataset/split_0743b20802d2/images/train/rolled-in_scale_56.jpg,2
rolled-in_scale_57,/content/steel_defect_project/raw/NEU-DET/IMAGES/rolled-in_scale_57.jpg,200,200,4,[4],20822ce808c016c449c2b6b4bed71ddde54143fff58f1f0165ad3ed7f7231f52,train,/content/steel_defect_project/dataset/split_0743b20802d2/images/train/rolled-in_scale_57.jpg,2
rolled-in_scale_58,/content/steel_defect_project/raw/NEU-DET/IMAGES/rolled-in_scale_58.jpg,200,200,4,[4],f6182cef14794e97ae91e8162cb9cba61faf07ef7958a8d2fb5bc582658a5052,test,/content/steel_defect_project/dataset/split_0743b20802d2/images/test/rolled-in_scale_58.jpg,1
rolled-in_scale_59,/content/steel_defect_project/raw/NEU-DET/IMAGES/rolled-in_scale_59.jpg,200,200,4,[4],f5fe1ace712e95a106521175c564834221ef16a46f7c8693f11cfe2c0b78585b,train,/content/steel_defect_project/dataset/split_0743b20802d2/images/train/rolled-in_scale_59.jpg,1
rolled-in_scale_6,/content/steel_defect_project/raw/NEU-DET/IMAGES/rolled-in_scale_6.jpg,200,200,4,[4],94cd43d79cd152cff3b07cdd6da092646c0c8e48f15a33da4de1d4f4f706b84f,val,/content/steel_defect_project/dataset/split_0743b20802d2/images/val/rolled-in_scale_6.jpg,3
rolled-in_scale_60,/content/steel_defect_project/raw/NEU-DET/IMAGES/rolled-in_scale_60.jpg,200,200,4,[4],cc53cd60c345c4ba57732a248c9e22d2c6067cf7d6cb1bdd634d17642114cf0e,train,/content/steel_defect_project/dataset/split_0743b20802d2/images/train/rolled-in_scale_60.jpg,2
rolled-in_scale_61,/content/steel_defect_project/raw/NEU-DET/IMAGES/rolled-in_scale_61.jpg,200,200,4,[4],ea3596645c4b25c8c615b777992e1340dcd56cb811c5a5a5dc4cbd11cc769c4b,train,/content/steel_defect_project/dataset/split_0743b20802d2/images/train/rolled-in_scale_61.jpg,1
rolled-in_scale_62,/content/steel_defect_project/raw/NEU-DET/IMAGES/rolled-in_scale_62.jpg,200,200,4,[4],bd6239c5d21be82ea1e19aaa24786090f26d246b54fe995a7728de46a4dd16d0,train,/content/steel_defect_project/dataset/split_0743b20802d2/images/train/rolled-in_scale_62.jpg,3
rolled-in_scale_63,/content/steel_defect_project/raw/NEU-DET/IMAGES/rolled-in_scale_63.jpg,200,200,4,[4],de387ec76c40e003be387a9c268e55fd5454b6f1463f8aa11c37226da1e9bc36,train,/content/steel_defect_project/dataset/split_0743b20802d2/images/train/rolled-in_scale_63.jpg,2
rolled-in_scale_64,/content/steel_defect_project/raw/NEU-DET/IMAGES/rolled-in_scale_64.jpg,200,200,4,[4],aff6b1b6bee8780af30db47c6fb8548050f9c80f15ebf6c1f35b7cf6b8384306,train,/content/steel_defect_project/dataset/split_0743b20802d2/images/train/rolled-in_scale_64.jpg,2
rolled-in_scale_65,/content/steel_defect_project/raw/NEU-DET/IMAGES/rolled-in_scale_65.jpg,200,200,4,[4],4c8c7c5ff0599ac2b230d3c5d1bec74ac8deec999979d16f5a55b9410c1f476d,train,/content/steel_defect_project/dataset/split_0743b20802d2/images/train/rolled-in_scale_65.jpg,2
rolled-in_scale_66,/content/steel_defect_project/raw/NEU-DET/IMAGES/rolled-in_scale_66.jpg,200,200,4,[4],0fe64e862f1208ccfb2c308a700c549aa7fd972dee6aa540200c7e20e29434bb,train,/content/steel_defect_project/dataset/split_0743b20802d2/images/train/rolled-in_scale_66.jpg,2
rolled-in_scale_67,/content/steel_defect_project/raw/NEU-DET/IMAGES/rolled-in_scale_67.jpg,200,200,4,[4],cf887d34edb3729b4e5cdc7a1d32f62f4f4d613c87b7131df00f231d8fa643a4,train,/content/steel_defect_project/dataset/split_0743b20802d2/images/train/rolled-in_scale_67.jpg,3
rolled-in_scale_68,/content/steel_defect_project/raw/NEU-DET/IMAGES/rolled-in_scale_68.jpg,200,200,4,[4],34511423af269a6c773324a2028e1373c4381ca3047a40227a36719424e06f5b,train,/content/steel_defect_project/dataset/split_0743b20802d2/images/train/rolled-in_scale_68.jpg,1
rolled-in_scale_69,/content/steel_defect_project/raw/NEU-DET/IMAGES/rolled-in_scale_69.jpg,200,200,4,[4],294b9488a9892639f75ef726e0fd4f4aabcc9e58b1a7b687ac3358541fcdd455,train,/content/steel_defect_project/dataset/split_0743b20802d2/images/train/rolled-in_scale_69.jpg,2
rolled-in_scale_7,/content/steel_defect_project/raw/NEU-DET/IMAGES/rolled-in_scale_7.jpg,200,200,4,[4],8136fb7ac1379fc13faac7d814f74047289aa1bccd8f317c3baedadcf5956069,test,/content/steel_defect_project/dataset/split_0743b20802d2/images/test/rolled-in_scale_7.jpg,2
rolled-in_scale_70,/content/steel_defect_project/raw/NEU-DET/IMAGES/rolled-in_scale_70.jpg,200,200,4,[4],e9581d31b2321063ea16906a6c5c60aa67fd25b9ef4d4cc78e3ac01bd27ff557,train,/content/steel_defect_project/dataset/split_0743b20802d2/images/train/rolled-in_scale_70.jpg,3
rolled-in_scale_71,/content/steel_defect_project/raw/NEU-DET/IMAGES/rolled-in_scale_71.jpg,200,200,4,[4],9afd8110aae8bdb6e93587f3158e5d9bc58a068de7a779b61e1651a2ac6fb15c,train,/content/steel_defect_project/dataset/split_0743b20802d2/images/train/rolled-in_scale_71.jpg,2
rolled-in_scale_72,/content/steel_defect_project/raw/NEU-DET/IMAGES/rolled-in_scale_72.jpg,200,200,4,[4],b0cabc686436cb6025b1c18a795f6a9619763118ba8b07c9576a0d747f5a69a1,train,/content/steel_defect_project/dataset/split_0743b20802d2/images/train/rolled-in_scale_72.jpg,3
rolled-in_scale_73,/content/steel_defect_project/raw/NEU-DET/IMAGES/rolled-in_scale_73.jpg,200,200,4,[4],1f5890ed2e6caf046ed4b85d4e8dddb05b228f5a61b706931bd8b5e5e6ad60c9,train,/content/steel_defect_project/dataset/split_0743b20802d2/images/train/rolled-in_scale_73.jpg,2
rolled-in_scale_74,/content/steel_defect_project/raw/NEU-DET/IMAGES/rolled-in_scale_74.jpg,200,200,4,[4],37c42807ea85d47997fde776b8e326d4bd47586292114a02d63788b6ff1c9e5c,train,/content/steel_defect_project/dataset/split_0743b20802d2/images/train/rolled-in_scale_74.jpg,2
rolled-in_scale_75,/content/steel_defect_project/raw/NEU-DET/IMAGES/rolled-in_scale_75.jpg,200,200,4,[4],420c18ad432ae9b8c08a5f9dbeed159eebc06be45040bfcb6a2b225488d83f66,val,/content/steel_defect_project/dataset/split_0743b20802d2/images/val/rolled-in_scale_75.jpg,2
rolled-in_scale_76,/content/steel_defect_project/raw/NEU-DET/IMAGES/rolled-in_scale_76.jpg,200,200,4,[4],b5399148f75d621cea5e403126090e766c1e71345bef22bafd0dc157ce6c094d,train,/content/steel_defect_project/dataset/split_0743b20802d2/images/train/rolled-in_scale_76.jpg,2
rolled-in_scale_77,/content/steel_defect_project/raw/NEU-DET/IMAGES/rolled-in_scale_77.jpg,200,200,4,[4],f89f81f2d4352ae45ef339cbf7ef002bafbe4199c20c92c4a5584ec974358d88,train,/content/steel_defect_project/dataset/split_0743b20802d2/images/train/rolled-in_scale_77.jpg,2
rolled-in_scale_78,/content/steel_defect_project/raw/NEU-DET/IMAGES/rolled-in_scale_78.jpg,200,200,4,[4],8eece031aabe27c1231de368b2e83677df3a4fb068cc96c519316759b97a322e,val,/content/steel_defect_project/dataset/split_0743b20802d2/images/val/rolled-in_scale_78.jpg,2
rolled-in_scale_79,/content/steel_defect_project/raw/NEU-DET/IMAGES/rolled-in_scale_79.jpg,200,200,4,[4],ad5056d6d414d5f7af9f3392724eff5c7fdae4d474436a81b46fba0c8d9d2365,val,/content/steel_defect_project/dataset/split_0743b20802d2/images/val/rolled-in_scale_79.jpg,2
rolled-in_scale_8,/content/steel_defect_project/raw/NEU-DET/IMAGES/rolled-in_scale_8.jpg,200,200,4,[4],c47d4f0e1dd09a5534c21f008687c4f2da69c7b50c725bcf041e34df97a38073,train,/content/steel_defect_project/dataset/split_0743b20802d2/images/train/rolled-in_scale_8.jpg,2
rolled-in_scale_80,/content/steel_defect_project/raw/NEU-DET/IMAGES/rolled-in_scale_80.jpg,200,200,4,[4],24a7cfad0b9e917517d014cc89629e96b881f75cd9af557022cf88286d9bc161,test,/content/steel_defect_project/dataset/split_0743b20802d2/images/test/rolled-in_scale_80.jpg,2
rolled-in_scale_81,/content/steel_defect_project/raw/NEU-DET/IMAGES/rolled-in_scale_81.jpg,200,200,4,[4],711be4c2fae02be1f3acf239723dd35fb2d4ba25e7f6304b74b74e9e71327566,train,/content/steel_defect_project/dataset/split_0743b20802d2/images/train/rolled-in_scale_81.jpg,3
rolled-in_scale_82,/content/steel_defect_project/raw/NEU-DET/IMAGES/rolled-in_scale_82.jpg,200,200,4,[4],e1f31c28c4d065e72db82fa3589daee6a592978b148545652baa12c259e529bb,train,/content/steel_defect_project/dataset/split_0743b20802d2/images/train/rolled-in_scale_82.jpg,2
rolled-in_scale_83,/content/steel_defect_project/raw/NEU-DET/IMAGES/rolled-in_scale_83.jpg,200,200,4,[4],8cce3187a687affdd5f4f640e62b165fa3ef92a6a51d9b31f07ade507af97279,train,/content/steel_defect_project/dataset/split_0743b20802d2/images/train/rolled-in_scale_83.jpg,3
rolled-in_scale_84,/content/steel_defect_project/raw/NEU-DET/IMAGES/rolled-in_scale_84.jpg,200,200,4,[4],fe40697beeef6e2bf2954f68e093e5b93f33daac57ab9a1130252c775fff745d,train,/content/steel_defect_project/dataset/split_0743b20802d2/images/train/rolled-in_scale_84.jpg,2
rolled-in_scale_85,/content/steel_defect_project/raw/NEU-DET/IMAGES/rolled-in_scale_85.jpg,200,200,4,[4],215864f0d4928960ef45a46696450ec6acdf373c6adc142d1264a60a6556669a,train,/content/steel_defect_project/dataset/split_0743b20802d2/images/train/rolled-in_scale_85.jpg,2
rolled-in_scale_86,/content/steel_defect_project/raw/NEU-DET/IMAGES/rolled-in_scale_86.jpg,200,200,4,[4],95a42922b3045688125da36bbe9658035a41ca97d92380af15a29a4977dc65de,train,/content/steel_defect_project/dataset/split_0743b20802d2/images/train/rolled-in_scale_86.jpg,2
rolled-in_scale_87,/content/steel_defect_project/raw/NEU-DET/IMAGES/rolled-in_scale_87.jpg,200,200,4,[4],cfc73c0f23a87b759732b56f2152f7782be643480818ffec814d485131b9b884,train,/content/steel_defect_project/dataset/split_0743b20802d2/images/train/rolled-in_scale_87.jpg,2
rolled-in_scale_88,/content/steel_defect_project/raw/NEU-DET/IMAGES/rolled-in_scale_88.jpg,200,200,4,[4],11a93758f2025569a9c2ec0d2784e0bdb0b8732fef6ef0532945315b5f4721ae,test,/content/steel_defect_project/dataset/split_0743b20802d2/images/test/rolled-in_scale_88.jpg,2
rolled-in_scale_89,/content/steel_defect_project/raw/NEU-DET/IMAGES/rolled-in_scale_89.jpg,200,200,4,[4],a4bc7bf2818bf65ffa8ab84916b0c6b9a03475ead1d49b636244602bb16213a1,train,/content/steel_defect_project/dataset/split_0743b20802d2/images/train/rolled-in_scale_89.jpg,2
rolled-in_scale_9,/content/steel_defect_project/raw/NEU-DET/IMAGES/rolled-in_scale_9.jpg,200,200,4,[4],9c12dfe06840c3a8614697ad449c924707c5e5c22730604d9b9dd9eefefd80ba,train,/content/steel_defect_project/dataset/split_0743b20802d2/images/train/rolled-in_scale_9.jpg,1
rolled-in_scale_90,/content/steel_defect_project/raw/NEU-DET/IMAGES/rolled-in_scale_90.jpg,200,200,4,[4],12d34f35da39a877f019a4be4900691d26e7c82228f033621d5afb1aadc8b047,test,/content/steel_defect_project/dataset/split_0743b20802d2/images/test/rolled-in_scale_90.jpg,2
rolled-in_scale_91,/content/steel_defect_project/raw/NEU-DET/IMAGES/rolled-in_scale_91.jpg,200,200,4,[4],922e0800015d33323d3238ea4357bfdbf16d6b08d2b49ec0625c7485252aefb3,train,/content/steel_defect_project/dataset/split_0743b20802d2/images/train/rolled-in_scale_91.jpg,2
rolled-in_scale_92,/content/steel_defect_project/raw/NEU-DET/IMAGES/rolled-in_scale_92.jpg,200,200,4,[4],86a38e9c338c3085429e89310fba3d8911dfc719816535b89e822498c85c1925,train,/content/steel_defect_project/dataset/split_0743b20802d2/images/train/rolled-in_scale_92.jpg,1
rolled-in_scale_93,/content/steel_defect_project/raw/NEU-DET/IMAGES/rolled-in_scale_93.jpg,200,200,4,[4],b3481f9dd34c5c241972fa1f22d0fd087fab742297491df92e37d732e9210844,train,/content/steel_defect_project/dataset/split_0743b20802d2/images/train/rolled-in_scale_93.jpg,2
rolled-in_scale_94,/content/steel_defect_project/raw/NEU-DET/IMAGES/rolled-in_scale_94.jpg,200,200,4,[4],1b0b9356153f1600600573a395cc3acf4af5d6c05e05f247da03225a114db162,test,/content/steel_defect_project/dataset/split_0743b20802d2/images/test/rolled-in_scale_94.jpg,1
rolled-in_scale_95,/content/steel_defect_project/raw/NEU-DET/IMAGES/rolled-in_scale_95.jpg,200,200,4,[4],08409b7e16897a03fd4aae41a2fa8dcc4676bc4d16f0c7bb4d88b4fc789f938f,val,/content/steel_defect_project/dataset/split_0743b20802d2/images/val/rolled-in_scale_95.jpg,2
rolled-in_scale_96,/content/steel_defect_project/raw/NEU-DET/IMAGES/rolled-in_scale_96.jpg,200,200,4,[4],930ded197f7b0187d22b7457c97d38e66406321926a9f1e6d47259ec966aedda,test,/content/steel_defect_project/dataset/split_0743b20802d2/images/test/rolled-in_scale_96.jpg,2
rolled-in_scale_97,/content/steel_defect_project/raw/NEU-DET/IMAGES/rolled-in_scale_97.jpg,200,200,4,[4],ca216ddaa476937f212081234f29f9df61d28c91c25ad1577fe6a046bdf78810,train,/content/steel_defect_project/dataset/split_0743b20802d2/images/train/rolled-in_scale_97.jpg,2
rolled-in_scale_98,/content/steel_defect_project/raw/NEU-DET/IMAGES/rolled-in_scale_98.jpg,200,200,4,[4],a7592f5f00c1016f5b8169d7cad3340c39f00095db3a17616aaedbe1c8f8010e,train,/content/steel_defect_project/dataset/split_0743b20802d2/images/train/rolled-in_scale_98.jpg,3
rolled-in_scale_99,/content/steel_defect_project/raw/NEU-DET/IMAGES/rolled-in_scale_99.jpg,200,200,4,[4],dbc3e5f9a6f97b9521cfac8451032af8f63dcbefdfe2f4cbd7e5f1ac2f1506d1,train,/content/steel_defect_project/dataset/split_0743b20802d2/images/train/rolled-in_scale_99.jpg,2
scratches_1,/content/steel_defect_project/raw/NEU-DET/IMAGES/scratches_1.jpg,200,200,5,[5],723a0184233190ae65df72d645ccb607b1242cb51081cc0e19abbbe8b645901b,train,/content/steel_defect_project/dataset/split_0743b20802d2/images/train/scratches_1.jpg,2
scratches_10,/content/steel_defect_project/raw/NEU-DET/IMAGES/scratches_10.jpg,200,200,5,[5],96e9752ef68b943c65cc04c17198031437f1a4e4cb51ee54f306a6a60c2af20f,train,/content/steel_defect_project/dataset/split_0743b20802d2/images/train/scratches_10.jpg,3
scratches_100,/content/steel_defect_project/raw/NEU-DET/IMAGES/scratches_100.jpg,200,200,5,[5],a47b70b0d6120ada09479289186f5e327f1a79e0e4d9572692e047aef4313309,train,/content/steel_defect_project/dataset/split_0743b20802d2/images/train/scratches_100.jpg,1
scratches_101,/content/steel_defect_project/raw/NEU-DET/IMAGES/scratches_101.jpg,200,200,5,[5],df1a28a4e519f1f4f4240547f0ef4dcc7dca5de103b0ea195cfc29b1fee5acc6,test,/content/steel_defect_project/dataset/split_0743b20802d2/images/test/scratches_101.jpg,1
scratches_102,/content/steel_defect_project/raw/NEU-DET/IMAGES/scratches_102.jpg,200,200,5,[5],4e99d09f4c978f1bdbb031d90470eafcfd84a7e2fdf011b7316f1272fb58dde8,train,/content/steel_defect_project/dataset/split_0743b20802d2/images/train/scratches_102.jpg,1
scratches_103,/content/steel_defect_project/raw/NEU-DET/IMAGES/scratches_103.jpg,200,200,5,[5],693f92739a068c97230f4426feb2f898b33a9a26bd0e02ce973a32b28b32ad71,train,/content/steel_defect_project/dataset/split_0743b20802d2/images/train/scratches_103.jpg,1
scratches_104,/content/steel_defect_project/raw/NEU-DET/IMAGES/scratches_104.jpg,200,200,5,[5],41d3cff0122555c69154363a34038d01a0ced8995364cc12a330105787e15cca,train,/content/steel_defect_project/dataset/split_0743b20802d2/images/train/scratches_104.jpg,1
scratches_105,/content/steel_defect_project/raw/NEU-DET/IMAGES/scratches_105.jpg,200,200,5,[5],aa6a15a59098732f629e012f383102113e7176b908ff4fb0a98ba5f4b959d4c5,val,/content/steel_defect_project/dataset/split_0743b20802d2/images/val/scratches_105.jpg,1
scratches_106,/content/steel_defect_project/raw/NEU-DET/IMAGES/scratches_106.jpg,200,200,5,[5],22d4f4db555de0ca2777682b19c293ac8928a4ae6ab726fe833ca1853f2420d6,train,/content/steel_defect_project/dataset/split_0743b20802d2/images/train/scratches_106.jpg,1
scratches_107,/content/steel_defect_project/raw/NEU-DET/IMAGES/scratches_107.jpg,200,200,5,[5],0fac8587f66d8a41762ab861b022923a0acbceb4b3cae638142cdd5fda7339df,train,/content/steel_defect_project/dataset/split_0743b20802d2/images/train/scratches_107.jpg,1
scratches_108,/content/steel_defect_project/raw/NEU-DET/IMAGES/scratches_108.jpg,200,200,5,"[1, 5]",1630bebaddce2398af1cedfcba639a10bb108503aeae7e217874a26481ecfba1,train,/content/steel_defect_project/dataset/split_0743b20802d2/images/train/scratches_108.jpg,4
scratches_109,/content/steel_defect_project/raw/NEU-DET/IMAGES/scratches_109.jpg,200,200,5,"[1, 5]",8108bbce887bb5b99f95c6224d31ff758f6d01a75d84f09e119bea3a6a9e8d6f,train,/content/steel_defect_project/dataset/split_0743b20802d2/images/train/scratches_109.jpg,5
scratches_11,/content/steel_defect_project/raw/NEU-DET/IMAGES/scratches_11.jpg,200,200,5,[5],57f5938b705a1be8cfac004b49e7c7fef2447bfddb7d3fe4258cff75924bdeed,val,/content/steel_defect_project/dataset/split_0743b20802d2/images/val/scratches_11.jpg,2
scratches_110,/content/steel_defect_project/raw/NEU-DET/IMAGES/scratches_110.jpg,200,200,5,"[1, 5]",b5d7afb5553324b873a9ec6a78edb7d99315a0a6b289e8d5138637f48051bac6,test,/content/steel_defect_project/dataset/split_0743b20802d2/images/test/scratches_110.jpg,3
scratches_111,/content/steel_defect_project/raw/NEU-DET/IMAGES/scratches_111.jpg,200,200,5,"[1, 5]",d1d1567d4cebbc06c78121da69b0265a7741ac7cfcdbc4415a2bcc49050da0e9,test,/content/steel_defect_project/dataset/split_0743b20802d2/images/test/scratches_111.jpg,4
scratches_112,/content/steel_defect_project/raw/NEU-DET/IMAGES/scratches_112.jpg,200,200,5,[5],11e9d15ff9da487fad4460730ecbbdd5f5230fa3a83e2a2041fc7c0f48248370,train,/content/steel_defect_project/dataset/split_0743b20802d2/images/train/scratches_112.jpg,1
scratches_113,/content/steel_defect_project/raw/NEU-DET/IMAGES/scratches_113.jpg,200,200,5,"[1, 5]",f5c8bd4aa3987fbb152ad5b2389820820670db57f751e4d541996c77baf214f4,train,/content/steel_defect_project/dataset/split_0743b20802d2/images/train/scratches_113.jpg,3
scratches_114,/content/steel_defect_project/raw/NEU-DET/IMAGES/scratches_114.jpg,200,200,5,[5],978a065ab3934265758908ffe0e36dc8b13c8206d94dbe20305024375ae249c8,val,/content/steel_defect_project/dataset/split_0743b20802d2/images/val/scratches_114.jpg,3
scratches_115,/content/steel_defect_project/raw/NEU-DET/IMAGES/scratches_115.jpg,200,200,5,"[1, 5]",5e9f89fe90200ca5743c612db654da41ad980b0cf4f82ffb291744c80f4efcaf,train,/content/steel_defect_project/dataset/split_0743b20802d2/images/train/scratches_115.jpg,3
scratches_116,/content/steel_defect_project/raw/NEU-DET/IMAGES/scratches_116.jpg,200,200,5,[5],293b63fb793611e24c9d565d658b727cf65d4c0a70d19824cfc09f482665cdc0,train,/content/steel_defect_project/dataset/split_0743b20802d2/images/train/scratches_116.jpg,2
scratches_117,/content/steel_defect_project/raw/NEU-DET/IMAGES/scratches_117.jpg,200,200,5,[5],6705890154038a443bc4fd9ae5f5eec380cb9f05cdcd2e422d276648c164eb34,val,/content/steel_defect_project/dataset/split_0743b20802d2/images/val/scratches_117.jpg,3
scratches_118,/content/steel_defect_project/raw/NEU-DET/IMAGES/scratches_118.jpg,200,200,5,"[1, 5]",746ed4f676ff3bcd87dc1321b2ad27ce0e2ad19c5d60717544047cda0d41b4c6,val,/content/steel_defect_project/dataset/split_0743b20802d2/images/val/scratches_118.jpg,3
scratches_119,/content/steel_defect_project/raw/NEU-DET/IMAGES/scratches_119.jpg,200,200,5,[5],6e80c0e034fb40a6a0f62a32871e60e8db05a05ce96f78c1b618da186c68f12b,train,/content/steel_defect_project/dataset/split_0743b20802d2/images/train/scratches_119.jpg,2
scratches_12,/content/steel_defect_project/raw/NEU-DET/IMAGES/scratches_12.jpg,200,200,5,[5],1a3e42d8255b5598d5ae649397a3d35849c2977651e0c642fb6da06277055601,val,/content/steel_defect_project/dataset/split_0743b20802d2/images/val/scratches_12.jpg,2
scratches_120,/content/steel_defect_project/raw/NEU-DET/IMAGES/scratches_120.jpg,200,200,5,"[1, 5]",b2ceb9c8a3ed85a4622ec8865dbeccbe195c4fa016f81cf9e7844d33bf6755b3,train,/content/steel_defect_project/dataset/split_0743b20802d2/images/train/scratches_120.jpg,4
scratches_121,/content/steel_defect_project/raw/NEU-DET/IMAGES/scratches_121.jpg,200,200,5,"[1, 5]",dfe0990ed42b11e46cbc6f0522b70a20a28496e77bd516e614dc87dd2367d818,train,/content/steel_defect_project/dataset/split_0743b20802d2/images/train/scratches_121.jpg,3
scratches_122,/content/steel_defect_project/raw/NEU-DET/IMAGES/scratches_122.jpg,200,200,5,"[1, 5]",f6147f47cc4c2806f6119881d4af8362fca5b9af8cdf81c39751720a0a7b908c,test,/content/steel_defect_project/dataset/split_0743b20802d2/images/test/scratches_122.jpg,2
scratches_123,/content/steel_defect_project/raw/NEU-DET/IMAGES/scratches_123.jpg,200,200,5,[5],fc02ae3a3bfb0d3f0ffa612edafdc674d31bf224ea3b417982b1db011cb281e2,train,/content/steel_defect_project/dataset/split_0743b20802d2/images/train/scratches_123.jpg,3
scratches_124,/content/steel_defect_project/raw/NEU-DET/IMAGES/scratches_124.jpg,200,200,5,[5],5c99673d5ecabbd537ba0da847750fb55ec6c563aab07ed8db6b9c4fddedf088,train,/content/steel_defect_project/dataset/split_0743b20802d2/images/train/scratches_124.jpg,2
scratches_125,/content/steel_defect_project/raw/NEU-DET/IMAGES/scratches_125.jpg,200,200,5,[5],cdb056e987f6baccb0c62c4cc2118e6510cdf387d3a1d37906a2b189b8245895,train,/content/steel_defect_project/dataset/split_0743b20802d2/images/train/scratches_125.jpg,1
scratches_126,/content/steel_defect_project/raw/NEU-DET/IMAGES/scratches_126.jpg,200,200,5,[5],5bd7fce2bc250b0fcc08653993cb485250c5b9fae25eddcf0dae4e08ba301a2b,test,/content/steel_defect_project/dataset/split_0743b20802d2/images/test/scratches_126.jpg,1
scratches_127,/content/steel_defect_project/raw/NEU-DET/IMAGES/scratches_127.jpg,200,200,5,"[1, 5]",ddf550fcdea2ce4593a550c3250b20eaf8aad5dcdc8aae8a6bbde8bd3eef7187,train,/content/steel_defect_project/dataset/split_0743b20802d2/images/train/scratches_127.jpg,2
scratches_128,/content/steel_defect_project/raw/NEU-DET/IMAGES/scratches_128.jpg,200,200,5,"[1, 5]",7ef147e90ac689a4c45dd1bfd5e84d0c88ef698c9cd61a492e55978f718fad3b,train,/content/steel_defect_project/dataset/split_0743b20802d2/images/train/scratches_128.jpg,2
scratches_129,/content/steel_defect_project/raw/NEU-DET/IMAGES/scratches_129.jpg,200,200,5,"[1, 5]",89c65aaf991b268f72c387919b5e2b6dc6f73fd022d88d0caa58cee6afdc1fa6,train,/content/steel_defect_project/dataset/split_0743b20802d2/images/train/scratches_129.jpg,2
scratches_13,/content/steel_defect_project/raw/NEU-DET/IMAGES/scratches_13.jpg,200,200,5,[5],8f71c4a43c7d5953404ce5e374a31d03995946b838c6cf3c1d26ef8a26cbf051,test,/content/steel_defect_project/dataset/split_0743b20802d2/images/test/scratches_13.jpg,2
scratches_130,/content/steel_defect_project/raw/NEU-DET/IMAGES/scratches_130.jpg,200,200,5,"[1, 5]",24ce088a2b6f71c1f3d8fc093088a855ab4a46148ad33286a697a3e642b9a7fc,train,/content/steel_defect_project/dataset/split_0743b20802d2/images/train/scratches_130.jpg,3
scratches_131,/content/steel_defect_project/raw/NEU-DET/IMAGES/scratches_131.jpg,200,200,5,"[1, 5]",39a35e068c295a87582d684d3e5fed7367d216ae5c1a9e1ff51dff0bbd425f00,val,/content/steel_defect_project/dataset/split_0743b20802d2/images/val/scratches_131.jpg,4
scratches_132,/content/steel_defect_project/raw/NEU-DET/IMAGES/scratches_132.jpg,200,200,5,"[1, 5]",69a3d2ce434408570136595d5ad8466efe160dfa93b4194d62e07f6318b73fde,train,/content/steel_defect_project/dataset/split_0743b20802d2/images/train/scratches_132.jpg,3
scratches_133,/content/steel_defect_project/raw/NEU-DET/IMAGES/scratches_133.jpg,200,200,5,[5],b05d821eaf7f26799ab2cb9994b03cfcaa46e0cdd79334987a6ec6ac70a7841f,train,/content/steel_defect_project/dataset/split_0743b20802d2/images/train/scratches_133.jpg,1
scratches_134,/content/steel_defect_project/raw/NEU-DET/IMAGES/scratches_134.jpg,200,200,5,[5],c6fb45fb6f4158243c5d97b7c4dd40e4ea6eed333a4bdbdb0871302814e51b67,val,/content/steel_defect_project/dataset/split_0743b20802d2/images/val/scratches_134.jpg,1
scratches_135,/content/steel_defect_project/raw/NEU-DET/IMAGES/scratches_135.jpg,200,200,5,"[1, 5]",506a37d186dec7c5d0dca364bc2297ff264ef803d2a65a9ccedceed747846eef,val,/content/steel_defect_project/dataset/split_0743b20802d2/images/val/scratches_135.jpg,2
scratches_136,/content/steel_defect_project/raw/NEU-DET/IMAGES/scratches_136.jpg,200,200,5,[5],b01d2ab3493c8cbb8d0e9aa98aadb0f74c1e4396b520f66e4e7d0b1002716ab1,train,/content/steel_defect_project/dataset/split_0743b20802d2/images/train/scratches_136.jpg,1
scratches_137,/content/steel_defect_project/raw/NEU-DET/IMAGES/scratches_137.jpg,200,200,5,"[1, 5]",7d2bcf873b78542e162cea02d3345439b3ff54e7f3bc048d87f9bf17f65b60ed,train,/content/steel_defect_project/dataset/split_0743b20802d2/images/train/scratches_137.jpg,2
scratches_138,/content/steel_defect_project/raw/NEU-DET/IMAGES/scratches_138.jpg,200,200,5,"[1, 5]",e84ec550f87144407a5b4060dc0b3a9ae1bc9b6fb8f0d3d95c4548574aad602c,test,/content/steel_defect_project/dataset/split_0743b20802d2/images/test/scratches_138.jpg,2
scratches_139,/content/steel_defect_project/raw/NEU-DET/IMAGES/scratches_139.jpg,200,200,5,"[1, 5]",44d70130c1f6c45133beac9ca3d5c1389f89e20debf1cfe6d8f066cba2cc055a,train,/content/steel_defect_project/dataset/split_0743b20802d2/images/train/scratches_139.jpg,3
scratches_14,/content/steel_defect_project/raw/NEU-DET/IMAGES/scratches_14.jpg,200,200,5,[5],b22a5b1016b48e1221b5cd0f55e4f81b7b8620a3e2976af131f5924848434caa,train,/content/steel_defect_project/dataset/split_0743b20802d2/images/train/scratches_14.jpg,2
scratches_140,/content/steel_defect_project/raw/NEU-DET/IMAGES/scratches_140.jpg,200,200,5,"[1, 5]",71f8f9b7ed2f373d89dcbcd6c56d73565962d7f216d35cc94459a902bb9060aa,test,/content/steel_defect_project/dataset/split_0743b20802d2/images/test/scratches_140.jpg,4
scratches_141,/content/steel_defect_project/raw/NEU-DET/IMAGES/scratches_141.jpg,200,200,5,"[1, 5]",8d0088ab6b593b1679ef7d816985a24436af6ba8c84b896689f3d0bc7c5a42a3,test,/content/steel_defect_project/dataset/split_0743b20802d2/images/test/scratches_141.jpg,5
scratches_142,/content/steel_defect_project/raw/NEU-DET/IMAGES/scratches_142.jpg,200,200,5,[5],486877830525f1dfa8c501c12ee2410f609cdf72d88c4f1e5a28d1a02b2b8bcf,train,/content/steel_defect_project/dataset/split_0743b20802d2/images/train/scratches_142.jpg,2
scratches_143,/content/steel_defect_project/raw/NEU-DET/IMAGES/scratches_143.jpg,200,200,5,"[1, 5]",3e93812e2ea3e6e1e840dde7bd7b311a703ee2725f65d143bb1e5a16308cf95b,test,/content/steel_defect_project/dataset/split_0743b20802d2/images/test/scratches_143.jpg,3
scratches_144,/content/steel_defect_project/raw/NEU-DET/IMAGES/scratches_144.jpg,200,200,5,[5],29d8e61eb2c37d16370bdaad169cee3247be66a823bd87457c26ff84161683cf,train,/content/steel_defect_project/dataset/split_0743b20802d2/images/train/scratches_144.jpg,3
scratches_145,/content/steel_defect_project/raw/NEU-DET/IMAGES/scratches_145.jpg,200,200,5,[5],62f3f5c0fed85f18ad80b2f3136cdc8e589b6c67601c780fb4398525a5024b5e,train,/content/steel_defect_project/dataset/split_0743b20802d2/images/train/scratches_145.jpg,2
scratches_146,/content/steel_defect_project/raw/NEU-DET/IMAGES/scratches_146.jpg,200,200,5,"[1, 5]",5e4a2ff4c17ef146daf05d3950d092f2136dda02d73f003baec1e3ff10d0e017,train,/content/steel_defect_project/dataset/split_0743b20802d2/images/train/scratches_146.jpg,3
scratches_147,/content/steel_defect_project/raw/NEU-DET/IMAGES/scratches_147.jpg,200,200,5,[5],4f3c9bb5325c5b15ba8c12a95b225b766f537b4fd68991e44499c2888e41615f,test,/content/steel_defect_project/dataset/split_0743b20802d2/images/test/scratches_147.jpg,2
scratches_148,/content/steel_defect_project/raw/NEU-DET/IMAGES/scratches_148.jpg,200,200,5,[5],ac4bbbb0125c909ae81d67a0a2b5497cc806132244363390c5a9430f597d1748,train,/content/steel_defect_project/dataset/split_0743b20802d2/images/train/scratches_148.jpg,2
scratches_149,/content/steel_defect_project/raw/NEU-DET/IMAGES/scratches_149.jpg,200,200,5,[5],f216a784f203cfa2bd06a8ef01eaddb887c80c050fe38a593d77da85a1cc5edd,test,/content/steel_defect_project/dataset/split_0743b20802d2/images/test/scratches_149.jpg,1
scratches_15,/content/steel_defect_project/raw/NEU-DET/IMAGES/scratches_15.jpg,200,200,5,[5],bd42140a5e8df42041e632253c5ec4ffc512362699b64dde71197dae66132eba,train,/content/steel_defect_project/dataset/split_0743b20802d2/images/train/scratches_15.jpg,4
scratches_150,/content/steel_defect_project/raw/NEU-DET/IMAGES/scratches_150.jpg,200,200,5,[5],027d8e6dd242ad7060a612f82e12fe5f6558ed5a3ac333286ff8d8677db73d26,train,/content/steel_defect_project/dataset/split_0743b20802d2/images/train/scratches_150.jpg,1
scratches_151,/content/steel_defect_project/raw/NEU-DET/IMAGES/scratches_151.jpg,200,200,5,[5],6406d85f83eccc2732360168ae803ced628ff7c15fe9b81b33bd6b72e92c94a0,test,/content/steel_defect_project/dataset/split_0743b20802d2/images/test/scratches_151.jpg,2
scratches_152,/content/steel_defect_project/raw/NEU-DET/IMAGES/scratches_152.jpg,200,200,5,[5],b73d490157165104aadcb9ab9bffb78205cf5e982589c2ce0b00d16ffdcc835a,train,/content/steel_defect_project/dataset/split_0743b20802d2/images/train/scratches_152.jpg,1
scratches_153,/content/steel_defect_project/raw/NEU-DET/IMAGES/scratches_153.jpg,200,200,5,[5],42eae47ef8b9b3503316f57278bab9abed5ed14d81e767fb960df178b6e5fef5,train,/content/steel_defect_project/dataset/split_0743b20802d2/images/train/scratches_153.jpg,2
scratches_154,/content/steel_defect_project/raw/NEU-DET/IMAGES/scratches_154.jpg,200,200,5,[5],3212eb62dcb7a60867d8b398584cdaa9acb569e8a74e4393d1a7c1ecdc1ad0e8,train,/content/steel_defect_project/dataset/split_0743b20802d2/images/train/scratches_154.jpg,3
scratches_155,/content/steel_defect_project/raw/NEU-DET/IMAGES/scratches_155.jpg,200,200,5,[5],1a6d0804ef51b230aa7674601d6358ab3461a3321715cf733f421656afd1ad6f,test,/content/steel_defect_project/dataset/split_0743b20802d2/images/test/scratches_155.jpg,3
scratches_156,/content/steel_defect_project/raw/NEU-DET/IMAGES/scratches_156.jpg,200,200,5,[5],f6610819ba01ddaa5b2d5f3b2e23aadad293326ca40d9c040ac5f348d80979b8,train,/content/steel_defect_project/dataset/split_0743b20802d2/images/train/scratches_156.jpg,2
scratches_157,/content/steel_defect_project/raw/NEU-DET/IMAGES/scratches_157.jpg,200,200,5,[5],eb8dbdbad478bb08ee2a3cf9bf2d738dc983762da08dc02778dd38499f1e263a,train,/content/steel_defect_project/dataset/split_0743b20802d2/images/train/scratches_157.jpg,2
scratches_158,/content/steel_defect_project/raw/NEU-DET/IMAGES/scratches_158.jpg,200,200,5,[5],f451668d5830d47ea9d414a1d6f25728e3dbe6ebe23d852d65b20e4171d18d25,train,/content/steel_defect_project/dataset/split_0743b20802d2/images/train/scratches_158.jpg,3
scratches_159,/content/steel_defect_project/raw/NEU-DET/IMAGES/scratches_159.jpg,200,200,5,[5],803c19e91bba567e316ed8568cf7d6b9b64a2ebff2098fb657426989a1cc28aa,test,/content/steel_defect_project/dataset/split_0743b20802d2/images/test/scratches_159.jpg,2
scratches_16,/content/steel_defect_project/raw/NEU-DET/IMAGES/scratches_16.jpg,200,200,5,[5],5c90f51e41780f0b0d89bcd47e3fd7ec54eeba0ca4c1793c929573d7aa94d714,train,/content/steel_defect_project/dataset/split_0743b20802d2/images/train/scratches_16.jpg,2
scratches_160,/content/steel_defect_project/raw/NEU-DET/IMAGES/scratches_160.jpg,200,200,5,[5],365e356474f3cb51f44c7a397aec178cb58100ec2f2eec81f11fdecb29395925,train,/content/steel_defect_project/dataset/split_0743b20802d2/images/train/scratches_160.jpg,3
scratches_161,/content/steel_defect_project/raw/NEU-DET/IMAGES/scratches_161.jpg,200,200,5,[5],bf779628031c216a029d0f7b002901939140eff1405c4e249aa1b698549bde5a,val,/content/steel_defect_project/dataset/split_0743b20802d2/images/val/scratches_161.jpg,2
scratches_162,/content/steel_defect_project/raw/NEU-DET/IMAGES/scratches_162.jpg,200,200,5,[5],4feb651e1d972757748b3266a794fed9ea978633a9a511226e671901d57bf4e3,train,/content/steel_defect_project/dataset/split_0743b20802d2/images/train/scratches_162.jpg,2
scratches_163,/content/steel_defect_project/raw/NEU-DET/IMAGES/scratches_163.jpg,200,200,5,[5],309e86f6c59c7032b3535d484a67a14692248806446aef68fe068e068a3511f6,train,/content/steel_defect_project/dataset/split_0743b20802d2/images/train/scratches_163.jpg,4
scratches_164,/content/steel_defect_project/raw/NEU-DET/IMAGES/scratches_164.jpg,200,200,5,[5],61bb03fa57ec2db8dd37476307b367b765761fd48efe24f9317fe7afa6200381,train,/content/steel_defect_project/dataset/split_0743b20802d2/images/train/scratches_164.jpg,3
scratches_165,/content/steel_defect_project/raw/NEU-DET/IMAGES/scratches_165.jpg,200,200,5,[5],797d9bf8465be05bbff8bc2f1c7e1f96c3a478a2d9c730050440704427c52a07,test,/content/steel_defect_project/dataset/split_0743b20802d2/images/test/scratches_165.jpg,2
scratches_166,/content/steel_defect_project/raw/NEU-DET/IMAGES/scratches_166.jpg,200,200,5,[5],6e88ce022372052c06739799773628639315e9b046cc0923a2c7514d2da8b7d8,train,/content/steel_defect_project/dataset/split_0743b20802d2/images/train/scratches_166.jpg,4
scratches_167,/content/steel_defect_project/raw/NEU-DET/IMAGES/scratches_167.jpg,200,200,5,[5],102d838856aaf95908da6d9a1703f40d9ed5d24f2245e7d8f5402fc6e3b369bc,train,/content/steel_defect_project/dataset/split_0743b20802d2/images/train/scratches_167.jpg,2
scratches_168,/content/steel_defect_project/raw/NEU-DET/IMAGES/scratches_168.jpg,200,200,5,[5],6b12695216a480f4472902b220929c4343c43a03708b1afadcec7fa8820e3844,train,/content/steel_defect_project/dataset/split_0743b20802d2/images/train/scratches_168.jpg,3
scratches_169,/content/steel_defect_project/raw/NEU-DET/IMAGES/scratches_169.jpg,200,200,5,[5],90721f5efbdacbd0063824f3cf8353da6dc68877541d9030253b9b359d3980dc,train,/content/steel_defect_project/dataset/split_0743b20802d2/images/train/scratches_169.jpg,1
scratches_17,/content/steel_defect_project/raw/NEU-DET/IMAGES/scratches_17.jpg,200,200,5,[5],d7febca4f801dea9e66bd2bb480f5622f03c746becedef6dd703e1a2e192053b,train,/content/steel_defect_project/dataset/split_0743b20802d2/images/train/scratches_17.jpg,1
scratches_170,/content/steel_defect_project/raw/NEU-DET/IMAGES/scratches_170.jpg,200,200,5,[5],7d83ac4ae2035bdfc76f13a3bfdc301e5531814a6425b54b709a1752cf9a5599,test,/content/steel_defect_project/dataset/split_0743b20802d2/images/test/scratches_170.jpg,1
scratches_171,/content/steel_defect_project/raw/NEU-DET/IMAGES/scratches_171.jpg,200,200,5,[5],089c3c1314aadb3f7ec93c17045ce41706432fc32498fb74649db5a59aa22ed3,train,/content/steel_defect_project/dataset/split_0743b20802d2/images/train/scratches_171.jpg,2
scratches_172,/content/steel_defect_project/raw/NEU-DET/IMAGES/scratches_172.jpg,200,200,5,[5],abab9a2a3b3989e00de439c7c78cad3c2ea4dbd313bb5e08f61da5e06b7936de,train,/content/steel_defect_project/dataset/split_0743b20802d2/images/train/scratches_172.jpg,2
scratches_173,/content/steel_defect_project/raw/NEU-DET/IMAGES/scratches_173.jpg,200,200,5,[5],08e3696232cfcedb283794d243498354f2c7c786744f9dba7df7741b256361e4,train,/content/steel_defect_project/dataset/split_0743b20802d2/images/train/scratches_173.jpg,1
scratches_174,/content/steel_defect_project/raw/NEU-DET/IMAGES/scratches_174.jpg,200,200,5,[5],b8f96c7b43943ce9a97d1935068243140977ab186c1b9bf1822532d4ec406f87,val,/content/steel_defect_project/dataset/split_0743b20802d2/images/val/scratches_174.jpg,3
scratches_175,/content/steel_defect_project/raw/NEU-DET/IMAGES/scratches_175.jpg,200,200,5,[5],332b648b52cb4c28f396620d915387e2ff575dca4d6c63e997505942477d0a85,train,/content/steel_defect_project/dataset/split_0743b20802d2/images/train/scratches_175.jpg,2
scratches_176,/content/steel_defect_project/raw/NEU-DET/IMAGES/scratches_176.jpg,200,200,5,[5],aedb825fe8b20177ab4f767cab9ec4043404199bbd3cc00720a655ce7d9225ce,train,/content/steel_defect_project/dataset/split_0743b20802d2/images/train/scratches_176.jpg,2
scratches_177,/content/steel_defect_project/raw/NEU-DET/IMAGES/scratches_177.jpg,200,200,5,[5],71e52b4faf916bad5011a757c372dd6b7ce44e9b57c4e5d1c282ffe3fcf51b68,train,/content/steel_defect_project/dataset/split_0743b20802d2/images/train/scratches_177.jpg,2
scratches_178,/content/steel_defect_project/raw/NEU-DET/IMAGES/scratches_178.jpg,200,200,5,[5],4aacdcb7312824efebf2df1589193c70c77536a1fc90133c56e1cf0a1d3d53d6,val,/content/steel_defect_project/dataset/split_0743b20802d2/images/val/scratches_178.jpg,1
scratches_179,/content/steel_defect_project/raw/NEU-DET/IMAGES/scratches_179.jpg,200,200,5,[5],151688db45dc3975aa6fb26c44210b1c0433c445219e57eadbecf63a6527fcdb,train,/content/steel_defect_project/dataset/split_0743b20802d2/images/train/scratches_179.jpg,1
scratches_18,/content/steel_defect_project/raw/NEU-DET/IMAGES/scratches_18.jpg,200,200,5,[5],2639b39dcf8eef40828a6fcd77cf85f46b4556f2958cf137733d5be63828aa77,train,/content/steel_defect_project/dataset/split_0743b20802d2/images/train/scratches_18.jpg,1
scratches_180,/content/steel_defect_project/raw/NEU-DET/IMAGES/scratches_180.jpg,200,200,5,[5],5c4ef1c35d64540f343e717f6d86505fc6566c1cb85f78c6dc9293379cb41cf4,train,/content/steel_defect_project/dataset/split_0743b20802d2/images/train/scratches_180.jpg,1
scratches_181,/content/steel_defect_project/raw/NEU-DET/IMAGES/scratches_181.jpg,200,200,5,[5],f258a23052e6cb94e065abefcce63fdf8d333ca9dedf0494eb501cb6d41271f4,train,/content/steel_defect_project/dataset/split_0743b20802d2/images/train/scratches_181.jpg,1
scratches_182,/content/steel_defect_project/raw/NEU-DET/IMAGES/scratches_182.jpg,200,200,5,[5],af2513748dc050d56cd920d7d629fd02c32422205cf373236e0144b245cd7785,test,/content/steel_defect_project/dataset/split_0743b20802d2/images/test/scratches_182.jpg,1
scratches_183,/content/steel_defect_project/raw/NEU-DET/IMAGES/scratches_183.jpg,200,200,5,[5],371739ace8ecea6910150034343d3b9fc82ca46d6f2a3e5da7e1fd61a458e6a0,train,/content/steel_defect_project/dataset/split_0743b20802d2/images/train/scratches_183.jpg,2
scratches_184,/content/steel_defect_project/raw/NEU-DET/IMAGES/scratches_184.jpg,200,200,5,[5],ec447e58b86dd996efcb3cf96855a7240853f5ff23842a31a82f48262921395d,val,/content/steel_defect_project/dataset/split_0743b20802d2/images/val/scratches_184.jpg,1
scratches_185,/content/steel_defect_project/raw/NEU-DET/IMAGES/scratches_185.jpg,200,200,5,[5],4fd77fae98ae70f440ffb21e2dc0817cf638d522185e963e79f5486e46a7d7dc,train,/content/steel_defect_project/dataset/split_0743b20802d2/images/train/scratches_185.jpg,1
scratches_186,/content/steel_defect_project/raw/NEU-DET/IMAGES/scratches_186.jpg,200,200,5,[5],e8f2fa4c8ba5c32f4bf0c8b4376531f1d193c7c464aea75957f80fbb165a5971,val,/content/steel_defect_project/dataset/split_0743b20802d2/images/val/scratches_186.jpg,3
scratches_187,/content/steel_defect_project/raw/NEU-DET/IMAGES/scratches_187.jpg,200,200,5,[5],b6d29a6f6f6343cf1061f3c4441dfe0b48c717534d308ca6a1950e304c3c186a,train,/content/steel_defect_project/dataset/split_0743b20802d2/images/train/scratches_187.jpg,1
scratches_188,/content/steel_defect_project/raw/NEU-DET/IMAGES/scratches_188.jpg,200,200,5,[5],75addb9861070a4d45dc60d0c3e3d566607799f2afb3db39149ca3fdef02c491,train,/content/steel_defect_project/dataset/split_0743b20802d2/images/train/scratches_188.jpg,2
scratches_189,/content/steel_defect_project/raw/NEU-DET/IMAGES/scratches_189.jpg,200,200,5,[5],3b94525658e1d9e99ae50b3f00e065e123dbf93b0264c7765cac5f7c364cc8a6,train,/content/steel_defect_project/dataset/split_0743b20802d2/images/train/scratches_189.jpg,2
scratches_19,/content/steel_defect_project/raw/NEU-DET/IMAGES/scratches_19.jpg,200,200,5,[5],cd10e0d970c3362c7be89a8b9b89f435aabe73afe3709eeafe811ccdebb30552,train,/content/steel_defect_project/dataset/split_0743b20802d2/images/train/scratches_19.jpg,1
scratches_190,/content/steel_defect_project/raw/NEU-DET/IMAGES/scratches_190.jpg,200,200,5,[5],7577a0584767806a13c71edab4e30f0c3a257196eb484a7a292ed6feb2367a81,train,/content/steel_defect_project/dataset/split_0743b20802d2/images/train/scratches_190.jpg,1
scratches_191,/content/steel_defect_project/raw/NEU-DET/IMAGES/scratches_191.jpg,200,200,5,[5],1b572bb8e658712d6e2d163403f42e81e20c0c72c349c588130cee22cfd9aeab,val,/content/steel_defect_project/dataset/split_0743b20802d2/images/val/scratches_191.jpg,1
scratches_192,/content/steel_defect_project/raw/NEU-DET/IMAGES/scratches_192.jpg,200,200,5,[5],f8f95594eeb59b6f22e6ca75190db1fe586d9d10560407cc91ed6c0ce2b309aa,train,/content/steel_defect_project/dataset/split_0743b20802d2/images/train/scratches_192.jpg,1
scratches_193,/content/steel_defect_project/raw/NEU-DET/IMAGES/scratches_193.jpg,200,200,5,[5],d13d93880ae2d7ff7abe132d71674fbba6ea67a4cb1511a59d0f74667479b4ff,train,/content/steel_defect_project/dataset/split_0743b20802d2/images/train/scratches_193.jpg,1
scratches_194,/content/steel_defect_project/raw/NEU-DET/IMAGES/scratches_194.jpg,200,200,5,[5],c5f51dc969de270809f24d4a9544d0df5c3771b95eaa34d56b9ad897414b0601,train,/content/steel_defect_project/dataset/split_0743b20802d2/images/train/scratches_194.jpg,2
scratches_195,/content/steel_defect_project/raw/NEU-DET/IMAGES/scratches_195.jpg,200,200,5,[5],0a0950e8d2215e1d768ffbdf29d8bb4688eaa5289ee70d42b030e16d5f9b13a3,val,/content/steel_defect_project/dataset/split_0743b20802d2/images/val/scratches_195.jpg,1
scratches_196,/content/steel_defect_project/raw/NEU-DET/IMAGES/scratches_196.jpg,200,200,5,[5],a0097c3eeefbf7673b109aefad3a4d53ad0c500ad390cfb63c7e1324feed6ce1,val,/content/steel_defect_project/dataset/split_0743b20802d2/images/val/scratches_196.jpg,1
scratches_197,/content/steel_defect_project/raw/NEU-DET/IMAGES/scratches_197.jpg,200,200,5,[5],d5ebdff3ce778ace53027659a5897f8c656a7b2afd3efa6c78ba4172ba5e0e14,test,/content/steel_defect_project/dataset/split_0743b20802d2/images/test/scratches_197.jpg,2
scratches_198,/content/steel_defect_project/raw/NEU-DET/IMAGES/scratches_198.jpg,200,200,5,[5],f9b94581c45b6b672f3389272d3c950a3b80506f3f2e214cff30c255fa16141e,train,/content/steel_defect_project/dataset/split_0743b20802d2/images/train/scratches_198.jpg,3
scratches_199,/content/steel_defect_project/raw/NEU-DET/IMAGES/scratches_199.jpg,200,200,5,[5],1244e5bcdd4f25372763bfc675bf2fbfc8c806698b99a485937d2707db820c43,train,/content/steel_defect_project/dataset/split_0743b20802d2/images/train/scratches_199.jpg,2
scratches_2,/content/steel_defect_project/raw/NEU-DET/IMAGES/scratches_2.jpg,200,200,5,[5],43edb8b8e4dc181f3ef1926372cb64082c3b5a7805d201cfce936167be191df7,train,/content/steel_defect_project/dataset/split_0743b20802d2/images/train/scratches_2.jpg,1
scratches_20,/content/steel_defect_project/raw/NEU-DET/IMAGES/scratches_20.jpg,200,200,5,[5],c788547a433e3c5d97986500fe9fca9a69078274b5c1ebe1f0c096e539dae8a0,train,/content/steel_defect_project/dataset/split_0743b20802d2/images/train/scratches_20.jpg,1
scratches_200,/content/steel_defect_project/raw/NEU-DET/IMAGES/scratches_200.jpg,200,200,5,[5],5b93bc43e849878f8514c7fc50d88eb37880ec9525530afdb9dc47ef464b9e2a,val,/content/steel_defect_project/dataset/split_0743b20802d2/images/val/scratches_200.jpg,1
scratches_201,/content/steel_defect_project/raw/NEU-DET/IMAGES/scratches_201.jpg,200,200,5,[5],f73f431f108f0f4666fc59a80467aa09e4e29030c179bdeaa4271382ec0479a9,test,/content/steel_defect_project/dataset/split_0743b20802d2/images/test/scratches_201.jpg,1
scratches_202,/content/steel_defect_project/raw/NEU-DET/IMAGES/scratches_202.jpg,200,200,5,[5],c084be186d706db567aaa8d80b09bfef4261a6ac923e6b8ba60ee0d13e8a8566,test,/content/steel_defect_project/dataset/split_0743b20802d2/images/test/scratches_202.jpg,2
scratches_203,/content/steel_defect_project/raw/NEU-DET/IMAGES/scratches_203.jpg,200,200,5,[5],54067c8ead6a69e6865ba9338bb228d9fc5ad433a8de35b089a397e647c1571d,val,/content/steel_defect_project/dataset/split_0743b20802d2/images/val/scratches_203.jpg,1
scratches_204,/content/steel_defect_project/raw/NEU-DET/IMAGES/scratches_204.jpg,200,200,5,[5],98f37908d91a9011c84838739244f4556482b727bbf98cae63c88895a2966f92,train,/content/steel_defect_project/dataset/split_0743b20802d2/images/train/scratches_204.jpg,1
scratches_205,/content/steel_defect_project/raw/NEU-DET/IMAGES/scratches_205.jpg,200,200,5,[5],dfe97a1825b1a08e09953b5d31be4efb902b12b431ef664fa60fdbb2692e5744,train,/content/steel_defect_project/dataset/split_0743b20802d2/images/train/scratches_205.jpg,2
scratches_206,/content/steel_defect_project/raw/NEU-DET/IMAGES/scratches_206.jpg,200,200,5,[5],d0827c80272849076d6cc138f29ff02e40f9e2a88d4b7e2541a12c897352dd27,train,/content/steel_defect_project/dataset/split_0743b20802d2/images/train/scratches_206.jpg,2
scratches_207,/content/steel_defect_project/raw/NEU-DET/IMAGES/scratches_207.jpg,200,200,5,[5],30d7767011ef5e8b3ffc522ff42bed5857aeed765003ebae6f23da77df60f750,train,/content/steel_defect_project/dataset/split_0743b20802d2/images/train/scratches_207.jpg,2
scratches_208,/content/steel_defect_project/raw/NEU-DET/IMAGES/scratches_208.jpg,200,200,5,[5],41497e9d52fef58426f21d12b3d87e41f091d20ff2c0a62543d061a8b50662fb,train,/content/steel_defect_project/dataset/split_0743b20802d2/images/train/scratches_208.jpg,1
scratches_209,/content/steel_defect_project/raw/NEU-DET/IMAGES/scratches_209.jpg,200,200,5,"[1, 5]",166c009b2b67532415d7370f7c95b0b3d4019bd3b4778713ab459f3bf788a84d,train,/content/steel_defect_project/dataset/split_0743b20802d2/images/train/scratches_209.jpg,3
scratches_21,/content/steel_defect_project/raw/NEU-DET/IMAGES/scratches_21.jpg,200,200,5,[5],df367b7e4ffc13c0c580d15fa0d4cdcc3d119bbbbd7484bca34b62e2c85886f5,train,/content/steel_defect_project/dataset/split_0743b20802d2/images/train/scratches_21.jpg,2
scratches_210,/content/steel_defect_project/raw/NEU-DET/IMAGES/scratches_210.jpg,200,200,5,"[1, 5]",d04a1c35c298a619516c6b9323d39220d488724c917a6a2df37f737b0f121d86,val,/content/steel_defect_project/dataset/split_0743b20802d2/images/val/scratches_210.jpg,5
scratches_211,/content/steel_defect_project/raw/NEU-DET/IMAGES/scratches_211.jpg,200,200,5,"[1, 5]",59e3d3104b8884de32e543a61d97fe87f29367346b8a538150db366874069c4e,train,/content/steel_defect_project/dataset/split_0743b20802d2/images/train/scratches_211.jpg,3
scratches_212,/content/steel_defect_project/raw/NEU-DET/IMAGES/scratches_212.jpg,200,200,5,[5],3d61384014360d57341c98093b6ac1a0698195aa2b52a903a9101dc4ff300d52,train,/content/steel_defect_project/dataset/split_0743b20802d2/images/train/scratches_212.jpg,2
scratches_213,/content/steel_defect_project/raw/NEU-DET/IMAGES/scratches_213.jpg,200,200,5,[5],f33d29c2121e0909e50c199424ca3969321b0460c56f4a25f2c0229207b89016,train,/content/steel_defect_project/dataset/split_0743b20802d2/images/train/scratches_213.jpg,2
scratches_214,/content/steel_defect_project/raw/NEU-DET/IMAGES/scratches_214.jpg,200,200,5,[5],49b40a8698aff5bf75a5e6e941df1df0e0917964463f0ca86b878211959c5a40,train,/content/steel_defect_project/dataset/split_0743b20802d2/images/train/scratches_214.jpg,2
scratches_215,/content/steel_defect_project/raw/NEU-DET/IMAGES/scratches_215.jpg,200,200,5,[5],01b6757c698a16a851ec6b2a1387d8e51883ae9002dda59b0a3903ddce2c34d1,train,/content/steel_defect_project/dataset/split_0743b20802d2/images/train/scratches_215.jpg,2
scratches_216,/content/steel_defect_project/raw/NEU-DET/IMAGES/scratches_216.jpg,200,200,5,"[1, 5]",1d5fb5d69d082823a4f5d5b4fb4aaa3293b7afafaaadf0a90c797a5e770154fe,train,/content/steel_defect_project/dataset/split_0743b20802d2/images/train/scratches_216.jpg,5
scratches_217,/content/steel_defect_project/raw/NEU-DET/IMAGES/scratches_217.jpg,200,200,5,[5],65b28e9b93c9bf71f7b151be5830573411df265cec9b817474d65e15d42b48b9,train,/content/steel_defect_project/dataset/split_0743b20802d2/images/train/scratches_217.jpg,3
scratches_218,/content/steel_defect_project/raw/NEU-DET/IMAGES/scratches_218.jpg,200,200,5,[5],5ea1dfecec6b17f2d5b1abd6cce1d365c59e12ca6dc1d3b2108317079eb2d7cb,train,/content/steel_defect_project/dataset/split_0743b20802d2/images/train/scratches_218.jpg,4
scratches_219,/content/steel_defect_project/raw/NEU-DET/IMAGES/scratches_219.jpg,200,200,5,[5],ff703b3f18d0b006bd6a124319f6a15391e4db68a8f88e08c85cacd8f1eadfde,train,/content/steel_defect_project/dataset/split_0743b20802d2/images/train/scratches_219.jpg,4
scratches_22,/content/steel_defect_project/raw/NEU-DET/IMAGES/scratches_22.jpg,200,200,5,[5],91e3a9766c0594af48bd15901e0bf3b98d31d969ab7852fa0dcef5b68ab0fca7,train,/content/steel_defect_project/dataset/split_0743b20802d2/images/train/scratches_22.jpg,3
scratches_220,/content/steel_defect_project/raw/NEU-DET/IMAGES/scratches_220.jpg,200,200,5,[5],275d6f268678d2c0727fa66fa73dd6e0d1de84600b5386f42032b19b6817a204,val,/content/steel_defect_project/dataset/split_0743b20802d2/images/val/scratches_220.jpg,3
scratches_221,/content/steel_defect_project/raw/NEU-DET/IMAGES/scratches_221.jpg,200,200,5,[5],bac9e0b2b5dcdbf5bf18ef2baaa805af48de4056360f8a25a93c16b3be30578f,test,/content/steel_defect_project/dataset/split_0743b20802d2/images/test/scratches_221.jpg,3
scratches_222,/content/steel_defect_project/raw/NEU-DET/IMAGES/scratches_222.jpg,200,200,5,"[1, 5]",c42faae293f121f5188cf269069d94f2f90d7714882c29e3400da983960dd04a,train,/content/steel_defect_project/dataset/split_0743b20802d2/images/train/scratches_222.jpg,5
scratches_223,/content/steel_defect_project/raw/NEU-DET/IMAGES/scratches_223.jpg,200,200,5,"[1, 5]",a38c3ef6bbcba0a8fb4f36d05bceea2ff5a736510cec5e7a280523e19e1681aa,train,/content/steel_defect_project/dataset/split_0743b20802d2/images/train/scratches_223.jpg,3
scratches_224,/content/steel_defect_project/raw/NEU-DET/IMAGES/scratches_224.jpg,200,200,5,"[1, 5]",1cdb28e2ed17e2d9f1e8bceb2c3f5d2685e3241b1c928c581e46ddfa9dfb1a92,test,/content/steel_defect_project/dataset/split_0743b20802d2/images/test/scratches_224.jpg,4
scratches_225,/content/steel_defect_project/raw/NEU-DET/IMAGES/scratches_225.jpg,200,200,5,"[1, 5]",4229ae75cd106adbfb0c0da3c2a98c92791c79e59c2dc8a08238c452c622146e,train,/content/steel_defect_project/dataset/split_0743b20802d2/images/train/scratches_225.jpg,5
scratches_226,/content/steel_defect_project/raw/NEU-DET/IMAGES/scratches_226.jpg,200,200,5,"[1, 5]",6827c21019c6e2e9a460e96a9ec3d6b1c3ed13625a40141893b8c314ddf92f3b,train,/content/steel_defect_project/dataset/split_0743b20802d2/images/train/scratches_226.jpg,4
scratches_227,/content/steel_defect_project/raw/NEU-DET/IMAGES/scratches_227.jpg,200,200,5,[5],238f4d827a427e3bcd6a5e9eeda9b9ac00341b036b86ac12f26f4fc429aeb99e,test,/content/steel_defect_project/dataset/split_0743b20802d2/images/test/scratches_227.jpg,1
scratches_228,/content/steel_defect_project/raw/NEU-DET/IMAGES/scratches_228.jpg,200,200,5,"[2, 3, 5]",545f13c931720c1820c44ca0020f0016d0201141ac72983d516c58d7a4efe234,train,/content/steel_defect_project/dataset/split_0743b20802d2/images/train/scratches_228.jpg,3
scratches_229,/content/steel_defect_project/raw/NEU-DET/IMAGES/scratches_229.jpg,200,200,5,"[1, 5]",92550e55b4f51f5e5dccd83afa5015511bed261a0b20abc52dd37c1e13ba72ee,val,/content/steel_defect_project/dataset/split_0743b20802d2/images/val/scratches_229.jpg,2
scratches_23,/content/steel_defect_project/raw/NEU-DET/IMAGES/scratches_23.jpg,200,200,5,[5],491534738b9050d79db24310ea0ac18240785239b3b74ed523f81d1433e81bc0,val,/content/steel_defect_project/dataset/split_0743b20802d2/images/val/scratches_23.jpg,3
scratches_230,/content/steel_defect_project/raw/NEU-DET/IMAGES/scratches_230.jpg,200,200,5,"[1, 5]",2f6deb59c725fc9dff2aceb3234dcd364e523c326b8e14aaa4875d38c73666c2,train,/content/steel_defect_project/dataset/split_0743b20802d2/images/train/scratches_230.jpg,5
scratches_231,/content/steel_defect_project/raw/NEU-DET/IMAGES/scratches_231.jpg,200,200,5,"[1, 5]",35bcadb424a0f09527ddd38a4ec5ca6c15f5232dce9feb8ae5da46980ce46095,test,/content/steel_defect_project/dataset/split_0743b20802d2/images/test/scratches_231.jpg,4
scratches_232,/content/steel_defect_project/raw/NEU-DET/IMAGES/scratches_232.jpg,200,200,5,[5],5e60f8338f9d497c345b73525338eee17a1038e5b36127d4b8b52ecba0d514cf,train,/content/steel_defect_project/dataset/split_0743b20802d2/images/train/scratches_232.jpg,2
scratches_233,/content/steel_defect_project/raw/NEU-DET/IMAGES/scratches_233.jpg,200,200,5,"[1, 5]",9d021d7ff29917c79891e0bb66af4ab633b51c2845a90dc1874931ffdaa1960b,train,/content/steel_defect_project/dataset/split_0743b20802d2/images/train/scratches_233.jpg,4
scratches_234,/content/steel_defect_project/raw/NEU-DET/IMAGES/scratches_234.jpg,200,200,5,[5],e113c6f5691ce33901dde2495ae22f2632b958b63b34b790982fa01dc3e4bdc0,train,/content/steel_defect_project/dataset/split_0743b20802d2/images/train/scratches_234.jpg,2
scratches_235,/content/steel_defect_project/raw/NEU-DET/IMAGES/scratches_235.jpg,200,200,5,[5],0e45fe9b60e3c6878d70d6fb1a9b5468c1ab482c2fe05da858707e805d6a6925,train,/content/steel_defect_project/dataset/split_0743b20802d2/images/train/scratches_235.jpg,1
scratches_236,/content/steel_defect_project/raw/NEU-DET/IMAGES/scratches_236.jpg,200,200,5,"[1, 5]",0f8a8011081ccb7a05f4fafc12a45c695bbde3f41b1ffdcf7ed67f3905bf7c26,val,/content/steel_defect_project/dataset/split_0743b20802d2/images/val/scratches_236.jpg,4
scratches_237,/content/steel_defect_project/raw/NEU-DET/IMAGES/scratches_237.jpg,200,200,5,[5],104651f0e713c73d017361726f1086c62d7e0e6ddf52c73ef78fa0c0a314af1e,train,/content/steel_defect_project/dataset/split_0743b20802d2/images/train/scratches_237.jpg,2
scratches_238,/content/steel_defect_project/raw/NEU-DET/IMAGES/scratches_238.jpg,200,200,5,[5],2e6223c332539fc27319fbc511dedf4310d7a6de9a616d2c79a0ea2ba80fe3d9,train,/content/steel_defect_project/dataset/split_0743b20802d2/images/train/scratches_238.jpg,2
scratches_239,/content/steel_defect_project/raw/NEU-DET/IMAGES/scratches_239.jpg,200,200,5,[5],74993925d45cb50c76b6edf1809cbb32e4a38201cc346076010b040631747fa3,val,/content/steel_defect_project/dataset/split_0743b20802d2/images/val/scratches_239.jpg,3
scratches_24,/content/steel_defect_project/raw/NEU-DET/IMAGES/scratches_24.jpg,200,200,5,[5],fa2ef35bf740de6bc7daadd6b0bc30a7122016fcb849275b5f34d451567ed489,train,/content/steel_defect_project/dataset/split_0743b20802d2/images/train/scratches_24.jpg,1
scratches_240,/content/steel_defect_project/raw/NEU-DET/IMAGES/scratches_240.jpg,200,200,5,[5],8682e4ac6428f1fff6a756d02bb8cc8d844faa513a3c6a8b36b3de0068ac303e,train,/content/steel_defect_project/dataset/split_0743b20802d2/images/train/scratches_240.jpg,4
scratches_241,/content/steel_defect_project/raw/NEU-DET/IMAGES/scratches_241.jpg,200,200,5,[5],8845f3d175f2f342bc62a990817cae86e1c8c3254e8a3f253e6fc141169976a1,test,/content/steel_defect_project/dataset/split_0743b20802d2/images/test/scratches_241.jpg,2
scratches_242,/content/steel_defect_project/raw/NEU-DET/IMAGES/scratches_242.jpg,200,200,5,"[1, 5]",8fc92390d015e285bb92168d8112cd842a9b27a7b7304843c6cf1bb53b138391,test,/content/steel_defect_project/dataset/split_0743b20802d2/images/test/scratches_242.jpg,3
scratches_243,/content/steel_defect_project/raw/NEU-DET/IMAGES/scratches_243.jpg,200,200,5,[5],e29ca6c372fc2e40476750a566cdec8d37f41fdb303b9485e609c375f934490a,train,/content/steel_defect_project/dataset/split_0743b20802d2/images/train/scratches_243.jpg,4
scratches_244,/content/steel_defect_project/raw/NEU-DET/IMAGES/scratches_244.jpg,200,200,5,"[1, 5]",7d405fb484156b97eb890f4acfef560f6b39ef6c2a89363271c679e010b55498,train,/content/steel_defect_project/dataset/split_0743b20802d2/images/train/scratches_244.jpg,4
scratches_245,/content/steel_defect_project/raw/NEU-DET/IMAGES/scratches_245.jpg,200,200,5,[5],e923f1bce05e0f8bcd1e5042e1e1ab3c02b5e59bee415d81457c32500d20a20a,val,/content/steel_defect_project/dataset/split_0743b20802d2/images/val/scratches_245.jpg,2
scratches_246,/content/steel_defect_project/raw/NEU-DET/IMAGES/scratches_246.jpg,200,200,5,[5],8cf005dd755ade597a8b5d522152cfd46046858f8829f700801e69ba156a6f34,train,/content/steel_defect_project/dataset/split_0743b20802d2/images/train/scratches_246.jpg,1
scratches_247,/content/steel_defect_project/raw/NEU-DET/IMAGES/scratches_247.jpg,200,200,5,[5],20f906ba60d029361df7ba0222122d3a6dc93e0a786a8502d4cdb1ccc337f8fc,train,/content/steel_defect_project/dataset/split_0743b20802d2/images/train/scratches_247.jpg,2
scratches_248,/content/steel_defect_project/raw/NEU-DET/IMAGES/scratches_248.jpg,200,200,5,[5],0c935b875cef0139a6e36c2fa941fd168f41f89355ae3d03df0cf9436aece77e,train,/content/steel_defect_project/dataset/split_0743b20802d2/images/train/scratches_248.jpg,2
scratches_249,/content/steel_defect_project/raw/NEU-DET/IMAGES/scratches_249.jpg,200,200,5,[5],de8baaacee1ff913d9cf3928a485843a811a7d7e37a02192e86c1fe93684cd1f,train,/content/steel_defect_project/dataset/split_0743b20802d2/images/train/scratches_249.jpg,1
scratches_25,/content/steel_defect_project/raw/NEU-DET/IMAGES/scratches_25.jpg,200,200,5,[5],4709425c680dadcaeaf8b4f71dec97b0fdd8d5b601fe5750a2a7db1ced035b5f,train,/content/steel_defect_project/dataset/split_0743b20802d2/images/train/scratches_25.jpg,2
scratches_250,/content/steel_defect_project/raw/NEU-DET/IMAGES/scratches_250.jpg,200,200,5,[5],397c7d81c750ef09f27be67bb4e3e0e0081db6aa8af77c1aba920f6e9098a281,test,/content/steel_defect_project/dataset/split_0743b20802d2/images/test/scratches_250.jpg,2
scratches_251,/content/steel_defect_project/raw/NEU-DET/IMAGES/scratches_251.jpg,200,200,5,[5],0352d85f8639b2c6d826fc9a14f807ed8d96754bd8120221c516cc9fd2bfe4a4,val,/content/steel_defect_project/dataset/split_0743b20802d2/images/val/scratches_251.jpg,2
scratches_252,/content/steel_defect_project/raw/NEU-DET/IMAGES/scratches_252.jpg,200,200,5,[5],b6802f4ce07eb145a412a3486189867b0edfc59d742cebc1b0ed3608c058930c,train,/content/steel_defect_project/dataset/split_0743b20802d2/images/train/scratches_252.jpg,2
scratches_253,/content/steel_defect_project/raw/NEU-DET/IMAGES/scratches_253.jpg,200,200,5,[5],da4a916b8b489ebfd2976ad6ec30f806fd4e052fd9d9f911d74f9a955632037c,train,/content/steel_defect_project/dataset/split_0743b20802d2/images/train/scratches_253.jpg,2
scratches_254,/content/steel_defect_project/raw/NEU-DET/IMAGES/scratches_254.jpg,200,200,5,[5],b733b29d8f40c094be040f4f7fa4ab2b52b5bf555906ce1c2f9e82d8146e707f,val,/content/steel_defect_project/dataset/split_0743b20802d2/images/val/scratches_254.jpg,1
scratches_255,/content/steel_defect_project/raw/NEU-DET/IMAGES/scratches_255.jpg,200,200,5,[5],ec4183bbe550973f7572a42f60b259af19938d5a7b1654ea4344c9750883521f,test,/content/steel_defect_project/dataset/split_0743b20802d2/images/test/scratches_255.jpg,1
scratches_256,/content/steel_defect_project/raw/NEU-DET/IMAGES/scratches_256.jpg,200,200,5,[5],c7c4b7a0cb4345dc746581cb576ab7b8b403846148445b858da08ff274ef960b,train,/content/steel_defect_project/dataset/split_0743b20802d2/images/train/scratches_256.jpg,1
scratches_257,/content/steel_defect_project/raw/NEU-DET/IMAGES/scratches_257.jpg,200,200,5,[5],9fea1bf289bbf2b42848cd0e98c761e8307a72b002298efbde3e37df9bcf0d5f,train,/content/steel_defect_project/dataset/split_0743b20802d2/images/train/scratches_257.jpg,1
scratches_258,/content/steel_defect_project/raw/NEU-DET/IMAGES/scratches_258.jpg,200,200,5,[5],e293e7b68b56719de9eeb7bc7c19d4515330745b9bc0a5b5a24eeb60e7070d8f,train,/content/steel_defect_project/dataset/split_0743b20802d2/images/train/scratches_258.jpg,1
scratches_259,/content/steel_defect_project/raw/NEU-DET/IMAGES/scratches_259.jpg,200,200,5,[5],2100acbbfb96ce4ca312c2cfd7ecf05fa2938fd9aacd35c540481bb8c4f3c159,train,/content/steel_defect_project/dataset/split_0743b20802d2/images/train/scratches_259.jpg,1
scratches_26,/content/steel_defect_project/raw/NEU-DET/IMAGES/scratches_26.jpg,200,200,5,[5],ea6b7542c1f1970ca3ea0fbbfc283b0c7df6ae8afcee6c1e75ff6501f1ff31e4,train,/content/steel_defect_project/dataset/split_0743b20802d2/images/train/scratches_26.jpg,2
scratches_260,/content/steel_defect_project/raw/NEU-DET/IMAGES/scratches_260.jpg,200,200,5,[5],21db20efb56328b7c8eaa8040b79e19929e5255e4ec1160845fbe52d7deace20,test,/content/steel_defect_project/dataset/split_0743b20802d2/images/test/scratches_260.jpg,3
scratches_261,/content/steel_defect_project/raw/NEU-DET/IMAGES/scratches_261.jpg,200,200,5,[5],efd46a57be04463008b2dd96787433aed6867a2d6c3f1b4fe1c56914b83f0987,test,/content/steel_defect_project/dataset/split_0743b20802d2/images/test/scratches_261.jpg,1
scratches_262,/content/steel_defect_project/raw/NEU-DET/IMAGES/scratches_262.jpg,200,200,5,[5],b5d4ebb5e97a07cbaa1f7a1900ebcdf3f9c64f64f1df0fe7da4ff6fb458147fd,test,/content/steel_defect_project/dataset/split_0743b20802d2/images/test/scratches_262.jpg,2
scratches_263,/content/steel_defect_project/raw/NEU-DET/IMAGES/scratches_263.jpg,200,200,5,[5],16ad19e39a86b92536fa51595863f2c4fb4ee789b429aa7fe0f6ac88d646a052,train,/content/steel_defect_project/dataset/split_0743b20802d2/images/train/scratches_263.jpg,2
scratches_264,/content/steel_defect_project/raw/NEU-DET/IMAGES/scratches_264.jpg,200,200,5,[5],059dac2dd670d852a474e077ff7bd6d2002d8fe81f35ecda6f1d06de5bc5021d,train,/content/steel_defect_project/dataset/split_0743b20802d2/images/train/scratches_264.jpg,3
scratches_265,/content/steel_defect_project/raw/NEU-DET/IMAGES/scratches_265.jpg,200,200,5,[5],2680375f449299bfbf5d2bfd6c9ba2a9f9f321b8bdd21ad5cb25fea2781edae6,val,/content/steel_defect_project/dataset/split_0743b20802d2/images/val/scratches_265.jpg,2
scratches_266,/content/steel_defect_project/raw/NEU-DET/IMAGES/scratches_266.jpg,200,200,5,[5],147fd86fc01f505fd2d365a056ba03ac617094f5f3c0c994d861d29a539b3ac1,train,/content/steel_defect_project/dataset/split_0743b20802d2/images/train/scratches_266.jpg,2
scratches_267,/content/steel_defect_project/raw/NEU-DET/IMAGES/scratches_267.jpg,200,200,5,[5],e1f5bf18de5ae2a94ff3aee1ba9223d61186804a043f25c713f3cc2ba4be7cc3,train,/content/steel_defect_project/dataset/split_0743b20802d2/images/train/scratches_267.jpg,2
scratches_268,/content/steel_defect_project/raw/NEU-DET/IMAGES/scratches_268.jpg,200,200,5,[5],1ad0bb50c32c4c18d0ae30f0b64462bc70af871061ca12ba3e191b97a677b868,train,/content/steel_defect_project/dataset/split_0743b20802d2/images/train/scratches_268.jpg,2
scratches_269,/content/steel_defect_project/raw/NEU-DET/IMAGES/scratches_269.jpg,200,200,5,[5],ef6823c7692ed5c95152dbe1f2d929046728eb4e44d646e0347e29ead37e7123,test,/content/steel_defect_project/dataset/split_0743b20802d2/images/test/scratches_269.jpg,3
scratches_27,/content/steel_defect_project/raw/NEU-DET/IMAGES/scratches_27.jpg,200,200,5,[5],438b0370c0f32539d49e78200709ada653f36cf4af86511801c4fae963551284,val,/content/steel_defect_project/dataset/split_0743b20802d2/images/val/scratches_27.jpg,4
scratches_270,/content/steel_defect_project/raw/NEU-DET/IMAGES/scratches_270.jpg,200,200,5,[5],bef4afb858efd48490765b3733b346542630796bebad04cc87b7d3445cf41fb2,test,/content/steel_defect_project/dataset/split_0743b20802d2/images/test/scratches_270.jpg,2
scratches_271,/content/steel_defect_project/raw/NEU-DET/IMAGES/scratches_271.jpg,200,200,5,[5],e83a191a7b713495129baded1f091cefda9666f0da97c340969c94b44a553d25,val,/content/steel_defect_project/dataset/split_0743b20802d2/images/val/scratches_271.jpg,4
scratches_272,/content/steel_defect_project/raw/NEU-DET/IMAGES/scratches_272.jpg,200,200,5,[5],cceb0ae7279579f08ef1a67e0872726e79e0d9c8169eedcfbb91d31758948cb9,train,/content/steel_defect_project/dataset/split_0743b20802d2/images/train/scratches_272.jpg,2
scratches_273,/content/steel_defect_project/raw/NEU-DET/IMAGES/scratches_273.jpg,200,200,5,[5],aef8afcddc844d674e21df77cf8dff2aee0eeeb73fd61d6be02aa6495a9ca611,val,/content/steel_defect_project/dataset/split_0743b20802d2/images/val/scratches_273.jpg,3
scratches_274,/content/steel_defect_project/raw/NEU-DET/IMAGES/scratches_274.jpg,200,200,5,[5],8487e23269b23239f68d297db7c52ce4266578532319dd6f01256d9f49130e3b,train,/content/steel_defect_project/dataset/split_0743b20802d2/images/train/scratches_274.jpg,3
scratches_275,/content/steel_defect_project/raw/NEU-DET/IMAGES/scratches_275.jpg,200,200,5,[5],9af6bf2fef55f41831aa64e1a4776b997f503d19c0208e5be96d69cfd319da73,train,/content/steel_defect_project/dataset/split_0743b20802d2/images/train/scratches_275.jpg,4
scratches_276,/content/steel_defect_project/raw/NEU-DET/IMAGES/scratches_276.jpg,200,200,5,[5],ae2206b9ac052b07e741051e2952b651be640ac1c3a114cb0b5a6a15f95855a8,train,/content/steel_defect_project/dataset/split_0743b20802d2/images/train/scratches_276.jpg,2
scratches_277,/content/steel_defect_project/raw/NEU-DET/IMAGES/scratches_277.jpg,200,200,5,[5],d353e9382de9546e0ead48f423e97e3c0d03c3f279d016396cd71c57d411cb5b,train,/content/steel_defect_project/dataset/split_0743b20802d2/images/train/scratches_277.jpg,2
scratches_278,/content/steel_defect_project/raw/NEU-DET/IMAGES/scratches_278.jpg,200,200,5,[5],8c15081dfbdc98a601824c01ae7743c008ec12dfc87142d543d20ce0b2ae6520,val,/content/steel_defect_project/dataset/split_0743b20802d2/images/val/scratches_278.jpg,3
scratches_279,/content/steel_defect_project/raw/NEU-DET/IMAGES/scratches_279.jpg,200,200,5,[5],f7106d30946b708ab5d5deef5709eab0b361cb24fd6d9a4edab10c6ec0bca612,train,/content/steel_defect_project/dataset/split_0743b20802d2/images/train/scratches_279.jpg,2
scratches_28,/content/steel_defect_project/raw/NEU-DET/IMAGES/scratches_28.jpg,200,200,5,[5],1194483dc6726ff83981fd9c35acc952e0b08727cd131cab123b97a8bf4f2f36,train,/content/steel_defect_project/dataset/split_0743b20802d2/images/train/scratches_28.jpg,2
scratches_280,/content/steel_defect_project/raw/NEU-DET/IMAGES/scratches_280.jpg,200,200,5,[5],124af972e1f7a8a0db6c1731487b227014060d94ade7e3f8c7b195ddbd813353,train,/content/steel_defect_project/dataset/split_0743b20802d2/images/train/scratches_280.jpg,2
scratches_281,/content/steel_defect_project/raw/NEU-DET/IMAGES/scratches_281.jpg,200,200,5,[5],714681fdfedad9242c46ce82bdb5e4409ad040ad8651faa9ff9d2587cb9a4d5b,train,/content/steel_defect_project/dataset/split_0743b20802d2/images/train/scratches_281.jpg,1
scratches_282,/content/steel_defect_project/raw/NEU-DET/IMAGES/scratches_282.jpg,200,200,5,[5],096d6fc4a56104816e4c409bd9657370b262877c76b76c60c528d60c0c2f4c95,train,/content/steel_defect_project/dataset/split_0743b20802d2/images/train/scratches_282.jpg,1
scratches_283,/content/steel_defect_project/raw/NEU-DET/IMAGES/scratches_283.jpg,200,200,5,[5],a4d201ca803f8c2a5b1d98b12c1e9c0362a71f8697d0b2e262a3636b567b8fd1,train,/content/steel_defect_project/dataset/split_0743b20802d2/images/train/scratches_283.jpg,2
scratches_284,/content/steel_defect_project/raw/NEU-DET/IMAGES/scratches_284.jpg,200,200,5,[5],8efbeef962fb19f1e69e0c202b72c7f31cc2688e0c059934423ee98510404d1f,train,/content/steel_defect_project/dataset/split_0743b20802d2/images/train/scratches_284.jpg,2
scratches_285,/content/steel_defect_project/raw/NEU-DET/IMAGES/scratches_285.jpg,200,200,5,[5],a85374fe85b1d51518a6c73daed1e8a42ffc7f65d5dd9ea432514237629c8f61,train,/content/steel_defect_project/dataset/split_0743b20802d2/images/train/scratches_285.jpg,2
scratches_286,/content/steel_defect_project/raw/NEU-DET/IMAGES/scratches_286.jpg,200,200,5,[5],3d279ee8ba20976d5a8395f6a3e8f973d0bc4209b6baca0a45c90413b2bb05c8,train,/content/steel_defect_project/dataset/split_0743b20802d2/images/train/scratches_286.jpg,1
scratches_287,/content/steel_defect_project/raw/NEU-DET/IMAGES/scratches_287.jpg,200,200,5,[5],fb99c8b26b8222008c195fd324816983ecf280bc17de85c30ea00431c360d981,train,/content/steel_defect_project/dataset/split_0743b20802d2/images/train/scratches_287.jpg,1
scratches_288,/content/steel_defect_project/raw/NEU-DET/IMAGES/scratches_288.jpg,200,200,5,[5],5890bf85576dc37114fca008f0c55596df3575bb844e4787db91d0fad2cd77ba,train,/content/steel_defect_project/dataset/split_0743b20802d2/images/train/scratches_288.jpg,1
scratches_289,/content/steel_defect_project/raw/NEU-DET/IMAGES/scratches_289.jpg,200,200,5,[5],31e00cdff9c89cd81467898cb034c533da59dd040a1ba6709857ce558bcd20a0,test,/content/steel_defect_project/dataset/split_0743b20802d2/images/test/scratches_289.jpg,1
scratches_29,/content/steel_defect_project/raw/NEU-DET/IMAGES/scratches_29.jpg,200,200,5,[5],181006269ff4b28a561856fecff9143d59b5b158820bd2c32c080f3fd96399b0,train,/content/steel_defect_project/dataset/split_0743b20802d2/images/train/scratches_29.jpg,3
scratches_290,/content/steel_defect_project/raw/NEU-DET/IMAGES/scratches_290.jpg,200,200,5,"[1, 5]",34205f367a3c13a7187faf1cac411bb127541505a433fcf8406d5657e599a4d0,train,/content/steel_defect_project/dataset/split_0743b20802d2/images/train/scratches_290.jpg,3
scratches_291,/content/steel_defect_project/raw/NEU-DET/IMAGES/scratches_291.jpg,200,200,5,[5],e3aa2b5688a18305aa60e9adddda6788e55545a2e4a91bfd177b839d7f97ed2a,train,/content/steel_defect_project/dataset/split_0743b20802d2/images/train/scratches_291.jpg,1
scratches_292,/content/steel_defect_project/raw/NEU-DET/IMAGES/scratches_292.jpg,200,200,5,[5],0732ba16750f13a234dc29d42567afa94bbd4683329aeed835eb924d59efc7b3,train,/content/steel_defect_project/dataset/split_0743b20802d2/images/train/scratches_292.jpg,2
scratches_293,/content/steel_defect_project/raw/NEU-DET/IMAGES/scratches_293.jpg,200,200,5,[5],3d2b4b81bd1c050b99d59a0778e66883cc30d223334778cd802d4fec8039924e,train,/content/steel_defect_project/dataset/split_0743b20802d2/images/train/scratches_293.jpg,2
scratches_294,/content/steel_defect_project/raw/NEU-DET/IMAGES/scratches_294.jpg,200,200,5,[5],8c25444382589836b930f93bc27699f2b4eb6361708c252436eba756364a3ed9,test,/content/steel_defect_project/dataset/split_0743b20802d2/images/test/scratches_294.jpg,3
scratches_295,/content/steel_defect_project/raw/NEU-DET/IMAGES/scratches_295.jpg,200,200,5,[5],76ba9c92f50fad585fd24f4ca02d9aa36386e282197062e19290b96acbeeae2b,train,/content/steel_defect_project/dataset/split_0743b20802d2/images/train/scratches_295.jpg,4
scratches_296,/content/steel_defect_project/raw/NEU-DET/IMAGES/scratches_296.jpg,200,200,5,[5],1019bc7c1a2077f19000fb9a39301921984c611fd1671ca9980d3dd28a4c262e,train,/content/steel_defect_project/dataset/split_0743b20802d2/images/train/scratches_296.jpg,5
scratches_297,/content/steel_defect_project/raw/NEU-DET/IMAGES/scratches_297.jpg,200,200,5,[5],0845b2442f266d566bd67caed89f6472ff66c47a9e04ae7028212842896bb51d,test,/content/steel_defect_project/dataset/split_0743b20802d2/images/test/scratches_297.jpg,2
scratches_298,/content/steel_defect_project/raw/NEU-DET/IMAGES/scratches_298.jpg,200,200,5,[5],03d13edaf214398f3738ba6c3e5faac687fe9ce68e2f64993b6b34c13dc77086,val,/content/steel_defect_project/dataset/split_0743b20802d2/images/val/scratches_298.jpg,1
scratches_299,/content/steel_defect_project/raw/NEU-DET/IMAGES/scratches_299.jpg,200,200,5,[5],e590fcbff52084f7bfc0ac6f0d371880021ce8d31c68b51f5f9254f99ba41a70,test,/content/steel_defect_project/dataset/split_0743b20802d2/images/test/scratches_299.jpg,1
scratches_3,/content/steel_defect_project/raw/NEU-DET/IMAGES/scratches_3.jpg,200,200,5,[5],bb4a20165c8fd59807be3d3ae02722f3830afd9e9704e419521bb0270fbec2bd,train,/content/steel_defect_project/dataset/split_0743b20802d2/images/train/scratches_3.jpg,2
scratches_30,/content/steel_defect_project/raw/NEU-DET/IMAGES/scratches_30.jpg,200,200,5,[5],20966d9d24d2cae9f39e0a0804f51fa20cb82370c4dd0b740393ef2cf4e38d7b,train,/content/steel_defect_project/dataset/split_0743b20802d2/images/train/scratches_30.jpg,5
scratches_300,/content/steel_defect_project/raw/NEU-DET/IMAGES/scratches_300.jpg,200,200,5,[5],da225ec892c7d0446db1505a3c1cbab49c033d3eb01aadccdb48d9a1dfb1f252,train,/content/steel_defect_project/dataset/split_0743b20802d2/images/train/scratches_300.jpg,2
scratches_31,/content/steel_defect_project/raw/NEU-DET/IMAGES/scratches_31.jpg,200,200,5,[5],fc480a65d6df6b796c5302505e1e5e03d27cca9805da28fc2974d722717d9e8e,val,/content/steel_defect_project/dataset/split_0743b20802d2/images/val/scratches_31.jpg,2
scratches_32,/content/steel_defect_project/raw/NEU-DET/IMAGES/scratches_32.jpg,200,200,5,"[1, 5]",f35c1f065b75c3b0bd6dd6053f65bb269b4f9696981b04c8a1fd284fc1a08264,val,/content/steel_defect_project/dataset/split_0743b20802d2/images/val/scratches_32.jpg,4
scratches_33,/content/steel_defect_project/raw/NEU-DET/IMAGES/scratches_33.jpg,200,200,5,"[1, 5]",0a612ef07cfbea230295aabf2cb65560a42e7be353df16c80595167735b6ceeb,train,/content/steel_defect_project/dataset/split_0743b20802d2/images/train/scratches_33.jpg,2
scratches_34,/content/steel_defect_project/raw/NEU-DET/IMAGES/scratches_34.jpg,200,200,5,[5],e777af204d40b28c006e97e6620a582c49002c1577ef8314af6d8f6de9120242,train,/content/steel_defect_project/dataset/split_0743b20802d2/images/train/scratches_34.jpg,1
scratches_35,/content/steel_defect_project/raw/NEU-DET/IMAGES/scratches_35.jpg,200,200,5,[5],942558a5c47406f06433d21fcd74c0f32452c078d3a4466f1d13273e166d5915,train,/content/steel_defect_project/dataset/split_0743b20802d2/images/train/scratches_35.jpg,1
scratches_36,/content/steel_defect_project/raw/NEU-DET/IMAGES/scratches_36.jpg,200,200,5,[5],3c55d37096aaeebba412e81b229cd779a480fa52a863906d1df6cec02c05c5be,train,/content/steel_defect_project/dataset/split_0743b20802d2/images/train/scratches_36.jpg,1
scratches_37,/content/steel_defect_project/raw/NEU-DET/IMAGES/scratches_37.jpg,200,200,5,[5],feb1674c55e1647521e9d87b4b1d5442cbf6b202a4a29d10c7f1f5b61aa10c2f,train,/content/steel_defect_project/dataset/split_0743b20802d2/images/train/scratches_37.jpg,1
scratches_38,/content/steel_defect_project/raw/NEU-DET/IMAGES/scratches_38.jpg,200,200,5,[5],7243097b9c7779c61f7e7a93606a8241c62f50870990897b7d33275d7cc97d84,train,/content/steel_defect_project/dataset/split_0743b20802d2/images/train/scratches_38.jpg,1
scratches_39,/content/steel_defect_project/raw/NEU-DET/IMAGES/scratches_39.jpg,200,200,5,[5],70d5a74084f5475402954f59870e6839983a2293143cd0b1fe3cb26294a376c1,train,/content/steel_defect_project/dataset/split_0743b20802d2/images/train/scratches_39.jpg,1
scratches_4,/content/steel_defect_project/raw/NEU-DET/IMAGES/scratches_4.jpg,200,200,5,[5],f0c2c32819c5b104b291c22b2520681385c680095702789a58158d677302838a,train,/content/steel_defect_project/dataset/split_0743b20802d2/images/train/scratches_4.jpg,1
scratches_40,/content/steel_defect_project/raw/NEU-DET/IMAGES/scratches_40.jpg,200,200,5,[5],8b2b4aed288af7b94c82e5862495358d7d0fcc76a0c64f613ac580a43490033a,train,/content/steel_defect_project/dataset/split_0743b20802d2/images/train/scratches_40.jpg,1
scratches_41,/content/steel_defect_project/raw/NEU-DET/IMAGES/scratches_41.jpg,200,200,5,[5],da9508fdd0dc3b7d987744aa4110a8be5cf9fe92b82e2468991447a8871bfc75,train,/content/steel_defect_project/dataset/split_0743b20802d2/images/train/scratches_41.jpg,1
scratches_42,/content/steel_defect_project/raw/NEU-DET/IMAGES/scratches_42.jpg,200,200,5,[5],945191d1a4dcae2f0d2ca418c753eaea36ce24dc5cf17461746b4b970d091cb2,train,/content/steel_defect_project/dataset/split_0743b20802d2/images/train/scratches_42.jpg,1
scratches_43,/content/steel_defect_project/raw/NEU-DET/IMAGES/scratches_43.jpg,200,200,5,[5],814d0f68b6c02c0b9f8d240e199cab79b4ed641e16e53a4230bc382aac384914,val,/content/steel_defect_project/dataset/split_0743b20802d2/images/val/scratches_43.jpg,1
scratches_44,/content/steel_defect_project/raw/NEU-DET/IMAGES/scratches_44.jpg,200,200,5,[5],26aa1b7d200a44a0216aa7d6980e98e18ab38d4cc45f51b1d2df874c5dc0417b,train,/content/steel_defect_project/dataset/split_0743b20802d2/images/train/scratches_44.jpg,1
scratches_45,/content/steel_defect_project/raw/NEU-DET/IMAGES/scratches_45.jpg,200,200,5,[5],76f47c9e57de5e7ea4b63c90e466d8e58e7e189ae438883cabe8ebc7be19aaf1,train,/content/steel_defect_project/dataset/split_0743b20802d2/images/train/scratches_45.jpg,1
scratches_46,/content/steel_defect_project/raw/NEU-DET/IMAGES/scratches_46.jpg,200,200,5,[5],48df522fe88b3cff732f1b8382f8c85f387d4bfd32049bd2f4092bebecc2c515,train,/content/steel_defect_project/dataset/split_0743b20802d2/images/train/scratches_46.jpg,1
scratches_47,/content/steel_defect_project/raw/NEU-DET/IMAGES/scratches_47.jpg,200,200,5,[5],fb65be4c3524151276dda13af0ee86184d9492b2434b09efe05f40fe712fe21e,train,/content/steel_defect_project/dataset/split_0743b20802d2/images/train/scratches_47.jpg,1
scratches_48,/content/steel_defect_project/raw/NEU-DET/IMAGES/scratches_48.jpg,200,200,5,"[1, 5]",36b27046d5649c51623c21b13dd559eadb352f99658fab33e8faebe9c9bf7163,val,/content/steel_defect_project/dataset/split_0743b20802d2/images/val/scratches_48.jpg,2
scratches_49,/content/steel_defect_project/raw/NEU-DET/IMAGES/scratches_49.jpg,200,200,5,[5],7f19be2e95cde712244a957b67a76b946d61522a255435f316ae98b6551d09f8,train,/content/steel_defect_project/dataset/split_0743b20802d2/images/train/scratches_49.jpg,1
scratches_5,/content/steel_defect_project/raw/NEU-DET/IMAGES/scratches_5.jpg,200,200,5,[5],046199da4cb0be794297b2679725bf8d2bb7581b7b7179b1c655aabba996b01c,train,/content/steel_defect_project/dataset/split_0743b20802d2/images/train/scratches_5.jpg,1
scratches_50,/content/steel_defect_project/raw/NEU-DET/IMAGES/scratches_50.jpg,200,200,5,[5],edf9f304f0ec5270a35d75a79e1712f322e8856c4cae6777a230728d39419f0e,test,/content/steel_defect_project/dataset/split_0743b20802d2/images/test/scratches_50.jpg,1
scratches_51,/content/steel_defect_project/raw/NEU-DET/IMAGES/scratches_51.jpg,200,200,5,[5],93c1373309bb56775554b89f4faa5606ec7f543ddac087bd7dfb150225b8dbe2,train,/content/steel_defect_project/dataset/split_0743b20802d2/images/train/scratches_51.jpg,1
scratches_52,/content/steel_defect_project/raw/NEU-DET/IMAGES/scratches_52.jpg,200,200,5,[5],a6c953f54487ac5262c5729165dda7b94c987f1ccc2f889c51a1ba87b64ffa81,train,/content/steel_defect_project/dataset/split_0743b20802d2/images/train/scratches_52.jpg,1
scratches_53,/content/steel_defect_project/raw/NEU-DET/IMAGES/scratches_53.jpg,200,200,5,[5],d4f61c1a51d3317c26442cc31050dad20aa39f0188c9e9d934ca614b3787d2e8,train,/content/steel_defect_project/dataset/split_0743b20802d2/images/train/scratches_53.jpg,1
scratches_54,/content/steel_defect_project/raw/NEU-DET/IMAGES/scratches_54.jpg,200,200,5,[5],88cf7c5043c4447477339aee205235168b889d902801bb9c278a0371097a791f,train,/content/steel_defect_project/dataset/split_0743b20802d2/images/train/scratches_54.jpg,1
scratches_55,/content/steel_defect_project/raw/NEU-DET/IMAGES/scratches_55.jpg,200,200,5,[5],23ec76cc38f052d77ddc7b9734e80d0ecab65ffdb0ecf7e1af859f48e67f4c19,train,/content/steel_defect_project/dataset/split_0743b20802d2/images/train/scratches_55.jpg,1
scratches_56,/content/steel_defect_project/raw/NEU-DET/IMAGES/scratches_56.jpg,200,200,5,[5],27daab1b1c790c5d62b414dc4f147c8e81970bcfc3ffd08315e305fd7f02d9e1,train,/content/steel_defect_project/dataset/split_0743b20802d2/images/train/scratches_56.jpg,1
scratches_57,/content/steel_defect_project/raw/NEU-DET/IMAGES/scratches_57.jpg,200,200,5,[5],1a33290783c1ad6697c369c25bf1e09eeda0ecc62aec5f6379e127f671c86981,train,/content/steel_defect_project/dataset/split_0743b20802d2/images/train/scratches_57.jpg,1
scratches_58,/content/steel_defect_project/raw/NEU-DET/IMAGES/scratches_58.jpg,200,200,5,[5],af980b1602f6982fbbc71b8e888af68d67772dc718276b22ff87def6bf3489a2,train,/content/steel_defect_project/dataset/split_0743b20802d2/images/train/scratches_58.jpg,1
scratches_59,/content/steel_defect_project/raw/NEU-DET/IMAGES/scratches_59.jpg,200,200,5,[5],ea153ddc2ae5c5d95c5c2aea907af93c3a1d834dcbc1bea95850e48410182c4a,train,/content/steel_defect_project/dataset/split_0743b20802d2/images/train/scratches_59.jpg,1
scratches_6,/content/steel_defect_project/raw/NEU-DET/IMAGES/scratches_6.jpg,200,200,5,[5],60d6d3d0b7e4943e6a5d780cbaf9b616e96fe733747dbddad752e2275588bfc1,train,/content/steel_defect_project/dataset/split_0743b20802d2/images/train/scratches_6.jpg,3
scratches_60,/content/steel_defect_project/raw/NEU-DET/IMAGES/scratches_60.jpg,200,200,5,[5],40429cf5e308deec5f7378e80103a8d27ceb3149e40229cc261c690dc4a41354,train,/content/steel_defect_project/dataset/split_0743b20802d2/images/train/scratches_60.jpg,1
scratches_61,/content/steel_defect_project/raw/NEU-DET/IMAGES/scratches_61.jpg,200,200,5,[5],848083ee5654a66883e12d6f71803fd5d57de70fa9e721d823ac145c2e90b70f,train,/content/steel_defect_project/dataset/split_0743b20802d2/images/train/scratches_61.jpg,1
scratches_62,/content/steel_defect_project/raw/NEU-DET/IMAGES/scratches_62.jpg,200,200,5,[5],9265f47426dcc95482ac8c9caffd2e2cdf911e155dcabd9926e7feb1e9c1c75f,test,/content/steel_defect_project/dataset/split_0743b20802d2/images/test/scratches_62.jpg,1
scratches_63,/content/steel_defect_project/raw/NEU-DET/IMAGES/scratches_63.jpg,200,200,5,[5],f24d0293ae5a9a3fb00d4961e3bb54a90a0298b164454e23d8ce288cefa5c2fe,val,/content/steel_defect_project/dataset/split_0743b20802d2/images/val/scratches_63.jpg,1
scratches_64,/content/steel_defect_project/raw/NEU-DET/IMAGES/scratches_64.jpg,200,200,5,[5],3ff8ace7049b7a654457a461f013d5b8f57263777e38f0d470b2ebf53dc122d1,train,/content/steel_defect_project/dataset/split_0743b20802d2/images/train/scratches_64.jpg,1
scratches_65,/content/steel_defect_project/raw/NEU-DET/IMAGES/scratches_65.jpg,200,200,5,[5],02f5e20fdb3c79b5525da35bfc47f56b4a22c238d2b28da88efb6bf6f73ede9f,test,/content/steel_defect_project/dataset/split_0743b20802d2/images/test/scratches_65.jpg,1
scratches_66,/content/steel_defect_project/raw/NEU-DET/IMAGES/scratches_66.jpg,200,200,5,[5],7bf0abe61edb63061305699394105f23c18fe0cf21d91d6e3652ccc13c3679ad,train,/content/steel_defect_project/dataset/split_0743b20802d2/images/train/scratches_66.jpg,3
scratches_67,/content/steel_defect_project/raw/NEU-DET/IMAGES/scratches_67.jpg,200,200,5,[5],93352e3d691bd04a71c8a4a9cee5b400c5974456ca5bc130d1c116ddfca9cf5c,train,/content/steel_defect_project/dataset/split_0743b20802d2/images/train/scratches_67.jpg,2
scratches_68,/content/steel_defect_project/raw/NEU-DET/IMAGES/scratches_68.jpg,200,200,5,[5],33cf8e0353a92bdd229dfa245c064434526dfd7d659a6ee25c5837d68448d041,val,/content/steel_defect_project/dataset/split_0743b20802d2/images/val/scratches_68.jpg,3
scratches_69,/content/steel_defect_project/raw/NEU-DET/IMAGES/scratches_69.jpg,200,200,5,"[1, 5]",798606c07e541ddc51a046d18131d8fb7e67a6358455a2cc08d67e68bed44401,val,/content/steel_defect_project/dataset/split_0743b20802d2/images/val/scratches_69.jpg,2
scratches_7,/content/steel_defect_project/raw/NEU-DET/IMAGES/scratches_7.jpg,200,200,5,"[1, 5]",e3cacfa2ca17ea3cc9d29d334d540c14093547ba326af1d5f14d034159ca0839,train,/content/steel_defect_project/dataset/split_0743b20802d2/images/train/scratches_7.jpg,4
scratches_70,/content/steel_defect_project/raw/NEU-DET/IMAGES/scratches_70.jpg,200,200,5,[5],cb9551d8aa542d1eef2a331032c2270fce9c1c790476fc60195658d59bcb3cf9,train,/content/steel_defect_project/dataset/split_0743b20802d2/images/train/scratches_70.jpg,2
scratches_71,/content/steel_defect_project/raw/NEU-DET/IMAGES/scratches_71.jpg,200,200,5,[5],c3cf67ea8171a62807586a2c1eccf4dbca12995c1139d9eb43a732ec136a9983,train,/content/steel_defect_project/dataset/split_0743b20802d2/images/train/scratches_71.jpg,1
scratches_72,/content/steel_defect_project/raw/NEU-DET/IMAGES/scratches_72.jpg,200,200,5,[5],2bebedf79df3aa367bf5296f6958105560ac7c18ca4eb0152d2fcd6cab84b973,train,/content/steel_defect_project/dataset/split_0743b20802d2/images/train/scratches_72.jpg,1
scratches_73,/content/steel_defect_project/raw/NEU-DET/IMAGES/scratches_73.jpg,200,200,5,[5],355dad4d3aac0cfc963070c1cd7b2f5a9fa6b61764e94f17a4f83d014e484055,test,/content/steel_defect_project/dataset/split_0743b20802d2/images/test/scratches_73.jpg,1
scratches_74,/content/steel_defect_project/raw/NEU-DET/IMAGES/scratches_74.jpg,200,200,5,[5],2c1674ff5471c188ef83693ff667d55e9e5f0d847a349834588f2db1e1e0a53c,val,/content/steel_defect_project/dataset/split_0743b20802d2/images/val/scratches_74.jpg,2
scratches_75,/content/steel_defect_project/raw/NEU-DET/IMAGES/scratches_75.jpg,200,200,5,[5],556ae6db00d0502961d133b60460c988bcfcd11aa4cee09f24d0ef6cc91ebcbf,train,/content/steel_defect_project/dataset/split_0743b20802d2/images/train/scratches_75.jpg,3
scratches_76,/content/steel_defect_project/raw/NEU-DET/IMAGES/scratches_76.jpg,200,200,5,[5],3bd96ac8645bb6db0d048650238dd982b71b6649c22838821e3366c116d7711d,train,/content/steel_defect_project/dataset/split_0743b20802d2/images/train/scratches_76.jpg,1
scratches_77,/content/steel_defect_project/raw/NEU-DET/IMAGES/scratches_77.jpg,200,200,5,[5],ea76f22dae1cee7343f3572cdcc03037f61047e99945f909b44683a1e592512e,val,/content/steel_defect_project/dataset/split_0743b20802d2/images/val/scratches_77.jpg,2
scratches_78,/content/steel_defect_project/raw/NEU-DET/IMAGES/scratches_78.jpg,200,200,5,[5],2bb3c276c469ebd0c12b9b0f8e626bc1b58afcb0d336f013c183ee989269ab10,val,/content/steel_defect_project/dataset/split_0743b20802d2/images/val/scratches_78.jpg,3
scratches_79,/content/steel_defect_project/raw/NEU-DET/IMAGES/scratches_79.jpg,200,200,5,[5],9d3575abc7d05e7d2693ed5d36c91526083ddc415b23bdeccdfa33949deadaeb,train,/content/steel_defect_project/dataset/split_0743b20802d2/images/train/scratches_79.jpg,2
scratches_8,/content/steel_defect_project/raw/NEU-DET/IMAGES/scratches_8.jpg,200,200,5,[5],74d96544ecd099174514167165890dce7f872c692471127993bb0405d30b98ff,train,/content/steel_defect_project/dataset/split_0743b20802d2/images/train/scratches_8.jpg,2
scratches_80,/content/steel_defect_project/raw/NEU-DET/IMAGES/scratches_80.jpg,200,200,5,[5],432713725ebc1cec0969e9e601cab2250b7b7c5ca74f863598ce59bcf78876ea,train,/content/steel_defect_project/dataset/split_0743b20802d2/images/train/scratches_80.jpg,1
scratches_81,/content/steel_defect_project/raw/NEU-DET/IMAGES/scratches_81.jpg,200,200,5,[5],991aaba8aeb05b2cc5e6f8cc13f125853f4e67dd938479659d91d0742d1c6e95,train,/content/steel_defect_project/dataset/split_0743b20802d2/images/train/scratches_81.jpg,2
scratches_82,/content/steel_defect_project/raw/NEU-DET/IMAGES/scratches_82.jpg,200,200,5,[5],88192f584f274c063b4b764e95747a507a0145cafd871515c923ba7ee6c83135,train,/content/steel_defect_project/dataset/split_0743b20802d2/images/train/scratches_82.jpg,3
scratches_83,/content/steel_defect_project/raw/NEU-DET/IMAGES/scratches_83.jpg,200,200,5,[5],9a381d0214dc4ed28d0c9946e8b0f2bc275df6c9fd044c45272a25e620c673da,train,/content/steel_defect_project/dataset/split_0743b20802d2/images/train/scratches_83.jpg,2
scratches_84,/content/steel_defect_project/raw/NEU-DET/IMAGES/scratches_84.jpg,200,200,5,[5],ffb394da4c0c9e38cfb2ae4751614726cd38ba697c845f0537c5232e4e12240c,train,/content/steel_defect_project/dataset/split_0743b20802d2/images/train/scratches_84.jpg,1
scratches_85,/content/steel_defect_project/raw/NEU-DET/IMAGES/scratches_85.jpg,200,200,5,[5],126641f2082f9ed653b2da0773e2010bd08336d3a4717ed8c87432eecbde0dc3,test,/content/steel_defect_project/dataset/split_0743b20802d2/images/test/scratches_85.jpg,2
scratches_86,/content/steel_defect_project/raw/NEU-DET/IMAGES/scratches_86.jpg,200,200,5,[5],34ae4275c3aee6d0a10233490cb593df9c6efdbe9161ab1c19cb8c818cca301b,train,/content/steel_defect_project/dataset/split_0743b20802d2/images/train/scratches_86.jpg,3
scratches_87,/content/steel_defect_project/raw/NEU-DET/IMAGES/scratches_87.jpg,200,200,5,[5],93145bb89917fe5cf8677c523a109ce8934f635ff9f8a94a85ea77ca2173a435,train,/content/steel_defect_project/dataset/split_0743b20802d2/images/train/scratches_87.jpg,1
scratches_88,/content/steel_defect_project/raw/NEU-DET/IMAGES/scratches_88.jpg,200,200,5,[5],7ddabe688c011f8a1e18a63e665c46ebf0835c571bfd6042184547651cfefd73,test,/content/steel_defect_project/dataset/split_0743b20802d2/images/test/scratches_88.jpg,2
scratches_89,/content/steel_defect_project/raw/NEU-DET/IMAGES/scratches_89.jpg,200,200,5,[5],d6cdaf92f87cc3768c34440212ba96cf059d4c69dacf7912206c29d12a82994d,val,/content/steel_defect_project/dataset/split_0743b20802d2/images/val/scratches_89.jpg,2
scratches_9,/content/steel_defect_project/raw/NEU-DET/IMAGES/scratches_9.jpg,200,200,5,[5],c9603ad52347db815fadc5927a611a5812510cedd9b5a9a7ef748b9c502a39a8,test,/content/steel_defect_project/dataset/split_0743b20802d2/images/test/scratches_9.jpg,2
scratches_90,/content/steel_defect_project/raw/NEU-DET/IMAGES/scratches_90.jpg,200,200,5,[5],16c81c9813e60221a9c5c2d2e027473ec559d06603602c411617d2a50b0c11ca,train,/content/steel_defect_project/dataset/split_0743b20802d2/images/train/scratches_90.jpg,2
scratches_91,/content/steel_defect_project/raw/NEU-DET/IMAGES/scratches_91.jpg,200,200,5,[5],523001f96307464b93498c800a81d83bd97e72e33e12507ac813223ed8116731,train,/content/steel_defect_project/dataset/split_0743b20802d2/images/train/scratches_91.jpg,1
scratches_92,/content/steel_defect_project/raw/NEU-DET/IMAGES/scratches_92.jpg,200,200,5,"[1, 5]",d8d51dc494dd47ab271031504c1bbcb7b7572444dca87419c799856e5cdddbc7,train,/content/steel_defect_project/dataset/split_0743b20802d2/images/train/scratches_92.jpg,3
scratches_93,/content/steel_defect_project/raw/NEU-DET/IMAGES/scratches_93.jpg,200,200,5,[5],3d5554d9a126d8471bea8f1944e2de1e0247384c53a31c1265fd52fe18683877,train,/content/steel_defect_project/dataset/split_0743b20802d2/images/train/scratches_93.jpg,2
scratches_94,/content/steel_defect_project/raw/NEU-DET/IMAGES/scratches_94.jpg,200,200,5,"[1, 5]",342ef311b97aa6fbb7a6eb16ff75fe159ea632192489cd835f7e8e04c3a63443,train,/content/steel_defect_project/dataset/split_0743b20802d2/images/train/scratches_94.jpg,5
scratches_95,/content/steel_defect_project/raw/NEU-DET/IMAGES/scratches_95.jpg,200,200,5,[5],f7a7e97ae6595aab80ed8a6462e3b07a31b21b5a021b93c1d89fcdce27064dd7,train,/content/steel_defect_project/dataset/split_0743b20802d2/images/train/scratches_95.jpg,1
scratches_96,/content/steel_defect_project/raw/NEU-DET/IMAGES/scratches_96.jpg,200,200,5,[5],4d503da2592d214433a097518aeffd37d8604ec137ea6dd5142b98f2bcf49738,train,/content/steel_defect_project/dataset/split_0743b20802d2/images/train/scratches_96.jpg,1
scratches_97,/content/steel_defect_project/raw/NEU-DET/IMAGES/scratches_97.jpg,200,200,5,"[1, 5]",3bbd17e236b3946a87f7f732e2898bfdeed6cff16eb21d28d947277f4a306ddc,train,/content/steel_defect_project/dataset/split_0743b20802d2/images/train/scratches_97.jpg,3
scratches_98,/content/steel_defect_project/raw/NEU-DET/IMAGES/scratches_98.jpg,200,200,5,[5],5ce751158da84aeed12c546afdc65b81865628659402934455d014c7abebbe60,train,/content/steel_defect_project/dataset/split_0743b20802d2/images/train/scratches_98.jpg,1
scratches_99,/content/steel_defect_project/raw/NEU-DET/IMAGES/scratches_99.jpg,200,200,5,[5],adab4a1d1fd54ff8525b3e9fcc3bfde8868f47a7935cb085149aa059641be2f2,train,/content/steel_defect_project/dataset/split_0743b20802d2/images/train/scratches_99.jpg,1
